ISO-10303-21;
HEADER;
FILE_DESCRIPTION (( 'STEP AP214' ),
    '1' );
FILE_NAME ('Multi-port Flanged Manifold STEP.STEP',
    '2026-08-17T13:54:40',
    ( '' ),
    ( '' ),
    'SwSTEP 2.0',
    'SolidWorks 2025',
    '' );
FILE_SCHEMA (( 'AUTOMOTIVE_DESIGN' ));
ENDSEC;

DATA;
#1 = ORIENTED_EDGE ( 'NONE', *, *, #1129, .T. ) ;
#3 = ADVANCED_FACE ( 'NONE', ( #1121 ), #1664, .F. ) ;
#2 = CARTESIAN_POINT ( 'NONE',  ( 12.81759277588121471, 56.52076677316293996, 23.21584927018070132 ) ) ;
#4 = CARTESIAN_POINT ( 'NONE',  ( 28.97497668942309090, 29.48925753886685186, 14.72671503949881355 ) ) ;
#5 = AXIS2_PLACEMENT_3D ( 'NONE', #292, #3996, #2470 ) ;
#6 = EDGE_LOOP ( 'NONE', ( #667, #1168, #461, #589 ) ) ;
#7 = CARTESIAN_POINT ( 'NONE',  ( -0.8681113304742875680, 86.96764718754002388, 1.599461278786355800 ) ) ;
#8 = CARTESIAN_POINT ( 'NONE',  ( 12.33478067921890364, 34.26315789473684248, 30.06830865871188152 ) ) ;
#9 = CARTESIAN_POINT ( 'NONE',  ( -2.791806510464194258, 86.62820527930809078, 5.184305297419805392 ) ) ;
#10 = ORIENTED_EDGE ( 'NONE', *, *, #1251, .T. ) ;
#11 = FACE_OUTER_BOUND ( 'NONE', #3919, .T. ) ;
#12 = CARTESIAN_POINT ( 'NONE',  ( -29.74604136646881614, 45.12874188265711695, 13.10047126817496910 ) ) ;
#13 = CARTESIAN_POINT ( 'NONE',  ( -48.84233198363151018, 70.90395092580929770, 35.90993114956516763 ) ) ;
#14 = CARTESIAN_POINT ( 'NONE',  ( 3.338343158732559157, 29.57006580222334335, 37.16605622998502412 ) ) ;
#15 = EDGE_CURVE ( 'NONE', #1766, #437, #3333, .T. ) ;
#16 = CARTESIAN_POINT ( 'NONE',  ( 24.96881506481329538, 59.74369459472360688, 47.99581715014788585 ) ) ;
#17 = CARTESIAN_POINT ( 'NONE',  ( -25.95134041189639618, 57.90153213219573303, -4.776424157946794757 ) ) ;
#18 = CARTESIAN_POINT ( 'NONE',  ( -17.26869295090646972, 51.36842105263158231, 27.53256696654551661 ) ) ;
#19 = CARTESIAN_POINT ( 'NONE',  ( -32.36267363887630211, 57.00000000000000000, -2.984519214811831578 ) ) ;
#20 = CARTESIAN_POINT ( 'NONE',  ( -29.81746586103765395, 67.10497534723840829, -3.900845832069892882 ) ) ;
#21 = ORIENTED_EDGE ( 'NONE', *, *, #129, .F. ) ;
#22 = DIRECTION ( 'NONE',  ( 0.000000000000000000, 0.000000000000000000, -1.000000000000000000 ) ) ;
#23 = CARTESIAN_POINT ( 'NONE',  ( 30.69261509328564941, 32.65950502594632354, 19.73241382427768897 ) ) ;
#24 = ORIENTED_EDGE ( 'NONE', *, *, #503, .T. ) ;
#25 = CARTESIAN_POINT ( 'NONE',  ( -3.878014924691702614, 86.23130077780822944, 7.276830454471895138 ) ) ;
#26 = CARTESIAN_POINT ( 'NONE',  ( 16.84418125180872394, 57.15511349982399025, 40.66545082519304799 ) ) ;
#27 = CARTESIAN_POINT ( 'NONE',  ( -7.402818524895293351, 84.69794685468571060, 9.515032724185028101 ) ) ;
#28 = VERTEX_POINT ( 'NONE', #538 ) ;
#29 = CARTESIAN_POINT ( 'NONE',  ( -19.97451349520753183, 50.51545096773753585, 25.64761865333241886 ) ) ;
#30 = CARTESIAN_POINT ( 'NONE',  ( -5.144520510130758950, 63.46301475981548634, 24.47780820896871035 ) ) ;
#31 = CARTESIAN_POINT ( 'NONE',  ( 33.94112549695434211, 77.00000000000000000, 41.01219330881971104 ) ) ;
#32 = CARTESIAN_POINT ( 'NONE',  ( 10.07504243278120803, 29.48925753886548407, 30.90176257084489464 ) ) ;
#33 = EDGE_CURVE ( 'NONE', #3901, #3020, #3065, .T. ) ;
#34 = CARTESIAN_POINT ( 'NONE',  ( -17.41528501607681179, 74.36693269990836086, 2.437471945717152533 ) ) ;
#35 = CARTESIAN_POINT ( 'NONE',  ( -10.88359942739343822, 30.75966760119102261, 30.62637711022860998 ) ) ;
#36 = CARTESIAN_POINT ( 'NONE',  ( 17.82326951104121804, 35.84210526315791157, 31.24174191523266941 ) ) ;
#37 = VECTOR ( 'NONE', #2583, 1000.000000000000000 ) ;
#38 = CARTESIAN_POINT ( 'NONE',  ( 10.05866199737699596, 85.41558528218554613, 17.73316238577640647 ) ) ;
#39 = CARTESIAN_POINT ( 'NONE',  ( -28.55137566005659622, 69.87283297226267109, -3.387899751987412333 ) ) ;
#40 = ORIENTED_EDGE ( 'NONE', *, *, #807, .T. ) ;
#41 = CARTESIAN_POINT ( 'NONE',  ( 41.01219330881981762, 77.00000000000000000, 33.94112549695420000 ) ) ;
#42 = CARTESIAN_POINT ( 'NONE',  ( 28.27272524218830796, 33.59358873848994165, 16.33330842443514186 ) ) ;
#43 = EDGE_LOOP ( 'NONE', ( #649, #1861, #1950, #1047, #939, #2883, #1920, #664, #2354, #2201, #3441 ) ) ;
#44 = CARTESIAN_POINT ( 'NONE',  ( 31.90897786766390354, 57.00000000000000000, 6.169856679124345433 ) ) ;
#45 = CARTESIAN_POINT ( 'NONE',  ( -26.87975011782769386, 80.15789473684210975, -40.29822252201911681 ) ) ;
#46 = CARTESIAN_POINT ( 'NONE',  ( -7.344628323325406605, 26.59900910230600601, 31.66403018448593798 ) ) ;
#47 = CARTESIAN_POINT ( 'NONE',  ( -10.47602240477907820, 81.71724459798942064, 14.39990208797454940 ) ) ;
#48 = ORIENTED_EDGE ( 'NONE', *, *, #3171, .T. ) ;
#49 = EDGE_CURVE ( 'NONE', #1346, #2452, #1160, .T. ) ;
#50 = CARTESIAN_POINT ( 'NONE',  ( 14.78519188968291509, 51.75730622985502549, 45.67572663226619767 ) ) ;
#51 = CARTESIAN_POINT ( 'NONE',  ( 10.79059193588346233, 30.62633188712632659, 30.65700392464021462 ) ) ;
#52 = DIRECTION ( 'NONE',  ( -0.6709236202095755219, -0.3157894736842114525, 0.6709236202095779644 ) ) ;
#53 = CARTESIAN_POINT ( 'NONE',  ( 33.22356168577722713, 57.99999999997204014, 10.59614468780761776 ) ) ;
#54 = DIRECTION ( 'NONE',  ( 0.7071067811865487940, -0.000000000000000000, 0.7071067811865463515 ) ) ;
#55 = CARTESIAN_POINT ( 'NONE',  ( -14.91999894235683577, 63.83764898621992501, 27.55215787062441635 ) ) ;
#56 = CARTESIAN_POINT ( 'NONE',  ( -1.495576011179689413, 50.64750077071618506, 26.47780850368535610 ) ) ;
#57 = CARTESIAN_POINT ( 'NONE',  ( 6.614677551225850216, 86.35605756125646337, 11.66150638882005630 ) ) ;
#58 = CARTESIAN_POINT ( 'NONE',  ( -26.26810108204824701, 75.87682114720246318, 1.823502457606783533 ) ) ;
#59 = ORIENTED_EDGE ( 'NONE', *, *, #855, .F. ) ;
#60 = CARTESIAN_POINT ( 'NONE',  ( 55.15432893255080415, 0.000000000000000000, 55.15432893255061231 ) ) ;
#61 = LINE ( 'NONE', #1045, #1173 ) ;
#62 = CIRCLE ( 'NONE', #2348, 7.500000000000007994 ) ;
#63 = ORIENTED_EDGE ( 'NONE', *, *, #1993, .T. ) ;
#64 = AXIS2_PLACEMENT_3D ( 'NONE', #1529, #3433, #1801 ) ;
#65 = CARTESIAN_POINT ( 'NONE',  ( -8.673617379884035472E-16, 39.00000000000000711, 78.00000000000000000 ) ) ;
#66 = CARTESIAN_POINT ( 'NONE',  ( 14.23243924525258919, 81.73684210526316463, 34.36014785153980000 ) ) ;
#67 = CARTESIAN_POINT ( 'NONE',  ( 24.26835627795215800, 60.38722197647604162, 46.64937392614412204 ) ) ;
#68 = ADVANCED_BREP_SHAPE_REPRESENTATION ( 'Multi-port Flanged Manifold STEP', ( #3991, #745 ), #420 ) ;
#69 = CARTESIAN_POINT ( 'NONE',  ( 10.79315410690507981, 39.76272546369249739, 34.15891520115860658 ) ) ;
#70 = EDGE_CURVE ( 'NONE', #2905, #1832, #2920, .T. ) ;
#71 = CARTESIAN_POINT ( 'NONE',  ( -4.766889773019440391, 85.79816888277004239, 9.050558796136282780 ) ) ;
#72 = ORIENTED_EDGE ( 'NONE', *, *, #2630, .F. ) ;
#73 = CARTESIAN_POINT ( 'NONE',  ( -22.57970583944495147, 47.71760294238698918, 23.37891778751082228 ) ) ;
#74 = CARTESIAN_POINT ( 'NONE',  ( -4.384389238509389664, 64.08991038944205343, 24.38532283619121088 ) ) ;
#75 = FACE_OUTER_BOUND ( 'NONE', #212, .T. ) ;
#76 = DIRECTION ( 'NONE',  ( 0.000000000000000000, -0.000000000000000000, -1.000000000000000000 ) ) ;
#77 = EDGE_CURVE ( 'NONE', #421, #1561, #3969, .T. ) ;
#78 = PLANE ( 'NONE',  #3067 ) ;
#79 = DIRECTION ( 'NONE',  ( 0.000000000000000000, 0.000000000000000000, -1.000000000000000000 ) ) ;
#80 = CARTESIAN_POINT ( 'NONE',  ( 0.000000000000000000, 54.39583333333332149, 0.000000000000000000 ) ) ;
#81 = CARTESIAN_POINT ( 'NONE',  ( -32.91726810290074923, 58.00317986125114089, -1.139094995556669376 ) ) ;
#82 = CARTESIAN_POINT ( 'NONE',  ( -21.61821050880541506, 78.64746927125251830, 2.772163517320377579 ) ) ;
#83 = ORIENTED_EDGE ( 'NONE', *, *, #3580, .T. ) ;
#84 = CARTESIAN_POINT ( 'NONE',  ( 1.629035377615802399E-15, 80.99999999999998579, 0.000000000000000000 ) ) ;
#85 = CARTESIAN_POINT ( 'NONE',  ( 15.51670174253361445, 35.42405402508312307, 28.73840632328277067 ) ) ;
#86 = ORIENTED_EDGE ( 'NONE', *, *, #3252, .F. ) ;
#87 = DIRECTION ( 'NONE',  ( 1.000000000000000000, 0.000000000000000000, 0.000000000000000000 ) ) ;
#88 = LINE ( 'NONE', #1291, #1234 ) ;
#89 = CARTESIAN_POINT ( 'NONE',  ( 15.98345335475697127, 58.82645211936405616, 50.64605419467944358 ) ) ;
#90 = DIRECTION ( 'NONE',  ( 0.000000000000000000, 0.000000000000000000, 1.000000000000000000 ) ) ;
#91 = B_SPLINE_CURVE_WITH_KNOTS ( 'NONE', 3,
 ( #2168, #3466, #3113, #3655, #3349, #832 ),
 .UNSPECIFIED., .F., .F.,
 ( 4, 2, 4 ),
 ( 0.02506922192678818356, 0.02581211934755031634, 0.02655501676831244912 ),
 .UNSPECIFIED. ) ;
#92 = CARTESIAN_POINT ( 'NONE',  ( -12.96351891664116174, 75.07404119347322080, 21.62230882564826828 ) ) ;
#93 = ORIENTED_EDGE ( 'NONE', *, *, #902, .F. ) ;
#94 = CARTESIAN_POINT ( 'NONE',  ( -28.09651700164856791, 51.28162649463708078, 23.55041584461544346 ) ) ;
#95 = CARTESIAN_POINT ( 'NONE',  ( 0.000000000000000000, 58.00000000000000711, 8.999999999999994671 ) ) ;
#96 = CARTESIAN_POINT ( 'NONE',  ( -5.000000000000005329, 39.00000000000000711, 78.00000000000000000 ) ) ;
#97 =( LENGTH_UNIT ( ) NAMED_UNIT ( * ) SI_UNIT ( .MILLI., .METRE. ) );
#98 = CARTESIAN_POINT ( 'NONE',  ( -26.50055634450534114, 52.51333234962530838, 1.133139290007520339 ) ) ;
#99 = CARTESIAN_POINT ( 'NONE',  ( -12.33478067921891075, 34.26315789473686380, 30.06830865871187797 ) ) ;
#100 = CARTESIAN_POINT ( 'NONE',  ( -1.705498188537132087, 50.69330496971027600, 26.46509649171252576 ) ) ;
#101 = EDGE_CURVE ( 'NONE', #3610, #1889, #1016, .T. ) ;
#102 = CARTESIAN_POINT ( 'NONE',  ( 7.409266717099497690, 83.73600923859052614, 26.83132829348516779 ) ) ;
#103 = CARTESIAN_POINT ( 'NONE',  ( -28.01694353501396151, 73.33569103329523386, -0.7135747668826343260 ) ) ;
#104 = EDGE_LOOP ( 'NONE', ( #3509, #1804 ) ) ;
#105 = CIRCLE ( 'NONE', #1084, 5.000000000000001776 ) ;
#106 = CARTESIAN_POINT ( 'NONE',  ( 0.000000000000000000, 77.00000000000000000, 78.00000000000000000 ) ) ;
#107 = CARTESIAN_POINT ( 'NONE',  ( -18.03376413812289414, 60.88726448774402655, 27.03779876384571779 ) ) ;
#108 = EDGE_CURVE ( 'NONE', #1889, #3076, #631, .T. ) ;
#109 = AXIS2_PLACEMENT_3D ( 'NONE', #2447, #2122, #3699 ) ;
#110 = ORIENTED_EDGE ( 'NONE', *, *, #3503, .F. ) ;
#111 = CARTESIAN_POINT ( 'NONE',  ( 12.43721155186544358, 34.61827305196532478, 30.02608480661680801 ) ) ;
#112 = DIRECTION ( 'NONE',  ( -0.2232968782694358945, -0.9488292830168391090, 0.2232968782694366439 ) ) ;
#113 = CARTESIAN_POINT ( 'NONE',  ( 15.62616790108045350, 54.53926583272316719, 49.51393974805181131 ) ) ;
#114 = CARTESIAN_POINT ( 'NONE',  ( -11.98918996286828076, 79.13373151965861041, 17.59114824623932805 ) ) ;
#115 = ORIENTED_EDGE ( 'NONE', *, *, #2269, .F. ) ;
#116 = CARTESIAN_POINT ( 'NONE',  ( -31.83686008477707574, 47.45817549131400170, 6.545666519404724326 ) ) ;
#117 = CARTESIAN_POINT ( 'NONE',  ( -7.488202542686505758, 58.48665788552600731, 25.19989868524307397 ) ) ;
#118 = CARTESIAN_POINT ( 'NONE',  ( -17.36519375030896839, 57.51643145820098368, 27.63281794879290842 ) ) ;
#119 = CARTESIAN_POINT ( 'NONE',  ( -22.61988755135383045, 50.69666439021598592, 13.84564093986203481 ) ) ;
#120 = CARTESIAN_POINT ( 'NONE',  ( -28.85638563586925187, 71.83047256928108482, -1.569995809073470028 ) ) ;
#121 = CARTESIAN_POINT ( 'NONE',  ( 8.047530773344551136, 85.97215357389166002, 1.691427274735657127 ) ) ;
#122 = CARTESIAN_POINT ( 'NONE',  ( 14.36570654408842884, 83.34058116727190679, 25.32637114152029767 ) ) ;
#123 = CARTESIAN_POINT ( 'NONE',  ( -17.57676616073399600, 76.80336515225123151, 16.17739323330552992 ) ) ;
#124 = EDGE_CURVE ( 'NONE', #148, #1481, #1547, .T. ) ;
#125 = ORIENTED_EDGE ( 'NONE', *, *, #3426, .F. ) ;
#126 = CARTESIAN_POINT ( 'NONE',  ( -29.52694641645783946, 50.44567808406614517, 21.74178558405970563 ) ) ;
#127 = CARTESIAN_POINT ( 'NONE',  ( -15.16178337047021429, 63.11080473379026046, 31.78437259345663790 ) ) ;
#128 = ORIENTED_EDGE ( 'NONE', *, *, #2666, .T. ) ;
#129 = EDGE_CURVE ( 'NONE', #2635, #2594, #3589, .T. ) ;
#130 = CARTESIAN_POINT ( 'NONE',  ( 0.000000000000000000, 58.00000000000000711, 8.999999999999994671 ) ) ;
#131 = DIRECTION ( 'NONE',  ( 0.7071067811865487940, 0.000000000000000000, 0.7071067811865463515 ) ) ;
#132 =( BOUNDED_SURFACE ( )  B_SPLINE_SURFACE ( 3, 2, ( 
 ( #1096, #472, #833 ),
 ( #1756, #2342, #2685 ),
 ( #2308, #778, #181 ),
 ( #3596, #3328, #2365 ),
 ( #3943, #1135, #2382 ),
 ( #796, #3615, #2020 ),
 ( #2040, #815, #141 ),
 ( #1362, #3267, #161 ),
 ( #1401, #3284, #489 ),
 ( #1694, #1734, #1386 ),
 ( #1421, #533, #1776 ),
 ( #2627, #121, #2610 ),
 ( #3558, #758, #3888 ),
 ( #2002, #3245, #453 ),
 ( #890, #3712, #221 ),
 ( #2749, #1833, #3368 ) ),
 .UNSPECIFIED., .F., .F., .T. ) 
 B_SPLINE_SURFACE_WITH_KNOTS ( ( 4, 2, 2, 2, 2, 2, 2, 4 ),
 ( 3, 3 ),
 ( -8.673617379884035472E-19, 0.007099133131387165563, 0.008873916414233956954, 0.01064869969708074834, 0.01419826626277433113, 0.01774783282846791391, 0.02129739939416149669, 0.02839653252554866225 ),
 ( 0.000000000000000000, 1.000000000000000000 ),
 .UNSPECIFIED. ) 
 GEOMETRIC_REPRESENTATION_ITEM ( )  RATIONAL_B_SPLINE_SURFACE ( (
 ( 1.000000000000000000, 0.8912675120870076073, 1.000000000000000000),
 ( 1.000000000000000000, 0.9093970710635973509, 1.000000000000000000),
 ( 1.000000000000000000, 0.9250798447195180962, 1.000000000000000000),
 ( 1.000000000000000000, 0.9420383219320017654, 1.000000000000000000),
 ( 1.000000000000000000, 0.9452964744852114798, 1.000000000000000000),
 ( 1.000000000000000000, 0.9515493456625092605, 1.000000000000000000),
 ( 1.000000000000000000, 0.9545494698730101479, 1.000000000000000000),
 ( 1.000000000000000000, 0.9631188887381360031, 1.000000000000000000),
 ( 1.000000000000000000, 0.9682171922541125131, 1.000000000000000000),
 ( 1.000000000000000000, 0.9772707592768810070, 1.000000000000000000),
 ( 1.000000000000000000, 0.9812256512645446405, 1.000000000000000000),
 ( 1.000000000000000000, 0.9880281422470703623, 1.000000000000000000),
 ( 1.000000000000000000, 0.9908802139218207961, 1.000000000000000000),
 ( 1.000000000000000000, 0.9977353918892885032, 1.000000000000000000),
 ( 1.000000000000000000, 0.9999895188273940638, 1.000000000000000000),
 ( 1.000000000000000000, 1.000000000000000000, 1.000000000000000000) ) ) 
 REPRESENTATION_ITEM ( '' )  SURFACE ( )  );
#133 = CARTESIAN_POINT ( 'NONE',  ( -5.000000000000005329, 39.00000000000000711, 53.00000000000000000 ) ) ;
#134 = ORIENTED_EDGE ( 'NONE', *, *, #2424, .T. ) ;
#135 = AXIS2_PLACEMENT_3D ( 'NONE', #2411, #331, #1183 ) ;
#136 = CARTESIAN_POINT ( 'NONE',  ( -34.10280044854479797, 51.35193340403373696, 9.331485435977704412 ) ) ;
#137 = CARTESIAN_POINT ( 'NONE',  ( 6.519267119243405517, 61.74033204524670992, 24.73021784793805011 ) ) ;
#138 = CARTESIAN_POINT ( 'NONE',  ( 16.35927220820994421, 75.34650435335508689, 39.49477683561355690 ) ) ;
#139 = CARTESIAN_POINT ( 'NONE',  ( -26.31557310141942452, 56.00902847725147637, -3.302183285853883099 ) ) ;
#140 = CARTESIAN_POINT ( 'NONE',  ( -21.14729480630413150, 78.76318217255366960, 13.38222372700669283 ) ) ;
#141 = CARTESIAN_POINT ( 'NONE',  ( 15.21660322398021670, 83.15557523537255236, 2.152509843755040730 ) ) ;
#142 = CARTESIAN_POINT ( 'NONE',  ( 9.406089392589615628, 80.40488532785015252, 34.06246287072546863 ) ) ;
#143 = CARTESIAN_POINT ( 'NONE',  ( -20.36917830925806072, 78.40004301908730611, 8.825490153507239199 ) ) ;
#144 = ADVANCED_FACE ( 'NONE', ( #1527 ), #3452, .F. ) ;
#145 = ORIENTED_EDGE ( 'NONE', *, *, #2721, .F. ) ;
#146 = CARTESIAN_POINT ( 'NONE',  ( -23.89886497560361178, 55.40371513430223871, 27.42406006273470709 ) ) ;
#147 = CARTESIAN_POINT ( 'NONE',  ( 34.59636001628062019, 34.26315789473684248, 14.46865140999325305 ) ) ;
#148 = VERTEX_POINT ( 'NONE', #637 ) ;
#149 = CARTESIAN_POINT ( 'NONE',  ( 21.12197981182076134, 24.28134200885640581, 24.70305191678693291 ) ) ;
#150 = CARTESIAN_POINT ( 'NONE',  ( 17.37564610215950367, 32.06001069541158444, 27.62608481736267407 ) ) ;
#151 = ADVANCED_FACE ( 'NONE', ( #2446, #1875 ), #3122, .T. ) ;
#152 = CARTESIAN_POINT ( 'NONE',  ( -9.488292830168388647, 35.84210526315791157, -47.50200000000000244 ) ) ;
#153 = ORIENTED_EDGE ( 'NONE', *, *, #1397, .F. ) ;
#154 =( BOUNDED_CURVE ( )  B_SPLINE_CURVE ( 3, ( #2499, #361, #320, #1558 ),
 .UNSPECIFIED., .F., .F. ) 
 B_SPLINE_CURVE_WITH_KNOTS ( ( 4, 4 ),
 ( 1.960086412494429720, 2.072243870081828643 ),
 .UNSPECIFIED. ) 
 CURVE ( )  GEOMETRIC_REPRESENTATION_ITEM ( )  RATIONAL_B_SPLINE_CURVE ( ( 1.000000000000000000, 0.9989520000834108959, 0.9989520000834108959, 1.000000000000000000 ) ) 
 REPRESENTATION_ITEM ( '' )  );
#155 = CARTESIAN_POINT ( 'NONE',  ( -33.26428350701559822, 50.09166448659903637, 13.80496392719965471 ) ) ;
#156 = CARTESIAN_POINT ( 'NONE',  ( -15.34858003609318899, 62.54992306191923745, 31.33384600478558824 ) ) ;
#157 = CARTESIAN_POINT ( 'NONE',  ( -15.08391505024525081, 62.23796224115020692, 20.47317203640602301 ) ) ;
#158 = APPLICATION_PROTOCOL_DEFINITION ( 'draft international standard', 'automotive_design', 1998, #1594 ) ;
#159 = CARTESIAN_POINT ( 'NONE',  ( 20.50603275942017589, 63.94922503014645088, 14.00945198512065026 ) ) ;
#160 = DIRECTION ( 'NONE',  ( 0.7071067811865460184, 0.000000000000000000, -0.7071067811865487940 ) ) ;
#161 = CARTESIAN_POINT ( 'NONE',  ( 13.86430903070898424, 83.86561609995001731, 1.849879187339299014 ) ) ;
#162 = CARTESIAN_POINT ( 'NONE',  ( 6.880698529289547061, 31.73903794283988589, 36.05282728826453820 ) ) ;
#163 = CARTESIAN_POINT ( 'NONE',  ( -13.89593119812757394, 75.75883107169408959, 20.34981045572415326 ) ) ;
#164 = EDGE_CURVE ( 'NONE', #3680, #864, #2543, .T. ) ;
#165 = ADVANCED_FACE ( 'NONE', ( #1261 ), #3759, .F. ) ;
#166 = EDGE_LOOP ( 'NONE', ( #72, #3862 ) ) ;
#167 = DIRECTION ( 'NONE',  ( 0.7071067811865487940, 0.000000000000000000, 0.7071067811865463515 ) ) ;
#168 = CARTESIAN_POINT ( 'NONE',  ( -19.62732334005545098, 65.41653515712212652, 28.61523272277207397 ) ) ;
#169 = CARTESIAN_POINT ( 'NONE',  ( 66.46803743153554933, 58.00000000000000711, 43.84062043356582450 ) ) ;
#170 = EDGE_LOOP ( 'NONE', ( #2699, #10, #1943, #3498, #2358 ) ) ;
#171 = CARTESIAN_POINT ( 'NONE',  ( 29.53664653090562098, 31.56925120053911371, 13.55978523993694473 ) ) ;
#172 = CARTESIAN_POINT ( 'NONE',  ( 23.68993053567510998, 29.66036004564040240, 28.79748130690683183 ) ) ;
#173 = CIRCLE ( 'NONE', #1014, 5.000000000000001776 ) ;
#174 = CARTESIAN_POINT ( 'NONE',  ( -9.870778711586478238, 78.65507992024184603, 23.79531316611974034 ) ) ;
#175 = ORIENTED_EDGE ( 'NONE', *, *, #3526, .F. ) ;
#176 = CARTESIAN_POINT ( 'NONE',  ( -29.21740492515963084, 44.97462840518652172, 14.24134665729577165 ) ) ;
#177 = CARTESIAN_POINT ( 'NONE',  ( 7.263591943010522911, 59.93070463593226549, 24.99258349287801551 ) ) ;
#178 = CARTESIAN_POINT ( 'NONE',  ( 0.2169518382785434463, 50.49999999999998579, 26.51916932907349178 ) ) ;
#179 = EDGE_CURVE ( 'NONE', #1000, #303, #994, .T. ) ;
#180 = CARTESIAN_POINT ( 'NONE',  ( -23.83728005600078959, 78.25708484735419290, 6.501776960206957057 ) ) ;
#181 = CARTESIAN_POINT ( 'NONE',  ( 19.03728633691133254, 80.75104853396609883, 3.200260050373287868 ) ) ;
#182 = DIRECTION ( 'NONE',  ( 1.000000000000000000, 0.000000000000000000, 0.000000000000000000 ) ) ;
#183 = CARTESIAN_POINT ( 'NONE',  ( -20.84739495363331585, 78.62107607684561117, 14.29574238479538550 ) ) ;
#184 = CARTESIAN_POINT ( 'NONE',  ( 0.5105925434895333126, 29.00953348372163276, 37.49427158528599335 ) ) ;
#185 = CARTESIAN_POINT ( 'NONE',  ( -14.75883020419726677, 63.42167290384044520, 20.21120568098103476 ) ) ;
#186 = CARTESIAN_POINT ( 'NONE',  ( -27.58099643164073456, 51.63052448222262569, 24.14080623259390990 ) ) ;
#187 = CARTESIAN_POINT ( 'NONE',  ( 12.56485050976056073, 58.00000000000000711, 23.17145222755872780 ) ) ;
#188 = CARTESIAN_POINT ( 'NONE',  ( 17.00390274065562224, 46.43884628951452953, 32.68541997929904852 ) ) ;
#189 = CARTESIAN_POINT ( 'NONE',  ( 13.30405468499716548, 47.30704278194514245, 32.87114900716161259 ) ) ;
#190 = EDGE_LOOP ( 'NONE', ( #2092, #527, #1209, #1646, #1704, #3378, #416, #1286, #2748 ) ) ;
#191 = CARTESIAN_POINT ( 'NONE',  ( 29.98351201410986988, 34.26315789473684248, 12.53949788866080972 ) ) ;
#192 = CARTESIAN_POINT ( 'NONE',  ( 18.91586989889666270, 25.28986718055051952, 26.43505094746457118 ) ) ;
#193 = AXIS2_PLACEMENT_3D ( 'NONE', #517, #2653, #90 ) ;
#194 = ORIENTED_EDGE ( 'NONE', *, *, #2595, .F. ) ;
#195 = CIRCLE ( 'NONE', #464, 32.50000000000000000 ) ;
#196 = CARTESIAN_POINT ( 'NONE',  ( -27.87973316642401755, 44.91620392333609857, 16.72845486897987044 ) ) ;
#197 = DIRECTION ( 'NONE',  ( 0.7071067811865487940, 0.000000000000000000, 0.7071067811865463515 ) ) ;
#198 = AXIS2_PLACEMENT_3D ( 'NONE', #2098, #3350, #3041 ) ;
#199 = CARTESIAN_POINT ( 'NONE',  ( -2.001726997164020626E-14, 87.00000000000000000, 0.000000000000000000 ) ) ;
#200 = CARTESIAN_POINT ( 'NONE',  ( -22.80129128068370292, 78.77150029047093938, 8.913060941669399995 ) ) ;
#201 = CIRCLE ( 'NONE', #3134, 4.999999999999998224 ) ;
#202 = CARTESIAN_POINT ( 'NONE',  ( 29.18632656197073061, 29.98933864279327111, 23.04210030139488907 ) ) ;
#203 = CARTESIAN_POINT ( 'NONE',  ( 1.052241818863776768, 29.05187956152440876, 37.46892891919923585 ) ) ;
#204 = ADVANCED_FACE ( 'NONE', ( #2018 ), #2873, .F. ) ;
#205 = CARTESIAN_POINT ( 'NONE',  ( -24.56035829316421015, 77.70572330710683673, 4.971444828480654721 ) ) ;
#206 = CARTESIAN_POINT ( 'NONE',  ( -8.696911113643970737, 27.82434456078067697, 31.31864377337607053 ) ) ;
#207 = CARTESIAN_POINT ( 'NONE',  ( 31.35857203395494253, 55.64577489974882241, 8.944020095359743294 ) ) ;
#208 = DIRECTION ( 'NONE',  ( 0.2232968782694357002, -0.9488292830168392200, -0.2232968782694364773 ) ) ;
#209 = CARTESIAN_POINT ( 'NONE',  ( -17.55479995776727620, 52.42967336184813831, 27.35138488618881780 ) ) ;
#210 = CARTESIAN_POINT ( 'NONE',  ( 13.12922711764495176, 48.82184047366978774, 41.60199509930002648 ) ) ;
#211 = CARTESIAN_POINT ( 'NONE',  ( 14.23243924525259985, 78.60505847808819624, 30.46246503830847630 ) ) ;
#212 = EDGE_LOOP ( 'NONE', ( #2472, #48, #4015, #3628 ) ) ;
#213 = CARTESIAN_POINT ( 'NONE',  ( 12.94265166451624083, 84.29217236649992628, 1.669059003157204790 ) ) ;
#214 = CARTESIAN_POINT ( 'NONE',  ( 20.19437904980581067, 24.62465752802247110, 25.46649987697094630 ) ) ;
#215 = ORIENTED_EDGE ( 'NONE', *, *, #1884, .T. ) ;
#216 = CARTESIAN_POINT ( 'NONE',  ( -12.09601910441211814, 72.32265240837507747, 24.50653342291742121 ) ) ;
#217 = PRODUCT_DEFINITION_FORMATION_WITH_SPECIFIED_SOURCE ( 'ANY', '', #271, .NOT_KNOWN. ) ;
#218 = CARTESIAN_POINT ( 'NONE',  ( -19.80505516746806194, 59.41209940301363446, -11.51212197744852972 ) ) ;
#219 = ORIENTED_EDGE ( 'NONE', *, *, #3807, .T. ) ;
#220 = CARTESIAN_POINT ( 'NONE',  ( 23.19639883542698300, 57.75264752895788689, 12.58979711762869513 ) ) ;
#221 = CARTESIAN_POINT ( 'NONE',  ( 2.065716342247007731, 87.00000000000000000, 0.2110408024054921117 ) ) ;
#222 = CARTESIAN_POINT ( 'NONE',  ( 9.314234679713836229, 80.64867041099375911, 33.72982753033787873 ) ) ;
#223 = CARTESIAN_POINT ( 'NONE',  ( -16.55886189737332970, 67.27571197075536702, 25.21266549676763091 ) ) ;
#224 = CARTESIAN_POINT ( 'NONE',  ( -3.399825693235981383, 24.51661414164895447, 32.32342575470971013 ) ) ;
#225 = CARTESIAN_POINT ( 'NONE',  ( 31.40070620498795151, 57.34679887931719122, 8.791961515729228793 ) ) ;
#226 = ADVANCED_FACE ( 'NONE', ( #3205 ), #2237, .T. ) ;
#227 = DIRECTION ( 'NONE',  ( 0.000000000000000000, 1.000000000000000000, 0.000000000000000000 ) ) ;
#228 = CARTESIAN_POINT ( 'NONE',  ( 15.41180190422703333, 51.72478227137888496, 37.20738117779340826 ) ) ;
#229 = CARTESIAN_POINT ( 'NONE',  ( -6.162195360358662555, 85.45701616923369670, 7.796656893699858593 ) ) ;
#230 = ORIENTED_EDGE ( 'NONE', *, *, #3853, .T. ) ;
#232 = EDGE_CURVE ( 'NONE', #960, #1150, #906, .T. ) ;
#231 = CARTESIAN_POINT ( 'NONE',  ( 27.57486609434813474, 26.58683779954302295, 17.20991885965422341 ) ) ;
#233 = CARTESIAN_POINT ( 'NONE',  ( 15.93896141096327490, 34.34077099209310546, 28.50340019990366258 ) ) ;
#234 = ORIENTED_EDGE ( 'NONE', *, *, #830, .T. ) ;
#235 = CARTESIAN_POINT ( 'NONE',  ( 14.01911962845008475, 63.94354146709174813, 20.49751901204663795 ) ) ;
#236 = CARTESIAN_POINT ( 'NONE',  ( 61.86356513464655649, 35.84210526315789735, 48.44509273045483866 ) ) ;
#237 = DIRECTION ( 'NONE',  ( 0.000000000000000000, -0.000000000000000000, 1.000000000000000000 ) ) ;
#238 = AXIS2_PLACEMENT_3D ( 'NONE', #1300, #2305, #3181 ) ;
#239 = ORIENTED_EDGE ( 'NONE', *, *, #1419, .T. ) ;
#240 = CARTESIAN_POINT ( 'NONE',  ( 23.17145222755877398, 58.00000000000000711, 12.56485050976048079 ) ) ;
#241 = DIRECTION ( 'NONE',  ( 0.000000000000000000, -0.000000000000000000, 1.000000000000000000 ) ) ;
#242 = DIRECTION ( 'NONE',  ( -0.7071067811865476838, 0.000000000000000000, -0.7071067811865472397 ) ) ;
#243 = CARTESIAN_POINT ( 'NONE',  ( -13.27217876706706079, 72.64611351289396168, 23.53616394255590194 ) ) ;
#244 = CARTESIAN_POINT ( 'NONE',  ( -2.139183166091670252, 29.21671000704441568, 32.45475690222970400 ) ) ;
#245 = ADVANCED_FACE ( 'NONE', ( #3494 ), #410, .T. ) ;
#246 = CARTESIAN_POINT ( 'NONE',  ( 31.80318597506852996, 53.27014658717012452, 6.696364327264174854 ) ) ;
#247 = CARTESIAN_POINT ( 'NONE',  ( 55.15432893255080415, 77.00000000000000000, 55.15432893255061231 ) ) ;
#248 = DIRECTION ( 'NONE',  ( 0.7071067811865487940, 0.000000000000000000, 0.7071067811865463515 ) ) ;
#249 = CARTESIAN_POINT ( 'NONE',  ( -17.47392119480226924, 79.79255392947447945, 10.63274309566532771 ) ) ;
#250 = ADVANCED_FACE ( 'NONE', ( #3182 ), #78, .T. ) ;
#251 = CARTESIAN_POINT ( 'NONE',  ( -0.4585686154928524938, 86.99392359561666410, 0.5629287285833379784 ) ) ;
#252 = EDGE_CURVE ( 'NONE', #3674, #1461, #2343, .T. ) ;
#253 = EDGE_LOOP ( 'NONE', ( #3172, #484, #1307, #1774, #3425, #2112 ) ) ;
#254 = CARTESIAN_POINT ( 'NONE',  ( 17.50934632522410794, 50.69278714111451478, 19.91815438854703046 ) ) ;
#255 = CARTESIAN_POINT ( 'NONE',  ( 26.93503383907629356, 30.98216316036662477, 18.39155398456941626 ) ) ;
#256 = EDGE_CURVE ( 'NONE', #3469, #3529, #2861, .T. ) ;
#257 = ORIENTED_EDGE ( 'NONE', *, *, #4039, .F. ) ;
#258 = CARTESIAN_POINT ( 'NONE',  ( 18.32484870811150657, 65.30652783668318762, 15.90595117412492066 ) ) ;
#259 = CARTESIAN_POINT ( 'NONE',  ( -32.39941160613126669, 56.49761898394458370, -2.567074571947395079 ) ) ;
#260 = CARTESIAN_POINT ( 'NONE',  ( -15.44790352199506778, 62.25149312752173358, 31.54884917990816007 ) ) ;
#261 = EDGE_LOOP ( 'NONE', ( #336, #86, #1477, #239 ) ) ;
#262 = AXIS2_PLACEMENT_3D ( 'NONE', #2507, #934, #2177 ) ;
#263 = CARTESIAN_POINT ( 'NONE',  ( 0.000000000000000000, 0.000000000000000000, 0.000000000000000000 ) ) ;
#264 = VECTOR ( 'NONE', #322, 1000.000000000000000 ) ;
#265 = CARTESIAN_POINT ( 'NONE',  ( -24.34152408636265363, 46.35079337678649836, 21.54934845127354137 ) ) ;
#266 = CARTESIAN_POINT ( 'NONE',  ( -20.32398649646303923, 63.01624817021041025, 29.04191119036990543 ) ) ;
#267 =( BOUNDED_SURFACE ( )  B_SPLINE_SURFACE ( 3, 2, ( 
 ( #329, #1934, #99 ),
 ( #3845, #3760, #638 ),
 ( #3432, #3183, #3454 ),
 ( #2547, #1896, #1586 ),
 ( #3475, #2874, #35 ),
 ( #975, #1159, #1424 ),
 ( #3045, #2407, #556 ),
 ( #2368, #3332, #3372 ),
 ( #3968, #1798, #3599 ),
 ( #2668, #3929, #206 ),
 ( #575, #2079, #3003 ),
 ( #3354, #3618, #1120 ),
 ( #2043, #1780, #3660 ),
 ( #2428, #3287, #3064 ),
 ( #837, #1487, #818 ),
 ( #876, #1759, #2649 ),
 ( #2731, #3990, #1446 ),
 ( #860, #3309, #2689 ),
 ( #1405, #244, #224 ),
 ( #2386, #492, #3910 ),
 ( #3638, #3946, #799 ),
 ( #1100, #2060, #1180 ),
 ( #2101, #2346, #3678 ),
 ( #2120, #1138, #536 ),
 ( #184, #1815, #512 ),
 ( #3025, #1739, #1466 ),
 ( #2709, #2982, #2506 ),
 ( #596, #933, #1280 ),
 ( #636, #1546, #268 ),
 ( #14, #1584, #2445 ),
 ( #4029, #676, #4049 ),
 ( #3740, #3758, #2158 ),
 ( #615, #1914, #2195 ),
 ( #1219, #1238, #2138 ),
 ( #3430, #2487, #1854 ),
 ( #655, #2829, #2176 ),
 ( #955, #1873, #1260 ),
 ( #2524, #3121, #3449 ),
 ( #1894, #327, #1567 ),
 ( #3142, #2771, #2217 ),
 ( #2811, #349, #32 ),
 ( #3780, #1836, #972 ),
 ( #3473, #308, #1509 ),
 ( #1198, #2752, #2792 ),
 ( #4009, #3697, #893 ),
 ( #1526, #3390, #3084 ),
 ( #287, #2465, #3716 ),
 ( #914, #3411, #3101 ) ),
 .UNSPECIFIED., .F., .F., .T. ) 
 B_SPLINE_SURFACE_WITH_KNOTS ( ( 4, 2, 2, 2, 2, 2, 2, 2, 2, 2, 2, 2, 2, 2, 2, 2, 2, 2, 2, 2, 2, 2, 2, 4 ),
 ( 3, 3 ),
 ( 0.000000000000000000, 0.002359253772100163276, 0.004718507544200326552, 0.005898134430250407539, 0.007077761316300489394, 0.009437015088400653104, 0.01061664197445073496, 0.01179626886050081508, 0.01415552263260097879, 0.01533514951865106064, 0.01651477640470114250, 0.01887403017680130621, 0.02005365706285138633, 0.02123328394890146992, 0.02359253772100163016, 0.02477216460705171375, 0.02595179149310179387, 0.02831104526520195758, 0.02949067215125204117, 0.03067029903730212129, 0.03302955280940228500, 0.03420917969545236859, 0.03538880658150245218, 0.03774806035360261242 ),
 ( 0.000000000000000000, 1.000000000000000000 ),
 .UNSPECIFIED. ) 
 GEOMETRIC_REPRESENTATION_ITEM ( )  RATIONAL_B_SPLINE_SURFACE ( (
 ( 1.000000000000000000, 0.8246547166311788413, 1.000000000000000000),
 ( 1.000000000000000000, 0.8208181550329697318, 1.000000000000000000),
 ( 1.000000000000000000, 0.8162164725889188288, 1.000000000000000000),
 ( 1.000000000000000000, 0.8058178796744887018, 1.000000000000000000),
 ( 1.000000000000000000, 0.8000195206746649745, 1.000000000000000000),
 ( 1.000000000000000000, 0.7906637784151486770, 1.000000000000000000),
 ( 1.000000000000000000, 0.7874331997424487417, 1.000000000000000000),
 ( 1.000000000000000000, 0.7809124452975978459, 1.000000000000000000),
 ( 1.000000000000000000, 0.7776090037120277909, 1.000000000000000000),
 ( 1.000000000000000000, 0.7676516041946254143, 1.000000000000000000),
 ( 1.000000000000000000, 0.7609480753112148887, 1.000000000000000000),
 ( 1.000000000000000000, 0.7511494018608506629, 1.000000000000000000),
 ( 1.000000000000000000, 0.7479126458399778521, 1.000000000000000000),
 ( 1.000000000000000000, 0.7416726727313525114, 1.000000000000000000),
 ( 1.000000000000000000, 0.7386714648084635737, 1.000000000000000000),
 ( 1.000000000000000000, 0.7301105082456498252, 1.000000000000000000),
 ( 1.000000000000000000, 0.7249920863292230733, 1.000000000000000000),
 ( 1.000000000000000000, 0.7185600259136181167, 1.000000000000000000),
 ( 1.000000000000000000, 0.7166238892318097520, 1.000000000000000000),
 ( 1.000000000000000000, 0.7132323769606960795, 1.000000000000000000),
 ( 1.000000000000000000, 0.7117919984170260062, 1.000000000000000000),
 ( 1.000000000000000000, 0.7083246170545254294, 1.000000000000000000),
 ( 1.000000000000000000, 0.7071297090585788592, 1.000000000000000000),
 ( 1.000000000000000000, 0.7070958084929270804, 1.000000000000000000),
 ( 1.000000000000000000, 0.7073770797169597335, 1.000000000000000000),
 ( 1.000000000000000000, 0.7085325800184972822, 1.000000000000000000),
 ( 1.000000000000000000, 0.7094108146989277497, 1.000000000000000000),
 ( 1.000000000000000000, 0.7128498258599009763, 1.000000000000000000),
 ( 1.000000000000000000, 0.7162225262938713977, 1.000000000000000000),
 ( 1.000000000000000000, 0.7226134807902994117, 1.000000000000000000),
 ( 1.000000000000000000, 0.7249657322172010643, 1.000000000000000000),
 ( 1.000000000000000000, 0.7300652623625479842, 1.000000000000000000),
 ( 1.000000000000000000, 0.7328133987087204204, 1.000000000000000000),
 ( 1.000000000000000000, 0.7414133387435906108, 1.000000000000000000),
 ( 1.000000000000000000, 0.7476615933982264650, 1.000000000000000000),
 ( 1.000000000000000000, 0.7574176027392038879, 1.000000000000000000),
 ( 1.000000000000000000, 0.7607341934049438592, 1.000000000000000000),
 ( 1.000000000000000000, 0.7674370747503274082, 1.000000000000000000),
 ( 1.000000000000000000, 0.7708271262986300387, 1.000000000000000000),
 ( 1.000000000000000000, 0.7808494120617565093, 1.000000000000000000),
 ( 1.000000000000000000, 0.7873870140309731092, 1.000000000000000000),
 ( 1.000000000000000000, 0.7966741355582376283, 1.000000000000000000),
 ( 1.000000000000000000, 0.7996837067600920390, 1.000000000000000000),
 ( 1.000000000000000000, 0.8054816568025070511, 1.000000000000000000),
 ( 1.000000000000000000, 0.8082787283829990788, 1.000000000000000000),
 ( 1.000000000000000000, 0.8161909488638072752, 1.000000000000000000),
 ( 1.000000000000000000, 0.8208191621742275679, 1.000000000000000000),
 ( 1.000000000000000000, 0.8246547166311788413, 1.000000000000000000) ) ) 
 REPRESENTATION_ITEM ( '' )  SURFACE ( )  );
#268 = CARTESIAN_POINT ( 'NONE',  ( 3.371240775879554175, 24.49198576477214928, 32.33122609241329570 ) ) ;
#269 = CARTESIAN_POINT ( 'NONE',  ( 31.87705020227351582, 55.22298751306181686, 6.335424513794343682 ) ) ;
#270 = AXIS2_PLACEMENT_3D ( 'NONE', #2724, #1458, #1479 ) ;
#271 = PRODUCT ( 'Multi-port Flanged Manifold STEP', 'Multi-port Flanged Manifold STEP', '', ( #2362 ) ) ;
#272 = CARTESIAN_POINT ( 'NONE',  ( -25.51613382326601709, 59.39486496301175578, -5.649862739480441043 ) ) ;
#273 = LINE ( 'NONE', #3664, #2418 ) ;
#274 = CARTESIAN_POINT ( 'NONE',  ( -13.15314020690405705, 70.00588109258788450, 25.45135900438314991 ) ) ;
#275 = CARTESIAN_POINT ( 'NONE',  ( -33.33883484183264301, 60.52915618378094109, -1.326798455756183381 ) ) ;
#276 = EDGE_LOOP ( 'NONE', ( #581, #3930, #3210, #1869 ) ) ;
#277 = DIRECTION ( 'NONE',  ( 0.7071067811865461294, 0.000000000000000000, -0.7071067811865489050 ) ) ;
#278 = CARTESIAN_POINT ( 'NONE',  ( 25.31680148383034279, 29.57769700437031801, 20.46696176467611750 ) ) ;
#279 = ORIENTED_EDGE ( 'NONE', *, *, #560, .T. ) ;
#280 = CARTESIAN_POINT ( 'NONE',  ( 12.50842013701964994, 58.97428042366669132, 23.03085244841044599 ) ) ;
#281 = EDGE_CURVE ( 'NONE', #3674, #2890, #2228, .T. ) ;
#282 = DIRECTION ( 'NONE',  ( 0.000000000000000000, 0.000000000000000000, -1.000000000000000000 ) ) ;
#283 = CARTESIAN_POINT ( 'NONE',  ( 0.000000000000000000, 56.52076677316293996, 0.000000000000000000 ) ) ;
#284 = LINE ( 'NONE', #872, #2214 ) ;
#285 = CARTESIAN_POINT ( 'NONE',  ( -30.41171183556062374, 45.48248367287983029, 11.47005783201406892 ) ) ;
#286 = CARTESIAN_POINT ( 'NONE',  ( -19.44839310914275643, 66.12780814908401794, 28.42992559319804613 ) ) ;
#287 = CARTESIAN_POINT ( 'NONE',  ( 9.321638001334587642, 35.34136982093794899, 34.79675133775438667 ) ) ;
#288 = CARTESIAN_POINT ( 'NONE',  ( -23.73028781485636429, 64.23305355504641057, -6.928967469251882783 ) ) ;
#289 = CARTESIAN_POINT ( 'NONE',  ( -26.26224986012353568, 56.52076677316264863, -3.682468491177368186 ) ) ;
#290 = CARTESIAN_POINT ( 'NONE',  ( 32.55982592247264762, 10.83656509695296144, 78.00000000000000000 ) ) ;
#291 = EDGE_CURVE ( 'NONE', #2991, #3055, #3649, .T. ) ;
#292 = CARTESIAN_POINT ( 'NONE',  ( -10.61266701204294272, 59.41209940301363446, -2.319733822023412273 ) ) ;
#293 = CARTESIAN_POINT ( 'NONE',  ( 31.08259431936267703, 52.41814480953765809, 9.862132767010180601 ) ) ;
#294 = B_SPLINE_CURVE_WITH_KNOTS ( 'NONE', 3,
 ( #1499, #2744, #1713, #280, #3056, #3345, #868, #1518, #905, #1169, #1790, #2113, #1151, #235, #886, #3404, #2420, #1478, #2723, #3980, #607, #2956, #3364, #4001, #567, #258, #4019, #2763, #1210, #3689, #2150, #159, #3957, #2398, #3011, #3339, #1410, #2987, #542, #1332, #841, #3314, #3527, #1104 ),
 .UNSPECIFIED., .F., .F.,
 ( 4, 2, 2, 2, 2, 2, 2, 2, 2, 2, 2, 2, 2, 2, 2, 2, 2, 2, 2, 2, 2, 4 ),
 ( 0.001497819314019014844, 0.002234425645668046325, 0.002971031977317077806, 0.004444244640615140768, 0.005917457303913203730, 0.007390669967211266692, 0.008127276298860302076, 0.008863882630509337460, 0.01033709529380740129, 0.01181030795710546512, 0.01254691428875450050, 0.01328352062040353589, 0.01475673328370162227, 0.01549333961535066286, 0.01622994594699969650, 0.01770315861029775339, 0.01917637127359581029, 0.01991297760524485955, 0.02064958393689390881, 0.02212279660019200039, 0.02359600926349009198, 0.02506922192678819050 ),
 .UNSPECIFIED. ) ;
#295 = ORIENTED_EDGE ( 'NONE', *, *, #2496, .F. ) ;
#296 = CARTESIAN_POINT ( 'NONE',  ( 33.25737425305226935, 54.36506067835060207, 11.12054082318586801 ) ) ;
#297 = CARTESIAN_POINT ( 'NONE',  ( 30.35188623984292988, 31.72321668540626405, 20.64463971284058630 ) ) ;
#298 = ADVANCED_FACE ( 'NONE', ( #470 ), #1457, .F. ) ;
#299 = ORIENTED_EDGE ( 'NONE', *, *, #3029, .F. ) ;
#300 = CARTESIAN_POINT ( 'NONE',  ( 3.980102097228897837E-15, 0.000000000000000000, 32.50000000000000000 ) ) ;
#301 = CARTESIAN_POINT ( 'NONE',  ( -1.628268184515406336, 86.90136513193994006, 2.433425200934175248 ) ) ;
#302 = EDGE_CURVE ( 'NONE', #2374, #2515, #1105, .T. ) ;
#303 = VERTEX_POINT ( 'NONE', #2700 ) ;
#304 = CIRCLE ( 'NONE', #3762, 47.50000000000000711 ) ;
#305 = CARTESIAN_POINT ( 'NONE',  ( 33.22356168577722713, 57.99999999997204014, 10.59614468780761776 ) ) ;
#306 = CARTESIAN_POINT ( 'NONE',  ( -18.04515286271146124, 53.50351546384542445, 27.03107488497943578 ) ) ;
#307 = CARTESIAN_POINT ( 'NONE',  ( -13.24489528955858830, 72.35563467241091473, 23.77373759748734017 ) ) ;
#308 = CARTESIAN_POINT ( 'NONE',  ( 7.956255132458669443, 32.89299525624716836, 31.66148664454450312 ) ) ;
#309 = EDGE_CURVE ( 'NONE', #3705, #981, #1624, .T. ) ;
#310 = CARTESIAN_POINT ( 'NONE',  ( -15.40243172145282813, 74.31175167489226396, 8.613819750389653862 ) ) ;
#311 = CARTESIAN_POINT ( 'NONE',  ( 31.92553803918690036, 57.16103456652767534, 8.213551070499395479 ) ) ;
#312 = CARTESIAN_POINT ( 'NONE',  ( -33.62772640110200228, 59.26730101619746449, -0.5901717341601518951 ) ) ;
#313 = CARTESIAN_POINT ( 'NONE',  ( -29.39344671182724511, 67.40733022871826563, -5.487706021661214351 ) ) ;
#314 = CARTESIAN_POINT ( 'NONE',  ( -31.34951021978135799, 61.83526802899231711, -5.003750770023561500 ) ) ;
#315 = ORIENTED_EDGE ( 'NONE', *, *, #232, .T. ) ;
#316 = CARTESIAN_POINT ( 'NONE',  ( 13.86025236490097967, 47.24056677655692482, 32.64373809356239775 ) ) ;
#317 = CARTESIAN_POINT ( 'NONE',  ( 23.12091295051595097, 28.99976722896301951, 22.84109366443646394 ) ) ;
#318 = EDGE_CURVE ( 'NONE', #1880, #766, #294, .T. ) ;
#319 = ORIENTED_EDGE ( 'NONE', *, *, #1269, .T. ) ;
#320 = CARTESIAN_POINT ( 'NONE',  ( 12.05191671319175306, 43.54483639752857727, 33.55756011132778127 ) ) ;
#321 = CARTESIAN_POINT ( 'NONE',  ( 24.54281718922644373, 58.04238358306794510, 47.17695105298084712 ) ) ;
#322 = DIRECTION ( 'NONE',  ( 0.000000000000000000, 0.000000000000000000, 1.000000000000000000 ) ) ;
#323 = ORIENTED_EDGE ( 'NONE', *, *, #252, .F. ) ;
#324 = CARTESIAN_POINT ( 'NONE',  ( -24.40752193798072867, 54.71033347792425872, 27.04229200843492364 ) ) ;
#325 = CARTESIAN_POINT ( 'NONE',  ( -32.45921409754202358, 50.95123272142109272, 1.661341844944780988 ) ) ;
#326 = CARTESIAN_POINT ( 'NONE',  ( 5.951984550444046285, 53.41691487961087859, 25.84417245217876413 ) ) ;
#327 = CARTESIAN_POINT ( 'NONE',  ( 6.251215600718981413, 31.14497352617144088, 32.01450558579402639 ) ) ;
#328 = CARTESIAN_POINT ( 'NONE',  ( 0.000000000000000000, 12.00000000000000000, 0.000000000000000000 ) ) ;
#329 = CARTESIAN_POINT ( 'NONE',  ( -9.488292830168390424, 35.84210526315791157, 34.69420229851370863 ) ) ;
#330 = VECTOR ( 'NONE', #4003, 999.9999999999998863 ) ;
#331 = DIRECTION ( 'NONE',  ( -0.9488292830168393310, -0.3157894736842106198, 0.000000000000000000 ) ) ;
#332 = EDGE_CURVE ( 'NONE', #3060, #3128, #1427, .T. ) ;
#333 = CARTESIAN_POINT ( 'NONE',  ( -32.37353444335020924, 57.01223491743503757, -2.864800207444661684 ) ) ;
#334 = CARTESIAN_POINT ( 'NONE',  ( -25.04541327780598792, 75.35146148706792246, 0.3276339812559288522 ) ) ;
#335 = AXIS2_PLACEMENT_3D ( 'NONE', #2248, #748, #1991 ) ;
#336 = ORIENTED_EDGE ( 'NONE', *, *, #3731, .F. ) ;
#337 = CARTESIAN_POINT ( 'NONE',  ( 16.56185307418309094, 51.08560409733053120, 20.71563498316110241 ) ) ;
#338 = B_SPLINE_CURVE_WITH_KNOTS ( 'NONE', 3,
 ( #1806, #3073, #2760, #1188, #1207, #564, #2146, #3668, #3418, #3361, #643, #1533, #3130, #2494, #2781, #3975, #4037, #622, #3053, #1881, #2453, #3110, #254, #883, #1227, #337, #3399, #2474, #1554, #1494, #2800, #3686, #2128, #3727, #2165, #1574, #1862, #2 ),
 .UNSPECIFIED., .F., .F.,
 ( 4, 2, 2, 2, 2, 2, 2, 2, 2, 2, 2, 2, 2, 2, 2, 2, 2, 2, 4 ),
 ( 0.000000000000000000, 0.001287324381526132365, 0.002574648763052264731, 0.003861973144578396879, 0.005149297526104529461, 0.006436621907630661610, 0.007723946289156793758, 0.009011270670682925907, 0.009654932861445990680, 0.01029859505220905372, 0.01158591943373519020, 0.01222958162449826018, 0.01287324381526132669, 0.01416056819678744409, 0.01544789257831355976, 0.01673521695983967023, 0.01802254134136578242, 0.01930986572289189462, 0.02059719010441800682 ),
 .UNSPECIFIED. ) ;
#339 = CARTESIAN_POINT ( 'NONE',  ( 28.40820482214604326, 28.08482502818004178, 15.78878433706451823 ) ) ;
#340 = B_SPLINE_CURVE_WITH_KNOTS ( 'NONE', 3,
 ( #1124, #3621, #2692, #2028 ),
 .UNSPECIFIED., .F., .F.,
 ( 4, 4 ),
 ( 4.623355380053304411E-15, 0.0008708030690176965776 ),
 .UNSPECIFIED. ) ;
#341 = ORIENTED_EDGE ( 'NONE', *, *, #2957, .F. ) ;
#342 = CARTESIAN_POINT ( 'NONE',  ( -1.237617064623575347, 86.92621223022854338, 2.282699562543684113 ) ) ;
#343 = CARTESIAN_POINT ( 'NONE',  ( -9.591363044709025232, 28.86758682658638620, 31.05337746256068243 ) ) ;
#344 = DIRECTION ( 'NONE',  ( -0.000000000000000000, -1.000000000000000000, -0.000000000000000000 ) ) ;
#345 = VERTEX_POINT ( 'NONE', #169 ) ;
#346 = CARTESIAN_POINT ( 'NONE',  ( -16.64012665171582128, 56.47853452743823510, 27.91969767638122590 ) ) ;
#347 = CARTESIAN_POINT ( 'NONE',  ( -7.500000000000013323, 58.24317054335175925, 25.23469863638276323 ) ) ;
#348 = CARTESIAN_POINT ( 'NONE',  ( 0.000000000000000000, 12.00000000000000000, 0.000000000000000000 ) ) ;
#349 = CARTESIAN_POINT ( 'NONE',  ( 7.245213669486603614, 32.03965874932438140, 31.82336750892945787 ) ) ;
#350 = CARTESIAN_POINT ( 'NONE',  ( -24.00075276913356959, 63.57624080062736027, -6.898698203699869858 ) ) ;
#351 = CARTESIAN_POINT ( 'NONE',  ( -14.57219359904093992, 64.88267398555814225, 27.32812749908822170 ) ) ;
#352 = CARTESIAN_POINT ( 'NONE',  ( 27.23858104812920544, 29.05187956152441586, 25.75048639699582864 ) ) ;
#353 = CARTESIAN_POINT ( 'NONE',  ( 7.630827251812791978, 84.00441238469920791, 18.42244664345619398 ) ) ;
#354 = CARTESIAN_POINT ( 'NONE',  ( -28.88529594251771115, 71.77329974438012528, -1.591879962600641241 ) ) ;
#355 = EDGE_LOOP ( 'NONE', ( #1493, #2925, #4040, #3463 ) ) ;
#356 = DIRECTION ( 'NONE',  ( -0.000000000000000000, 0.000000000000000000, 1.000000000000000000 ) ) ;
#357 = CARTESIAN_POINT ( 'NONE',  ( -18.17736556309149165, 59.19171609653846389, 26.94134109940014454 ) ) ;
#358 = VERTEX_POINT ( 'NONE', #2965 ) ;
#359 = ADVANCED_FACE ( 'NONE', ( #3951 ), #2966, .F. ) ;
#360 = CARTESIAN_POINT ( 'NONE',  ( -15.22244059509261227, 62.92892491390757215, 31.65978264703932865 ) ) ;
#361 = CARTESIAN_POINT ( 'NONE',  ( 10.78604431139039121, 39.74136318678727520, 34.16183181905985577 ) ) ;
#362 = CARTESIAN_POINT ( 'NONE',  ( -4.913694744568167572, 25.08901936371209018, 32.13341398710676344 ) ) ;
#363 = CARTESIAN_POINT ( 'NONE',  ( -0.7105032218821443202, 87.00000000000000000, 1.308296188796229220 ) ) ;
#364 = ORIENTED_EDGE ( 'NONE', *, *, #3052, .T. ) ;
#365 = CARTESIAN_POINT ( 'NONE',  ( -22.03423871777590648, 58.67556332673389363, 28.72051331930871854 ) ) ;
#366 = CARTESIAN_POINT ( 'NONE',  ( 0.4957784820686803040, 65.49985311374788921, 24.17602584115534725 ) ) ;
#367 = DIRECTION ( 'NONE',  ( 0.000000000000000000, 0.000000000000000000, 1.000000000000000000 ) ) ;
#368 = DIRECTION ( 'NONE',  ( 0.7071067811865487940, -0.000000000000000000, 0.7071067811865463515 ) ) ;
#369 = CARTESIAN_POINT ( 'NONE',  ( 0.000000000000000000, 57.00000000000000000, 0.000000000000000000 ) ) ;
#370 = CARTESIAN_POINT ( 'NONE',  ( -26.12649676820591083, 57.19529714365778261, -4.261387084476153220 ) ) ;
#371 = CARTESIAN_POINT ( 'NONE',  ( 23.23737995168020021, 29.87756226089345191, 29.07671323066336200 ) ) ;
#372 = CIRCLE ( 'NONE', #3499, 5.000000000000004441 ) ;
#373 = CARTESIAN_POINT ( 'NONE',  ( -33.38086781920440416, 58.37992887553165389, -0.5215495291124550015 ) ) ;
#374 = CARTESIAN_POINT ( 'NONE',  ( -27.43828706785606641, 74.26420237389189083, 0.02779967743571398059 ) ) ;
#375 = ADVANCED_FACE ( 'NONE', ( #1722 ), #2030, .T. ) ;
#376 = VERTEX_POINT ( 'NONE', #211 ) ;
#377 = DIRECTION ( 'NONE',  ( 0.000000000000000000, 0.000000000000000000, 1.000000000000000000 ) ) ;
#378 = EDGE_LOOP ( 'NONE', ( #1472, #2295 ) ) ;
#379 = CARTESIAN_POINT ( 'NONE',  ( 15.18126852826943640, 63.05263157894739834, 48.10420699215573137 ) ) ;
#380 = FACE_OUTER_BOUND ( 'NONE', #2780, .T. ) ;
#381 = CARTESIAN_POINT ( 'NONE',  ( -10.22645376628165970, 29.73132404414896257, 30.84992219716119521 ) ) ;
#382 = EDGE_CURVE ( 'NONE', #3258, #746, #1314, .T. ) ;
#383 = CARTESIAN_POINT ( 'NONE',  ( -4.445018809621059219, 85.96493028653043211, 8.402734414867861545 ) ) ;
#384 = VERTEX_POINT ( 'NONE', #2675 ) ;
#385 = CARTESIAN_POINT ( 'NONE',  ( -27.35037146966275401, 51.81736662945937155, 24.37632757304533371 ) ) ;
#386 = CARTESIAN_POINT ( 'NONE',  ( -1.953833358919588870, 65.25767876856637884, 24.21210658268374871 ) ) ;
#387 = DIRECTION ( 'NONE',  ( 1.000000000000000000, 0.000000000000000000, 0.000000000000000000 ) ) ;
#388 = DIRECTION ( 'NONE',  ( 1.000000000000000000, 0.000000000000000000, 0.000000000000000000 ) ) ;
#389 = CARTESIAN_POINT ( 'NONE',  ( -26.44893234375531677, 54.66901343419112891, -1.981110049627284875 ) ) ;
#390 = CARTESIAN_POINT ( 'NONE',  ( 11.61512579312573834, 73.76755698493404623, 39.49477683561355690 ) ) ;
#391 = CARTESIAN_POINT ( 'NONE',  ( 20.80236912449440467, 31.56760365223949805, 30.29117285738191967 ) ) ;
#392 = CARTESIAN_POINT ( 'NONE',  ( -33.29600726892101648, 58.31911938666566897, -0.6197520983033464326 ) ) ;
#393 = CARTESIAN_POINT ( 'NONE',  ( -26.70685098189775886, 75.29484887552098371, 1.125377787962272391 ) ) ;
#394 = ORIENTED_EDGE ( 'NONE', *, *, #3488, .T. ) ;
#395 = VECTOR ( 'NONE', #2607, 1000.000000000000000 ) ;
#396 = LINE ( 'NONE', #722, #438 ) ;
#397 = AXIS2_PLACEMENT_3D ( 'NONE', #2307, #1361, #160 ) ;
#398 = VERTEX_POINT ( 'NONE', #1126 ) ;
#399 = AXIS2_PLACEMENT_3D ( 'NONE', #3852, #2226, #2857 ) ;
#400 = DIRECTION ( 'NONE',  ( 0.7071067811865487940, 0.000000000000000000, 0.7071067811865463515 ) ) ;
#401 = CARTESIAN_POINT ( 'NONE',  ( 15.95838494266360641, 59.21809452468560409, 50.56662103781764017 ) ) ;
#402 = FACE_OUTER_BOUND ( 'NONE', #2573, .T. ) ;
#403 = CARTESIAN_POINT ( 'NONE',  ( -15.18126852826944351, 52.94736842105269403, 31.76834649986018988 ) ) ;
#404 = ORIENTED_EDGE ( 'NONE', *, *, #2315, .T. ) ;
#405 = EDGE_CURVE ( 'NONE', #3680, #3705, #2066, .T. ) ;
#406 = CARTESIAN_POINT ( 'NONE',  ( -21.68747052926098817, 48.54489890373956484, 24.21923353218788932 ) ) ;
#407 = CARTESIAN_POINT ( 'NONE',  ( -40.29822252201920207, 80.15789473684210975, -26.87975011782755530 ) ) ;
#408 = PLANE ( 'NONE',  #1497 ) ;
#409 = CARTESIAN_POINT ( 'NONE',  ( 0.000000000000000000, 54.39583333333332149, 0.000000000000000000 ) ) ;
#410 = PLANE ( 'NONE',  #3190 ) ;
#411 = ADVANCED_FACE ( 'NONE', ( #402 ), #3914, .T. ) ;
#412 = CARTESIAN_POINT ( 'NONE',  ( -13.55059115551835447, 67.95220731327476926, 26.39899818975001367 ) ) ;
#413 = CARTESIAN_POINT ( 'NONE',  ( -58.03472013905663118, 70.90395092580929770, 26.71754299414004663 ) ) ;
#414 = CARTESIAN_POINT ( 'NONE',  ( 16.24073601485793006, 81.82659853881841627, 28.63199987145693370 ) ) ;
#415 = CARTESIAN_POINT ( 'NONE',  ( -26.67875999161389444, 73.18330896762333282, -1.781488869324419078 ) ) ;
#416 = ORIENTED_EDGE ( 'NONE', *, *, #3052, .F. ) ;
#417 = CARTESIAN_POINT ( 'NONE',  ( 12.54436685536465035, 39.87839685425004888, 30.28478059360480046 ) ) ;
#418 = EDGE_CURVE ( 'NONE', #1000, #3725, #2473, .T. ) ;
#419 = CARTESIAN_POINT ( 'NONE',  ( -17.37742555005443634, 57.15225298519888497, 27.61652425705084468 ) ) ;
#420 =( GEOMETRIC_REPRESENTATION_CONTEXT ( 3 ) GLOBAL_UNCERTAINTY_ASSIGNED_CONTEXT ( ( #1205 ) ) GLOBAL_UNIT_ASSIGNED_CONTEXT ( ( #1383, #2849, #2976 ) ) REPRESENTATION_CONTEXT ( 'NONE', 'WORKASPACE' ) );
#421 = VERTEX_POINT ( 'NONE', #1008 ) ;
#422 = DIRECTION ( 'NONE',  ( 1.000000000000000000, 0.000000000000000000, 0.000000000000000000 ) ) ;
#423 = DIRECTION ( 'NONE',  ( 0.2511310285135374132, -0.7545548334713058081, 0.6062839349700954727 ) ) ;
#424 = CARTESIAN_POINT ( 'NONE',  ( -31.50171431919693177, 61.28446121022021487, -4.856099735635755366 ) ) ;
#425 = EDGE_CURVE ( 'NONE', #771, #3090, #2109, .T. ) ;
#426 = CARTESIAN_POINT ( 'NONE',  ( -9.488292830168393976, 35.84210526315791157, 34.69420229851370863 ) ) ;
#427 = ORIENTED_EDGE ( 'NONE', *, *, #2443, .F. ) ;
#428 = CARTESIAN_POINT ( 'NONE',  ( -29.80930810535320319, 45.15320105708498488, 12.95662822802253267 ) ) ;
#429 = CARTESIAN_POINT ( 'NONE',  ( 8.907698663706238307, 28.04848263412173281, 31.25907352934414263 ) ) ;
#430 = CARTESIAN_POINT ( 'NONE',  ( -18.91264956418742571, 58.22910033263393359, 27.47822684192716025 ) ) ;
#431 = DIRECTION ( 'NONE',  ( -0.000000000000000000, -1.000000000000000000, -0.000000000000000000 ) ) ;
#432 = DIRECTION ( 'NONE',  ( -0.000000000000000000, -1.000000000000000000, -0.000000000000000000 ) ) ;
#433 = CARTESIAN_POINT ( 'NONE',  ( -6.204616802662673791, 53.76496103994776377, 25.78411821829580219 ) ) ;
#434 = LINE ( 'NONE', #740, #2481 ) ;
#435 = ADVANCED_FACE ( 'NONE', ( #4014 ), #3212, .F. ) ;
#436 = CARTESIAN_POINT ( 'NONE',  ( -20.88148846161706729, 79.12473542143723648, 4.006148395368993143 ) ) ;
#437 = VERTEX_POINT ( 'NONE', #2798 ) ;
#438 = VECTOR ( 'NONE', #3829, 1000.000000000000000 ) ;
#439 = FACE_BOUND ( 'NONE', #1746, .T. ) ;
#440 = DIRECTION ( 'NONE',  ( -0.000000000000000000, -1.000000000000000000, -0.000000000000000000 ) ) ;
#441 = VECTOR ( 'NONE', #1341, 1000.000000000000000 ) ;
#442 = ORIENTED_EDGE ( 'NONE', *, *, #997, .T. ) ;
#443 = CARTESIAN_POINT ( 'NONE',  ( 31.26533448869663090, 45.92431801464029206, 9.064481723046156958 ) ) ;
#444 = CARTESIAN_POINT ( 'NONE',  ( 17.82326951104122159, 35.84210526315791157, 31.24174191523268718 ) ) ;
#445 = DIRECTION ( 'NONE',  ( 0.000000000000000000, 0.000000000000000000, 1.000000000000000000 ) ) ;
#446 = ORIENTED_EDGE ( 'NONE', *, *, #1938, .F. ) ;
#447 = CARTESIAN_POINT ( 'NONE',  ( -27.20124059105387815, 49.25997879154773074, 17.79959993895988291 ) ) ;
#448 = CARTESIAN_POINT ( 'NONE',  ( 14.67788740754940591, 47.65485363004896868, 33.65636914391983225 ) ) ;
#449 = DIRECTION ( 'NONE',  ( 1.000000000000000000, 0.000000000000000000, 0.000000000000000000 ) ) ;
#450 = DIRECTION ( 'NONE',  ( -0.000000000000000000, -1.000000000000000000, -0.000000000000000000 ) ) ;
#451 = DIRECTION ( 'NONE',  ( 0.000000000000000000, 0.000000000000000000, -1.000000000000000000 ) ) ;
#452 = CARTESIAN_POINT ( 'NONE',  ( -32.68177011354402595, 62.75145330546402533, -2.170940937305301244 ) ) ;
#453 = CARTESIAN_POINT ( 'NONE',  ( 4.112909388647726594, 86.80333039817269025, 0.4200705016503650802 ) ) ;
#454 = CARTESIAN_POINT ( 'NONE',  ( -5.485310987452837850, 30.63467050796917945, 36.58777430361632810 ) ) ;
#455 = CARTESIAN_POINT ( 'NONE',  ( -24.00412567099407113, 78.14784181164007748, 6.133764470041380257 ) ) ;
#456 = ORIENTED_EDGE ( 'NONE', *, *, #1348, .F. ) ;
#458 = ADVANCED_FACE ( 'NONE', ( #2778 ), #3346, .F. ) ;
#457 = CARTESIAN_POINT ( 'NONE',  ( -33.85300289758044556, 50.72196440230323589, 11.16445397226917002 ) ) ;
#459 = CARTESIAN_POINT ( 'NONE',  ( -16.00179137804584073, 57.16203939248471499, 31.06688354380844785 ) ) ;
#460 = AXIS2_PLACEMENT_3D ( 'NONE', #3779, #713, #2848 ) ;
#461 = ORIENTED_EDGE ( 'NONE', *, *, #2475, .T. ) ;
#462 = CARTESIAN_POINT ( 'NONE',  ( 0.5161371663541330923, 86.99690146595789031, 0.05273034550133969683 ) ) ;
#463 = DIRECTION ( 'NONE',  ( 0.000000000000000000, 0.000000000000000000, 1.000000000000000000 ) ) ;
#464 = AXIS2_PLACEMENT_3D ( 'NONE', #1075, #794, #1382 ) ;
#465 = CARTESIAN_POINT ( 'NONE',  ( -9.993710217173649824, 77.41188566175864594, 25.50045172369297575 ) ) ;
#466 = ORIENTED_EDGE ( 'NONE', *, *, #1269, .F. ) ;
#467 = CARTESIAN_POINT ( 'NONE',  ( -31.21592829382231571, 46.25195578357410398, 9.089756896932698282 ) ) ;
#468 = CARTESIAN_POINT ( 'NONE',  ( -16.59137175079556670, 58.81579868518488041, 28.63832678994904057 ) ) ;
#469 = CARTESIAN_POINT ( 'NONE',  ( -17.48239093759786300, 56.52076677316291864, 19.94072087485976041 ) ) ;
#470 = FACE_OUTER_BOUND ( 'NONE', #1106, .T. ) ;
#471 = CARTESIAN_POINT ( 'NONE',  ( -31.83765706967831122, 65.20985721216693776, -2.715110226013079053 ) ) ;
#472 = CARTESIAN_POINT ( 'NONE',  ( 21.06653335255503734, 78.45474611554122646, 6.846425127942376676 ) ) ;
#473 = CARTESIAN_POINT ( 'NONE',  ( 9.320692127857713061, 35.33852782483715060, 34.79733336891162310 ) ) ;
#474 = CARTESIAN_POINT ( 'NONE',  ( -16.73495631310961329, 74.75190572728836003, 19.45310954686355132 ) ) ;
#475 = VERTEX_POINT ( 'NONE', #3757 ) ;
#476 = CARTESIAN_POINT ( 'NONE',  ( -29.05592218340990840, 50.68680033184602252, 22.38073584726252108 ) ) ;
#477 = CARTESIAN_POINT ( 'NONE',  ( -18.20203769263922311, 56.90017670263819838, 26.92463240463301943 ) ) ;
#478 = CARTESIAN_POINT ( 'NONE',  ( -10.42700815906499301, 81.78304332083659745, 14.30994152933555341 ) ) ;
#479 = ORIENTED_EDGE ( 'NONE', *, *, #3776, .T. ) ;
#480 = CARTESIAN_POINT ( 'NONE',  ( 12.94090353476081923, 32.86759853943510734, 29.81563890940488903 ) ) ;
#481 = CARTESIAN_POINT ( 'NONE',  ( 17.87156213768312796, 31.49411085814830713, 27.29654501147868473 ) ) ;
#482 = ADVANCED_FACE ( 'NONE', ( #2486 ), #1932, .T. ) ;
#483 = CARTESIAN_POINT ( 'NONE',  ( -18.88366514304250998, 69.30550465320237663, 27.08878244535524971 ) ) ;
#484 = ORIENTED_EDGE ( 'NONE', *, *, #902, .T. ) ;
#485 = CARTESIAN_POINT ( 'NONE',  ( -27.98530830030034977, 48.99726804601873908, 16.54185096976046765 ) ) ;
#486 = CARTESIAN_POINT ( 'NONE',  ( 31.90417678744224261, 57.00091842932943820, 6.194635059116237130 ) ) ;
#487 = CARTESIAN_POINT ( 'NONE',  ( 23.17145222755877398, 58.00000000000000711, 12.56485050976048079 ) ) ;
#488 = CARTESIAN_POINT ( 'NONE',  ( -19.92541494335362628, 51.36842105263158231, 31.76834649986020409 ) ) ;
#489 = CARTESIAN_POINT ( 'NONE',  ( 12.94254517818380634, 84.29221996280854512, 1.669038703450089089 ) ) ;
#490 = CARTESIAN_POINT ( 'NONE',  ( 9.488292830168386871, 80.15789473684209554, 34.36014785153983553 ) ) ;
#491 = CARTESIAN_POINT ( 'NONE',  ( -13.51462641281954902, 74.30526053779036033, 22.01293439969159849 ) ) ;
#492 = CARTESIAN_POINT ( 'NONE',  ( -1.704751624488612505, 29.13569681104533160, 32.47209391566018866 ) ) ;
#493 = CARTESIAN_POINT ( 'NONE',  ( 31.75094172412672933, 52.31097917003660314, 6.944832169753669682 ) ) ;
#494 = CARTESIAN_POINT ( 'NONE',  ( -25.06558708630022991, 53.93226762747748637, 26.51838311545655813 ) ) ;
#495 = CARTESIAN_POINT ( 'NONE',  ( -17.88656820085671484, 54.07782275979327835, 27.13539517538792722 ) ) ;
#496 = CARTESIAN_POINT ( 'NONE',  ( 15.21231055465331927, 53.02612707861145935, 48.20256847360214891 ) ) ;
#497 = CARTESIAN_POINT ( 'NONE',  ( -12.95883875712064004, 75.21803938647863674, 21.49566926190756888 ) ) ;
#498 = AXIS2_PLACEMENT_3D ( 'NONE', #1843, #2184, #901 ) ;
#499 = ORIENTED_EDGE ( 'NONE', *, *, #2595, .T. ) ;
#500 = CARTESIAN_POINT ( 'NONE',  ( 16.35927220820994421, 72.21472072618013271, 35.59709402238222964 ) ) ;
#501 = CARTESIAN_POINT ( 'NONE',  ( 24.93836427537400269, 29.21965660908939455, 27.90984464843832669 ) ) ;
#502 = VERTEX_POINT ( 'NONE', #3203 ) ;
#503 = EDGE_CURVE ( 'NONE', #3258, #672, #2278, .T. ) ;
#504 = CARTESIAN_POINT ( 'NONE',  ( -32.33015267153991346, 52.49133132764341525, 3.661675633841558142 ) ) ;
#505 = CARTESIAN_POINT ( 'NONE',  ( 3.770235416437325959, 64.50241372433816878, 24.32430420528714876 ) ) ;
#506 = DIRECTION ( 'NONE',  ( 0.000000000000000000, -0.6263567254349919899, -0.7795365626462648079 ) ) ;
#507 = DIRECTION ( 'NONE',  ( 0.000000000000000000, 0.000000000000000000, 1.000000000000000000 ) ) ;
#508 = CARTESIAN_POINT ( 'NONE',  ( -19.19984722454950443, 76.14573384350646279, 20.60481268048743075 ) ) ;
#509 = CARTESIAN_POINT ( 'NONE',  ( 29.54023023680570503, 30.34673987753527413, 22.41391361286954975 ) ) ;
#510 = CARTESIAN_POINT ( 'NONE',  ( 5.476683846952415280, 30.61734299034561246, 36.59470533882470278 ) ) ;
#511 = CARTESIAN_POINT ( 'NONE',  ( -21.43302692048851199, 78.77466347396274671, 3.077800671930374321 ) ) ;
#512 = CARTESIAN_POINT ( 'NONE',  ( 0.6637703065444590100, 24.01430022545156007, 32.49503537389072960 ) ) ;
#513 = CARTESIAN_POINT ( 'NONE',  ( 55.15432893255080415, 58.00000000000000711, 55.15432893255061231 ) ) ;
#514 = CARTESIAN_POINT ( 'NONE',  ( -28.08298279414112386, 51.27924565304083160, 23.58026392192221010 ) ) ;
#515 = CARTESIAN_POINT ( 'NONE',  ( 0.000000000000000000, 0.000000000000000000, 0.000000000000000000 ) ) ;
#516 = CARTESIAN_POINT ( 'NONE',  ( 16.17027681187175858, 59.11773966738244468, 39.03850158654537239 ) ) ;
#517 = CARTESIAN_POINT ( 'NONE',  ( 0.000000000000000000, 57.00000000000000000, 0.000000000000000000 ) ) ;
#518 = EDGE_LOOP ( 'NONE', ( #761, #3367, #1910, #1577, #1256 ) ) ;
#519 = CARTESIAN_POINT ( 'NONE',  ( 0.2570045730186860666, 87.00000000000000000, 0.02625649257950257026 ) ) ;
#520 = CARTESIAN_POINT ( 'NONE',  ( 19.94646578283809646, 29.84524668701162042, 25.74989734806234409 ) ) ;
#521 = AXIS2_PLACEMENT_3D ( 'NONE', #2887, #2694, #3643 ) ;
#522 = ORIENTED_EDGE ( 'NONE', *, *, #1769, .F. ) ;
#523 = CIRCLE ( 'NONE', #3791, 5.000000000000001776 ) ;
#524 = CARTESIAN_POINT ( 'NONE',  ( -12.35275410106435423, 71.55125974617868678, 24.83760594344807160 ) ) ;
#525 = VECTOR ( 'NONE', #3995, 1000.000000000000000 ) ;
#526 = DIRECTION ( 'NONE',  ( 0.7071067811865487940, 0.000000000000000000, 0.7071067811865463515 ) ) ;
#527 = ORIENTED_EDGE ( 'NONE', *, *, #1754, .T. ) ;
#528 = EDGE_CURVE ( 'NONE', #3438, #421, #653, .T. ) ;
#529 =( BOUNDED_CURVE ( )  B_SPLINE_CURVE ( 3, ( #2133, #1193, #3691, #947 ),
 .UNSPECIFIED., .F., .T. ) 
 B_SPLINE_CURVE_WITH_KNOTS ( ( 4, 4 ),
 ( 4.152202248161590781, 4.323098894685156068 ),
 .UNSPECIFIED. ) 
 CURVE ( )  GEOMETRIC_REPRESENTATION_ITEM ( )  RATIONAL_B_SPLINE_CURVE ( ( 1.000000000000000000, 0.9975676751756321625, 0.9975676751756321625, 1.000000000000000000 ) ) 
 REPRESENTATION_ITEM ( '' )  );
#530 = B_SPLINE_CURVE_WITH_KNOTS ( 'NONE', 3,
 ( #191, #1767, #1706, #3033, #171, #544, #2316, #1146, #2696, #3255, #767, #231, #3317, #2394, #2355, #2677, #1474, #2948, #3645, #3937, #2655, #3916, #3608, #149, #1393, #2636, #3896, #2050, #1412, #1128, #2376, #1088, #2334, #3586, #786, #2032, #3276, #3625, #480, #808 ),
 .UNSPECIFIED., .F., .F.,
 ( 4, 2, 2, 2, 2, 2, 2, 2, 2, 2, 2, 2, 2, 2, 2, 2, 2, 2, 2, 4 ),
 ( 0.000000000000000000, 0.002185900314331351482, 0.003278850471497027439, 0.004371800628662693422, 0.006557700942994015847, 0.008743601257325338272, 0.01092950157165666070, 0.01311540188598798312, 0.01530130220031930555, 0.01639425235748495982, 0.01748720251465061756, 0.01967310282898193305, 0.02076605298614758732, 0.02185900314331324160, 0.02404490345764456055, 0.02623080377197587604, 0.02841670408630719499, 0.02950965424347285621, 0.03060260440063851395, 0.03497440502930115186 ),
 .UNSPECIFIED. ) ;
#531 = CARTESIAN_POINT ( 'NONE',  ( -0.2484453437247817476, 86.99768386910969298, 0.4574786232581766754 ) ) ;
#532 = CIRCLE ( 'NONE', #2291, 15.50000000000000000 ) ;
#533 = CARTESIAN_POINT ( 'NONE',  ( 9.961016554288766756, 85.39816682890531752, 2.166106890674782015 ) ) ;
#534 = CARTESIAN_POINT ( 'NONE',  ( -2.130697847756083174, 29.22597793806732724, 37.36560066815189884 ) ) ;
#535 = CARTESIAN_POINT ( 'NONE',  ( -14.00741129545818531, 63.70476279543228770, 27.93399529564824846 ) ) ;
#536 = CARTESIAN_POINT ( 'NONE',  ( 0.3215196675826699213, 23.99941808408576804, 32.50020173067208162 ) ) ;
#537 = ADVANCED_FACE ( 'NONE', ( #3180, #635 ), #408, .F. ) ;
#538 = CARTESIAN_POINT ( 'NONE',  ( 58.68986283848354191, 39.00000000000000711, 51.61879502661786745 ) ) ;
#539 = CARTESIAN_POINT ( 'NONE',  ( 53.60061107522333401, 0.7313019390581875223, 56.70804678987808956 ) ) ;
#540 = CARTESIAN_POINT ( 'NONE',  ( 12.50542664799701775, 34.38161272744093111, 29.99776105372093582 ) ) ;
#541 = CARTESIAN_POINT ( 'NONE',  ( 16.50228945036790407, 54.69753124548316947, 39.84005100127566834 ) ) ;
#542 = CARTESIAN_POINT ( 'NONE',  ( 22.30262466287233281, 61.30995225366278589, 12.75979721644466025 ) ) ;
#543 = VERTEX_POINT ( 'NONE', #31 ) ;
#544 = CARTESIAN_POINT ( 'NONE',  ( 29.38735827215900542, 30.93380268084491291, 13.88036158854079183 ) ) ;
#545 = CARTESIAN_POINT ( 'NONE',  ( 25.14386953521997370, 29.16747879553331657, 27.74796881996509157 ) ) ;
#546 = ORIENTED_EDGE ( 'NONE', *, *, #3422, .F. ) ;
#547 = DIRECTION ( 'NONE',  ( -0.000000000000000000, -0.000000000000000000, 1.000000000000000000 ) ) ;
#548 = CARTESIAN_POINT ( 'NONE',  ( -32.49093900345549457, 53.82009521112411932, -0.9543549749290384243 ) ) ;
#549 = CARTESIAN_POINT ( 'NONE',  ( 12.65399562359982077, 84.95407661930909171, 4.052279491047149129 ) ) ;
#550 = ORIENTED_EDGE ( 'NONE', *, *, #2619, .T. ) ;
#551 = CARTESIAN_POINT ( 'NONE',  ( 37.47665940288707986, 39.00000000000000711, 37.47665940288695197 ) ) ;
#552 = CARTESIAN_POINT ( 'NONE',  ( -21.83543507335332379, 59.21909923915152518, 28.85357773670765269 ) ) ;
#553 = CARTESIAN_POINT ( 'NONE',  ( -20.09127418386738739, 50.37053735654304631, 25.55420571307125854 ) ) ;
#554 = CARTESIAN_POINT ( 'NONE',  ( -19.08714427579500494, 67.94167548219630248, 27.75066759112713299 ) ) ;
#555 =( BOUNDED_CURVE ( )  B_SPLINE_CURVE ( 3, ( #3794, #443, #1684, #985 ),
 .UNSPECIFIED., .F., .T. ) 
 B_SPLINE_CURVE_WITH_KNOTS ( ( 4, 4 ),
 ( 4.152202248161591669, 4.323098894685156957 ),
 .UNSPECIFIED. ) 
 CURVE ( )  GEOMETRIC_REPRESENTATION_ITEM ( )  RATIONAL_B_SPLINE_CURVE ( ( 1.000000000000000000, 0.9975676751756321625, 0.9975676751756321625, 1.000000000000000000 ) ) 
 REPRESENTATION_ITEM ( '' )  );
#556 = CARTESIAN_POINT ( 'NONE',  ( -10.07383794543436650, 29.51100767682387271, 30.90017340389424660 ) ) ;
#557 = CARTESIAN_POINT ( 'NONE',  ( -14.09028857192728523, 66.89448737628836739, 18.79694418335631312 ) ) ;
#558 = CARTESIAN_POINT ( 'NONE',  ( 31.90417678744224261, 57.00091842932943820, 6.194635059116237130 ) ) ;
#559 = DIRECTION ( 'NONE',  ( 0.000000000000000000, 0.000000000000000000, 1.000000000000000000 ) ) ;
#560 = EDGE_CURVE ( 'NONE', #766, #781, #654, .T. ) ;
#561 = CARTESIAN_POINT ( 'NONE',  ( 16.66848507349130415, 59.29579880998903718, 40.24128272863492128 ) ) ;
#562 = CARTESIAN_POINT ( 'NONE',  ( -29.94429898497892140, 66.05760880587513384, -5.562479555511584906 ) ) ;
#563 = ORIENTED_EDGE ( 'NONE', *, *, #3126, .T. ) ;
#564 = CARTESIAN_POINT ( 'NONE',  ( 22.61869001831802706, 53.76248758714102394, 13.84607311308655575 ) ) ;
#565 = CARTESIAN_POINT ( 'NONE',  ( 17.91218171046284624, 26.01098092799120920, 27.11993647570224653 ) ) ;
#566 = VERTEX_POINT ( 'NONE', #3739 ) ;
#567 = CARTESIAN_POINT ( 'NONE',  ( 17.79629595589728552, 65.45145945386840935, 16.40397510199058217 ) ) ;
#568 = AXIS2_PLACEMENT_3D ( 'NONE', #95, #1892, #2892 ) ;
#569 = FACE_OUTER_BOUND ( 'NONE', #810, .T. ) ;
#570 = CARTESIAN_POINT ( 'NONE',  ( 0.000000000000000000, 4.999999999999997335, -32.50000000000000000 ) ) ;
#571 = ORIENTED_EDGE ( 'NONE', *, *, #1078, .F. ) ;
#572 = CARTESIAN_POINT ( 'NONE',  ( 0.000000000000000000, 56.52076677316293996, 0.000000000000000000 ) ) ;
#573 = DIRECTION ( 'NONE',  ( 0.7071067811865487940, 0.000000000000000000, 0.7071067811865462405 ) ) ;
#574 = CARTESIAN_POINT ( 'NONE',  ( -14.69727947030947668, 61.18254843397576082, 28.31139279433283917 ) ) ;
#575 = CARTESIAN_POINT ( 'NONE',  ( -6.298831555650197700, 31.21583983965396669, 36.29599048326393529 ) ) ;
#576 = CARTESIAN_POINT ( 'NONE',  ( -14.50848518944536636, 64.45000191729471339, 19.91223666451665864 ) ) ;
#577 = CARTESIAN_POINT ( 'NONE',  ( 0.000000000000000000, 0.000000000000000000, 0.000000000000000000 ) ) ;
#578 = DIRECTION ( 'NONE',  ( 0.7071067811865487940, -0.000000000000000000, 0.7071067811865463515 ) ) ;
#579 = CARTESIAN_POINT ( 'NONE',  ( -14.58345770198967806, 77.35348983378538890, 17.99048289028074876 ) ) ;
#580 = CARTESIAN_POINT ( 'NONE',  ( -1.822756013273358455, 86.87970197806839678, 2.242246452790018552 ) ) ;
#581 = ORIENTED_EDGE ( 'NONE', *, *, #1947, .F. ) ;
#582 = ADVANCED_FACE ( 'NONE', ( #75 ), #2893, .F. ) ;
#583 = CARTESIAN_POINT ( 'NONE',  ( -17.84640881626929954, 53.88064118444087569, 27.16165849801122789 ) ) ;
#584 = CARTESIAN_POINT ( 'NONE',  ( 24.44608735532978727, 29.20360583882676764, 21.45621211905836034 ) ) ;
#585 = EDGE_LOOP ( 'NONE', ( #701, #3746, #2314, #3458 ) ) ;
#586 = CARTESIAN_POINT ( 'NONE',  ( 14.23243924525258208, 34.26315789473684248, 34.69420229851370863 ) ) ;
#587 = CARTESIAN_POINT ( 'NONE',  ( -32.45110675458207083, 55.11720337087252375, -1.804480005106001261 ) ) ;
#588 = CARTESIAN_POINT ( 'NONE',  ( 0.2479179084268876565, 87.00000000000001421, 0.07341175470249200474 ) ) ;
#589 = ORIENTED_EDGE ( 'NONE', *, *, #1449, .F. ) ;
#590 = AXIS2_PLACEMENT_3D ( 'NONE', #1692, #2260, #1627 ) ;
#591 = EDGE_CURVE ( 'NONE', #2253, #3529, #1583, .T. ) ;
#592 = PLANE ( 'NONE',  #851 ) ;
#593 = VECTOR ( 'NONE', #131, 1000.000000000000000 ) ;
#594 = CARTESIAN_POINT ( 'NONE',  ( -16.26118606749254525, 59.80788319482917359, 0.000000000000000000 ) ) ;
#595 = CARTESIAN_POINT ( 'NONE',  ( -16.31386739362142180, 57.00042686602965603, 28.11887689186314887 ) ) ;
#596 = CARTESIAN_POINT ( 'NONE',  ( 2.084726930260097255, 29.20551215672578138, 37.37758790733420966 ) ) ;
#597 = CARTESIAN_POINT ( 'NONE',  ( -23.17264935768897161, 65.53229758671261607, -6.849526483209007033 ) ) ;
#598 = AXIS2_PLACEMENT_3D ( 'NONE', #515, #227, #1141 ) ;
#599 = FACE_OUTER_BOUND ( 'NONE', #2952, .T. ) ;
#600 = CARTESIAN_POINT ( 'NONE',  ( 33.94112549695434211, 77.00000000000000000, 41.01219330881971104 ) ) ;
#601 = CARTESIAN_POINT ( 'NONE',  ( -27.09353452023614395, 72.04999958518510539, -4.202208684536489436 ) ) ;
#602 = CARTESIAN_POINT ( 'NONE',  ( 30.47202875934648247, 46.92919165796553216, 11.83510067429694246 ) ) ;
#603 = VERTEX_POINT ( 'NONE', #1299 ) ;
#604 = CARTESIAN_POINT ( 'NONE',  ( 15.20678628060167981, 43.54483639752879753, 32.25077034898844630 ) ) ;
#605 = CARTESIAN_POINT ( 'NONE',  ( 25.84505561587465650, 24.85509870335076243, 19.70758639367770826 ) ) ;
#606 = ORIENTED_EDGE ( 'NONE', *, *, #3380, .T. ) ;
#607 = CARTESIAN_POINT ( 'NONE',  ( 16.40322180819044817, 65.43884482460480001, 17.79970224457024486 ) ) ;
#608 = LINE ( 'NONE', #1829, #3793 ) ;
#609 = ADVANCED_FACE ( 'NONE', ( #1913 ), #1013, .T. ) ;
#610 = CARTESIAN_POINT ( 'NONE',  ( 21.94045846358702434, 80.15789473684210975, 8.521986059395434410 ) ) ;
#611 = ORIENTED_EDGE ( 'NONE', *, *, #3321, .F. ) ;
#612 = FACE_BOUND ( 'NONE', #104, .T. ) ;
#613 = CARTESIAN_POINT ( 'NONE',  ( 55.15432893255079705, 77.00000000000000000, 55.15432893255061941 ) ) ;
#614 = CARTESIAN_POINT ( 'NONE',  ( -13.33450275122976514, 67.56401814102969183, 26.68264666453316636 ) ) ;
#615 = CARTESIAN_POINT ( 'NONE',  ( 4.307850127752455016, 29.97169029178220612, 36.94077655170138996 ) ) ;
#616 = CARTESIAN_POINT ( 'NONE',  ( -15.00088703864666151, 73.89676481623547488, 10.13739169159885023 ) ) ;
#617 = CARTESIAN_POINT ( 'NONE',  ( 32.42441538049992289, 57.27714785244444329, 9.539419119445433637 ) ) ;
#618 = DIRECTION ( 'NONE',  ( 0.000000000000000000, 1.000000000000000000, 0.000000000000000000 ) ) ;
#619 = CARTESIAN_POINT ( 'NONE',  ( -30.07186375956031910, 65.75110295233642432, -5.585742885428856219 ) ) ;
#620 = CARTESIAN_POINT ( 'NONE',  ( -31.24861398431764314, 62.19072803177201791, -5.092864452922609253 ) ) ;
#621 = ORIENTED_EDGE ( 'NONE', *, *, #3726, .F. ) ;
#622 = CARTESIAN_POINT ( 'NONE',  ( 19.05935358945174585, 50.50966943883214810, 18.44054160451748103 ) ) ;
#623 = CARTESIAN_POINT ( 'NONE',  ( 27.40915562175613829, 31.65829855502949641, 17.70847599200416767 ) ) ;
#624 = ORIENTED_EDGE ( 'NONE', *, *, #2475, .F. ) ;
#625 = DIRECTION ( 'NONE',  ( 0.7071067811865461294, 0.000000000000000000, -0.7071067811865489050 ) ) ;
#626 = CARTESIAN_POINT ( 'NONE',  ( 16.69096299367458158, 56.73464615510719256, 40.29554922839034248 ) ) ;
#627 = CARTESIAN_POINT ( 'NONE',  ( -7.010631503300520428, 84.95879852865050452, 8.962159116841579731 ) ) ;
#628 = ORIENTED_EDGE ( 'NONE', *, *, #2222, .T. ) ;
#629 = AXIS2_PLACEMENT_3D ( 'NONE', #3768, #2570, #1308 ) ;
#630 = EDGE_CURVE ( 'NONE', #672, #3258, #1695, .T. ) ;
#631 = B_SPLINE_CURVE_WITH_KNOTS ( 'NONE', 3,
 ( #656, #1837, #3717, #3431, #3391, #2218, #1585, #1510, #4050, #1568, #2753, #915, #3474, #597, #2159, #288, #350, #3102, #3085, #2488, #974 ),
 .UNSPECIFIED., .F., .F.,
 ( 4, 2, 2, 2, 2, 2, 2, 1, 2, 2, 4 ),
 ( 0.03358513577505166381, 0.03570766503740198383, 0.03783019429975229692, 0.03995272356210261694, 0.04207525282445293696, 0.04419778208680325005, 0.04525904671797843087, 0.04632031134915361170, 0.04738157598032879253, 0.04844284061150397336, 0.05056536987385434889 ),
 .UNSPECIFIED. ) ;
#632 = DIRECTION ( 'NONE',  ( -0.000000000000000000, -1.000000000000000000, -0.000000000000000000 ) ) ;
#633 = CARTESIAN_POINT ( 'NONE',  ( -23.52802603106769652, 46.93947832919018737, 22.42410632470657461 ) ) ;
#634 = AXIS2_PLACEMENT_3D ( 'NONE', #1076, #431, #1669 ) ;
#635 = FACE_BOUND ( 'NONE', #1659, .T. ) ;
#636 = CARTESIAN_POINT ( 'NONE',  ( 2.593262135271952928, 29.32799050986910672, 37.30526087570142835 ) ) ;
#637 = CARTESIAN_POINT ( 'NONE',  ( 0.000000000000000000, 12.00000000000000000, -47.50000000000000711 ) ) ;
#638 = CARTESIAN_POINT ( 'NONE',  ( -12.11810213575064132, 33.51196020658296959, 30.15719567733037820 ) ) ;
#639 = LINE ( 'NONE', #879, #663 ) ;
#640 = CARTESIAN_POINT ( 'NONE',  ( -13.29333643976223023, 72.87408638383004700, 23.35023249324441963 ) ) ;
#641 = CARTESIAN_POINT ( 'NONE',  ( -27.63393198744523005, 71.57455136318390032, -2.684600199851253866 ) ) ;
#642 = ORIENTED_EDGE ( 'NONE', *, *, #281, .T. ) ;
#643 = CARTESIAN_POINT ( 'NONE',  ( 21.41176572199915285, 51.68841605789627636, 15.65063940880676974 ) ) ;
#644 = CARTESIAN_POINT ( 'NONE',  ( 26.41569881229280625, 25.29196254503516172, 18.93574786200772664 ) ) ;
#645 = EDGE_LOOP ( 'NONE', ( #134, #394 ) ) ;
#646 = CARTESIAN_POINT ( 'NONE',  ( 3.980102097228897837E-15, 4.999999999999997335, 32.50000000000000000 ) ) ;
#647 = CARTESIAN_POINT ( 'NONE',  ( 16.00474954134489636, 58.04238358306789536, 50.71353446919158614 ) ) ;
#648 = CARTESIAN_POINT ( 'NONE',  ( -3.203194023760734144, 86.51673182897314973, 4.838843993579611258 ) ) ;
#649 = ORIENTED_EDGE ( 'NONE', *, *, #2843, .T. ) ;
#650 = CARTESIAN_POINT ( 'NONE',  ( -26.79508524886285059, 49.43321073072547733, 18.41275848572863438 ) ) ;
#651 = CARTESIAN_POINT ( 'NONE',  ( -6.514920588845173555, 61.74758815402584133, 24.72915955699803092 ) ) ;
#652 = EDGE_CURVE ( 'NONE', #1150, #2988, #2833, .T. ) ;
#653 = CIRCLE ( 'NONE', #1039, 5.000000000000001776 ) ;
#654 = LINE ( 'NONE', #1625, #3854 ) ;
#655 = CARTESIAN_POINT ( 'NONE',  ( 6.072821429809306615, 31.05094393605255476, 36.37823556812996628 ) ) ;
#656 = CARTESIAN_POINT ( 'NONE',  ( -18.38945964386684651, 73.62106305977275156, 4.098707616750175808E-12 ) ) ;
#657 = CARTESIAN_POINT ( 'NONE',  ( 31.33570453123821764, 61.15161195102432146, 6.055950013563982992 ) ) ;
#658 = CIRCLE ( 'NONE', #1170, 26.51916932907348468 ) ;
#659 = SPHERICAL_SURFACE ( 'NONE', #1703, 32.60416666666667140 ) ;
#660 = CARTESIAN_POINT ( 'NONE',  ( -19.01389065125336586, 79.84589461033955615, 7.432108395873810558 ) ) ;
#661 = EDGE_CURVE ( 'NONE', #1194, #1042, #2017, .T. ) ;
#662 = CARTESIAN_POINT ( 'NONE',  ( -22.17269341935094573, 78.22865760626449116, 1.881618693697332478 ) ) ;
#663 = VECTOR ( 'NONE', #1242, 1000.000000000000000 ) ;
#664 = ORIENTED_EDGE ( 'NONE', *, *, #3097, .T. ) ;
#665 = CARTESIAN_POINT ( 'NONE',  ( 30.73368549455274490, 63.27059338095934748, 6.301658039496984998 ) ) ;
#666 = CARTESIAN_POINT ( 'NONE',  ( 16.52208811730235283, 39.76272546368530669, 31.78591303606691199 ) ) ;
#667 = ORIENTED_EDGE ( 'NONE', *, *, #179, .F. ) ;
#668 = CYLINDRICAL_SURFACE ( 'NONE', #762, 7.500000000000010658 ) ;
#669 = CARTESIAN_POINT ( 'NONE',  ( -2.457480617370555898, 86.70613446194995788, 4.555324743249276054 ) ) ;
#670 = CARTESIAN_POINT ( 'NONE',  ( -1.444479688049181698, 24.06930497287667237, 32.47583118799369117 ) ) ;
#671 = CARTESIAN_POINT ( 'NONE',  ( -7.937693760110972718, 83.24997586952959239, 13.10829411546005652 ) ) ;
#672 = VERTEX_POINT ( 'NONE', #2662 ) ;
#673 = CARTESIAN_POINT ( 'NONE',  ( -19.41058110414551052, 58.15297727639355685, 26.26759021329805677 ) ) ;
#674 = CARTESIAN_POINT ( 'NONE',  ( 4.899865462775337299, 25.08244774591381443, 32.13555408817718728 ) ) ;
#675 = CARTESIAN_POINT ( 'NONE',  ( 35.44683854164070880, 64.63157894736845321, 7.268046492838375450 ) ) ;
#676 = CARTESIAN_POINT ( 'NONE',  ( 2.987249133508338872, 29.43254399964106227, 32.40701267791498452 ) ) ;
#677 = DIRECTION ( 'NONE',  ( 0.2511310285135393561, -0.7545548334713103600, 0.6062839349700891445 ) ) ;
#678 = LINE ( 'NONE', #390, #441 ) ;
#679 = DIRECTION ( 'NONE',  ( 1.000000000000000000, 0.000000000000000000, 0.000000000000000000 ) ) ;
#680 = CARTESIAN_POINT ( 'NONE',  ( 11.37502668213862478, 76.46562573707686283, 27.46174368837250412 ) ) ;
#681 = CARTESIAN_POINT ( 'NONE',  ( -25.69089172441733382, 76.58186414624496763, 2.804871961996088459 ) ) ;
#682 = ORIENTED_EDGE ( 'NONE', *, *, #3316, .F. ) ;
#684 = EDGE_CURVE ( 'NONE', #2658, #3680, #1418, .T. ) ;
#683 = DIRECTION ( 'NONE',  ( 1.000000000000000000, 0.000000000000000000, 0.000000000000000000 ) ) ;
#685 = CARTESIAN_POINT ( 'NONE',  ( -15.56339489854926583, 61.85145685384906500, 28.65605939164422011 ) ) ;
#686 = VERTEX_POINT ( 'NONE', #96 ) ;
#687 = CARTESIAN_POINT ( 'NONE',  ( -15.18126852826942574, 63.05263157894739123, 31.76834649986019699 ) ) ;
#688 = CARTESIAN_POINT ( 'NONE',  ( 19.92541494335362984, 64.63157894736845321, 48.10420699215573848 ) ) ;
#689 = CARTESIAN_POINT ( 'NONE',  ( 16.90007909957504850, 57.44778492223517929, 40.80040016737407171 ) ) ;
#690 = CARTESIAN_POINT ( 'NONE',  ( -5.780987066788255468, 85.65383592664063883, 7.285473329239948725 ) ) ;
#691 = VERTEX_POINT ( 'NONE', #1115 ) ;
#692 = CARTESIAN_POINT ( 'NONE',  ( 13.55770526925209118, 48.06916793826393786, 35.47167664371706763 ) ) ;
#693 = CARTESIAN_POINT ( 'NONE',  ( 10.96656713980783415, 30.93646848372680580, 30.59437199309278199 ) ) ;
#694 = DIRECTION ( 'NONE',  ( -0.3014306494129443958, 0.9428055686023129045, 0.1423278729095608097 ) ) ;
#695 = DIRECTION ( 'NONE',  ( -0.9488292830168392200, 0.3157894736842108974, 0.000000000000000000 ) ) ;
#696 = CARTESIAN_POINT ( 'NONE',  ( 30.66408916737753643, 61.84320897097211400, 8.651300889713748887 ) ) ;
#697 = CARTESIAN_POINT ( 'NONE',  ( 26.12718867633645914, 29.00094221322600774, 26.90502041923006971 ) ) ;
#698 = AXIS2_PLACEMENT_3D ( 'NONE', #106, #356, #3482 ) ;
#699 = CARTESIAN_POINT ( 'NONE',  ( 6.271261770456132645, 84.80655683089062791, 22.71024782914832940 ) ) ;
#700 = CARTESIAN_POINT ( 'NONE',  ( -23.09805820833040002, 77.24314627220468310, 3.419229396500914397 ) ) ;
#701 = ORIENTED_EDGE ( 'NONE', *, *, #997, .F. ) ;
#702 = CARTESIAN_POINT ( 'NONE',  ( 12.95723924355723078, 45.04133932494527670, 31.28154271270866005 ) ) ;
#703 = CARTESIAN_POINT ( 'NONE',  ( 14.33201379234290584, 39.26982089051516311, 29.36383901538918195 ) ) ;
#704 = EDGE_CURVE ( 'NONE', #2890, #3610, #1376, .T. ) ;
#705 = ORIENTED_EDGE ( 'NONE', *, *, #425, .F. ) ;
#706 = DIRECTION ( 'NONE',  ( -0.6916548014802254007, 0.2079116908177597867, 0.6916548014802255118 ) ) ;
#707 = CARTESIAN_POINT ( 'NONE',  ( 15.82576934889246090, 60.38722197647580714, 50.14640793367339455 ) ) ;
#708 = CARTESIAN_POINT ( 'NONE',  ( -44.32376424327666342, 63.05263157894739123, -22.85420839657008329 ) ) ;
#709 = CARTESIAN_POINT ( 'NONE',  ( -18.70733267199446814, 71.52770148730991195, 25.65640141968348331 ) ) ;
#710 = EDGE_LOOP ( 'NONE', ( #4022, #1083, #3293, #2933 ) ) ;
#711 = CARTESIAN_POINT ( 'NONE',  ( -21.62000847652204882, 54.02152255046163276, 24.42512259888615844 ) ) ;
#712 = CARTESIAN_POINT ( 'NONE',  ( 2.635143519590905823E-11, 24.00000000000001421, 32.50000000000000000 ) ) ;
#713 = DIRECTION ( 'NONE',  ( -0.000000000000000000, 0.000000000000000000, 1.000000000000000000 ) ) ;
#714 = CARTESIAN_POINT ( 'NONE',  ( -26.37364694153272993, 51.68600101584995343, 2.832858950467439296 ) ) ;
#715 = CARTESIAN_POINT ( 'NONE',  ( -16.68357851983826023, 58.53875182374466135, 27.87691724901579704 ) ) ;
#716 = CARTESIAN_POINT ( 'NONE',  ( 25.12332203272577402, 29.17232963864152495, 27.76445577338335369 ) ) ;
#717 = VECTOR ( 'NONE', #3837, 1000.000000000000000 ) ;
#718 = CARTESIAN_POINT ( 'NONE',  ( 10.12246779422203247, 80.76495962637639536, 24.43779903350849736 ) ) ;
#719 = CARTESIAN_POINT ( 'NONE',  ( -29.17076511591570664, 71.23471216075971313, -1.845377651058427437 ) ) ;
#720 = VERTEX_POINT ( 'NONE', #3553 ) ;
#721 = CIRCLE ( 'NONE', #976, 5.000000000000004441 ) ;
#722 = CARTESIAN_POINT ( 'NONE',  ( 15.18126852826943640, 63.05263157894739834, -47.50200000000000244 ) ) ;
#723 = CARTESIAN_POINT ( 'NONE',  ( -14.23243924525258919, 34.26315789473685669, 34.69420229851370863 ) ) ;
#724 = CIRCLE ( 'NONE', #2287, 32.50000000000000000 ) ;
#725 = ORIENTED_EDGE ( 'NONE', *, *, #3526, .T. ) ;
#726 = CARTESIAN_POINT ( 'NONE',  ( 23.21584927018074040, 56.52076677316293996, 12.81759277588113299 ) ) ;
#727 = DIRECTION ( 'NONE',  ( 0.000000000000000000, 1.000000000000000000, 0.000000000000000000 ) ) ;
#728 = CARTESIAN_POINT ( 'NONE',  ( 11.08850717873817615, 46.43884628951418136, 35.13565704784951294 ) ) ;
#729 = CARTESIAN_POINT ( 'NONE',  ( 9.488292830168393976, 35.84210526315791157, 34.69420229851370863 ) ) ;
#730 = CARTESIAN_POINT ( 'NONE',  ( -12.33478067921891252, 34.26315789473685669, 30.06830865871187797 ) ) ;
#731 = ORIENTED_EDGE ( 'NONE', *, *, #1639, .F. ) ;
#732 = ADVANCED_FACE ( 'NONE', ( #1731 ), #2021, .F. ) ;
#733 = CARTESIAN_POINT ( 'NONE',  ( -29.00651360225415232, 44.93819753341766443, 14.66609083045277551 ) ) ;
#734 = CARTESIAN_POINT ( 'NONE',  ( 0.3614004639995240242, 24.00000000000086331, 32.49999999999971578 ) ) ;
#735 = DIRECTION ( 'NONE',  ( -0.6709236202095756330, -0.3157894736842114525, 0.6709236202095779644 ) ) ;
#736 = SPHERICAL_SURFACE ( 'NONE', #1675, 26.60416666666666785 ) ;
#737 = CARTESIAN_POINT ( 'NONE',  ( -26.36601441104212284, 55.54109052606717967, -2.881684096149272456 ) ) ;
#738 = CARTESIAN_POINT ( 'NONE',  ( -30.64051658222009067, 68.16320418315990537, -2.705591358512065003 ) ) ;
#739 = CARTESIAN_POINT ( 'NONE',  ( 19.72381599880483094, 32.68335300034344471, 30.69337134958094637 ) ) ;
#740 = CARTESIAN_POINT ( 'NONE',  ( -22.27527782093869746, 58.00000000000000711, -44.90269481890812386 ) ) ;
#741 = CARTESIAN_POINT ( 'NONE',  ( -19.56819302503744140, 78.32072805720510189, 10.68813035391112898 ) ) ;
#742 = EDGE_LOOP ( 'NONE', ( #853, #2799, #1521, #3197, #2415, #1289, #3320, #2402 ) ) ;
#743 = CYLINDRICAL_SURFACE ( 'NONE', #1670, 9.999999999999994671 ) ;
#744 = CARTESIAN_POINT ( 'NONE',  ( -17.36519375030896839, 57.51643145820098368, 27.63281794879290842 ) ) ;
#745 = AXIS2_PLACEMENT_3D ( 'NONE', #1460, #507, #1441 ) ;
#746 = VERTEX_POINT ( 'NONE', #3282 ) ;
#747 = FACE_OUTER_BOUND ( 'NONE', #1600, .T. ) ;
#748 = DIRECTION ( 'NONE',  ( 0.7071067811865487940, -0.000000000000000000, 0.7071067811865463515 ) ) ;
#749 = LINE ( 'NONE', #152, #1954 ) ;
#750 = ORIENTED_EDGE ( 'NONE', *, *, #3321, .T. ) ;
#751 = CARTESIAN_POINT ( 'NONE',  ( -28.35041862709640981, 44.88265032521623965, 15.91829042604042677 ) ) ;
#752 = CARTESIAN_POINT ( 'NONE',  ( 17.12241631469704117, 48.91463119524900804, 36.69384854839741195 ) ) ;
#753 = FACE_OUTER_BOUND ( 'NONE', #1215, .T. ) ;
#754 = CARTESIAN_POINT ( 'NONE',  ( -32.55982592247260499, 10.83656509695292591, 78.00000000000000000 ) ) ;
#755 = ADVANCED_FACE ( 'NONE', ( #2643 ), #3302, .F. ) ;
#756 = CARTESIAN_POINT ( 'NONE',  ( -20.44809958931020688, 52.33918880223728110, 16.88823043185291439 ) ) ;
#757 = CARTESIAN_POINT ( 'NONE',  ( -21.66205048494215646, 78.92020842728136643, 11.87800154276629350 ) ) ;
#758 = CARTESIAN_POINT ( 'NONE',  ( 7.065862513637785725, 86.21574746004030487, 1.464630927357736923 ) ) ;
#759 = CARTESIAN_POINT ( 'NONE',  ( 8.761946700472821092, 81.82659853881870049, 31.72981583560639152 ) ) ;
#760 = CARTESIAN_POINT ( 'NONE',  ( -22.43363444180854316, 78.87226747354540635, 9.830900036960009913 ) ) ;
#761 = ORIENTED_EDGE ( 'NONE', *, *, #302, .T. ) ;
#762 = AXIS2_PLACEMENT_3D ( 'NONE', #130, #2906, #1990 ) ;
#763 = CARTESIAN_POINT ( 'NONE',  ( -26.55837362161892656, 52.45362621965361427, 25.18828905564977205 ) ) ;
#764 = CARTESIAN_POINT ( 'NONE',  ( -15.72445556118792354, 55.01167448364739698, 31.31007135614921566 ) ) ;
#765 = CIRCLE ( 'NONE', #634, 26.51916932907348468 ) ;
#766 = VERTEX_POINT ( 'NONE', #487 ) ;
#767 = CARTESIAN_POINT ( 'NONE',  ( 28.14325829633626697, 27.52566338237313559, 16.26381135351774887 ) ) ;
#768 = CARTESIAN_POINT ( 'NONE',  ( 31.90737965773338658, 57.00000000000000000, 6.178122226924385174 ) ) ;
#769 = APPLICATION_CONTEXT ( 'automotive_design' ) ;
#770 = CARTESIAN_POINT ( 'NONE',  ( -18.94598696302695728, 68.83121631729723333, 27.33781894155995928 ) ) ;
#771 = VERTEX_POINT ( 'NONE', #2361 ) ;
#772 = CARTESIAN_POINT ( 'NONE',  ( -34.24227761720324281, 53.92994590342419059, 4.335368621795073985 ) ) ;
#773 = CARTESIAN_POINT ( 'NONE',  ( -12.33478067921891252, 34.26315789473686380, 30.06830865871188152 ) ) ;
#774 = CARTESIAN_POINT ( 'NONE',  ( 3.248311656775644468E-15, 50.49999999999999289, 26.51916932907348468 ) ) ;
#775 = CARTESIAN_POINT ( 'NONE',  ( -48.84233198363151018, 70.90395092580929770, 35.90993114956516763 ) ) ;
#776 = DIRECTION ( 'NONE',  ( -0.3157894736842108419, -0.9488292830168391090, 0.000000000000000000 ) ) ;
#777 = CARTESIAN_POINT ( 'NONE',  ( 16.00000000000001776, 56.27904930670565165, 50.69848480983488059 ) ) ;
#778 = CARTESIAN_POINT ( 'NONE',  ( 18.50525374320239536, 80.89086773318186374, 5.189574366991267951 ) ) ;
#779 = CARTESIAN_POINT ( 'NONE',  ( 7.756487205307696087, 32.66772635633670774, 35.65266583591059657 ) ) ;
#780 = CARTESIAN_POINT ( 'NONE',  ( -19.30004894406867777, 76.43911144413080194, 20.10908580508780830 ) ) ;
#781 = VERTEX_POINT ( 'NONE', #3613 ) ;
#782 = CARTESIAN_POINT ( 'NONE',  ( -2.001726997164020626E-14, 87.00000000000000000, 0.000000000000000000 ) ) ;
#783 = CARTESIAN_POINT ( 'NONE',  ( -15.30872382553770628, 53.30021073034158263, 28.79295311083820863 ) ) ;
#784 = EDGE_CURVE ( 'NONE', #3484, #2311, #1721, .T. ) ;
#785 = ORIENTED_EDGE ( 'NONE', *, *, #2102, .T. ) ;
#786 = CARTESIAN_POINT ( 'NONE',  ( 14.97076376214613269, 29.15329216199066309, 28.84742921861791487 ) ) ;
#787 = CARTESIAN_POINT ( 'NONE',  ( 22.37728320098764812, 29.02500659599451893, 23.57770357443848752 ) ) ;
#788 = AXIS2_PLACEMENT_3D ( 'NONE', #551, #1597, #944 ) ;
#789 = CARTESIAN_POINT ( 'NONE',  ( -14.04767686173897623, 40.20155694828700632, 29.36563532322532666 ) ) ;
#790 = ORIENTED_EDGE ( 'NONE', *, *, #2745, .F. ) ;
#791 = CIRCLE ( 'NONE', #399, 16.00000000000001066 ) ;
#792 = CARTESIAN_POINT ( 'NONE',  ( -31.76074089368149700, 50.57745939570031624, 7.033116205295242729 ) ) ;
#793 = CARTESIAN_POINT ( 'NONE',  ( 6.111943466817719717, 62.35366270554016666, 24.64061498297180108 ) ) ;
#794 = DIRECTION ( 'NONE',  ( 0.000000000000000000, 1.000000000000000000, 0.000000000000000000 ) ) ;
#795 = CARTESIAN_POINT ( 'NONE',  ( -20.07968417372645931, 77.95892041371526204, 16.85669459138681248 ) ) ;
#796 = CARTESIAN_POINT ( 'NONE',  ( 15.48587375736021166, 83.85368978151876718, 5.180841660193974185 ) ) ;
#797 = CARTESIAN_POINT ( 'NONE',  ( 5.039066809667613889, 30.34673987753527769, 36.73712742684673316 ) ) ;
#798 = CARTESIAN_POINT ( 'NONE',  ( -16.46833935667651971, 73.50021791592605780, 20.91313780109986453 ) ) ;
#799 = CARTESIAN_POINT ( 'NONE',  ( -2.393789142053130981, 24.25121819337672591, 32.41348722764429624 ) ) ;
#800 = CARTESIAN_POINT ( 'NONE',  ( 31.89869221242253872, 56.21668863914119640, 6.222937226928229926 ) ) ;
#801 = CARTESIAN_POINT ( 'NONE',  ( -34.03482659928705090, 55.95495222640150956, 1.838461872465189550 ) ) ;
#802 = CARTESIAN_POINT ( 'NONE',  ( -15.31463792102149313, 53.34809357450685496, 31.65855511814144663 ) ) ;
#803 = CARTESIAN_POINT ( 'NONE',  ( 16.36126679471529144, 59.39335533746764639, 39.49959219340859562 ) ) ;
#804 = DIRECTION ( 'NONE',  ( -0.9490958603537172911, -0.3149873773017536349, 0.000000000000000000 ) ) ;
#805 = B_SPLINE_CURVE_WITH_KNOTS ( 'NONE', 3,
 ( #1966, #3149, #3788, #702, #3231, #1921, #1327, #3211, #2202, #417, #2836, #1287, #2552, #1001, #2818, #1940, #2243, #3188 ),
 .UNSPECIFIED., .F., .F.,
 ( 4, 2, 2, 2, 2, 2, 2, 2, 4 ),
 ( 0.01646077876796478087, 0.01803414825188151549, 0.01960751773579825358, 0.02118088721971499166, 0.02275425670363172628, 0.02590099567146519899, 0.02747436515538193708, 0.02826104989734030265, 0.02904773463929867169 ),
 .UNSPECIFIED. ) ;
#806 = ORIENTED_EDGE ( 'NONE', *, *, #3830, .F. ) ;
#807 = EDGE_CURVE ( 'NONE', #2227, #3680, #1890, .T. ) ;
#808 = CARTESIAN_POINT ( 'NONE',  ( 12.53949788866090920, 34.26315789473685669, 29.98351201410983435 ) ) ;
#809 = CARTESIAN_POINT ( 'NONE',  ( 14.72644302994429211, 29.51100767682318704, 28.97300127752406596 ) ) ;
#810 = EDGE_LOOP ( 'NONE', ( #842, #1190, #3522, #3363 ) ) ;
#811 = CARTESIAN_POINT ( 'NONE',  ( -30.91358191183146076, 49.46230900723449508, 10.11641957331110753 ) ) ;
#812 = CARTESIAN_POINT ( 'NONE',  ( 6.747797999062072449, 61.30995225366280010, 24.79287627568863073 ) ) ;
#813 = DIRECTION ( 'NONE',  ( -0.000000000000000000, -0.000000000000000000, 1.000000000000000000 ) ) ;
#814 = CARTESIAN_POINT ( 'NONE',  ( -26.75645834315777805, 75.22998541572466991, 1.045233571410325579 ) ) ;
#815 = CARTESIAN_POINT ( 'NONE',  ( 14.89337088382627350, 83.21211413662700807, 3.679766786311046811 ) ) ;
#816 = CARTESIAN_POINT ( 'NONE',  ( 17.58705734630046535, 80.15789473684209554, 31.00552975049193805 ) ) ;
#817 = CARTESIAN_POINT ( 'NONE',  ( -21.23457698712489616, 78.25067174487078603, 6.965278924124562288 ) ) ;
#818 = CARTESIAN_POINT ( 'NONE',  ( -6.216516283388688002, 25.82045270851070740, 31.90137831591482254 ) ) ;
#819 = CARTESIAN_POINT ( 'NONE',  ( -14.19546087555156788, 72.04541893948868392, 13.99857410478354147 ) ) ;
#820 = CARTESIAN_POINT ( 'NONE',  ( -22.47243926786776669, 57.73349439647194004, 28.43058176207925669 ) ) ;
#821 = CARTESIAN_POINT ( 'NONE',  ( 30.73368549455274490, 63.27059338095934748, 6.301658039496984998 ) ) ;
#822 = CARTESIAN_POINT ( 'NONE',  ( 13.01736446135149805, 48.11545232587771892, 31.42669782894825659 ) ) ;
#823 = CARTESIAN_POINT ( 'NONE',  ( -5.000000000000007994, 77.00000000000000000, 53.00000000000000000 ) ) ;
#824 = ORIENTED_EDGE ( 'NONE', *, *, #3789, .T. ) ;
#825 = DIRECTION ( 'NONE',  ( 0.2511310285135393006, -0.7545548334713102490, 0.6062839349700890335 ) ) ;
#826 = CARTESIAN_POINT ( 'NONE',  ( 17.21347190387944437, 32.26404266622684958, 27.73066495442150980 ) ) ;
#827 = ADVANCED_FACE ( 'NONE', ( #753 ), #3241, .T. ) ;
#828 = ORIENTED_EDGE ( 'NONE', *, *, #4051, .F. ) ;
#829 = CARTESIAN_POINT ( 'NONE',  ( -10.53203726992509282, 77.02183299015607076, 22.72115531131832356 ) ) ;
#830 = EDGE_CURVE ( 'NONE', #2452, #943, #195, .T. ) ;
#831 = CARTESIAN_POINT ( 'NONE',  ( -15.93109235863695083, 56.28383831634612733, 31.13017756170362915 ) ) ;
#832 = CARTESIAN_POINT ( 'NONE',  ( 7.352677679636265395, 56.52076677316293996, 25.47949122026282609 ) ) ;
#833 = CARTESIAN_POINT ( 'NONE',  ( 21.93174228457266040, 78.10147251785974731, 4.480294102390012689 ) ) ;
#834 = CARTESIAN_POINT ( 'NONE',  ( -9.117065200178824824, 34.85942423895345854, 34.91951334752423719 ) ) ;
#835 = CARTESIAN_POINT ( 'NONE',  ( -13.63236611781442242, 65.47803380826867681, 27.47609879377817421 ) ) ;
#836 = EDGE_CURVE ( 'NONE', #1880, #4044, #1998, .T. ) ;
#837 = CARTESIAN_POINT ( 'NONE',  ( -4.781935602629471482, 30.21363513898967668, 36.80928267231960405 ) ) ;
#838 = CARTESIAN_POINT ( 'NONE',  ( 31.39002288979760635, 56.48859080811879352, 8.830363779801482238 ) ) ;
#839 = CARTESIAN_POINT ( 'NONE',  ( -33.97673307572183887, 50.96753760383058562, 10.38286111761849284 ) ) ;
#840 = CARTESIAN_POINT ( 'NONE',  ( 22.70423890936816846, 51.92196119720860992, 43.64277985954478822 ) ) ;
#841 = CARTESIAN_POINT ( 'NONE',  ( 22.80856038585973877, 59.93070463593224417, 12.53629014851026113 ) ) ;
#842 = ORIENTED_EDGE ( 'NONE', *, *, #3679, .F. ) ;
#843 = B_SPLINE_CURVE_WITH_KNOTS ( 'NONE', 3,
 ( #3125, #333, #1571, #19 ),
 .UNSPECIFIED., .F., .F.,
 ( 4, 4 ),
 ( 0.000000000000000000, 0.0001786429756908845465 ),
 .UNSPECIFIED. ) ;
#844 = CARTESIAN_POINT ( 'NONE',  ( 10.10179981585460673, 85.38990146936690451, 1.188455387734230317 ) ) ;
#845 = CARTESIAN_POINT ( 'NONE',  ( 14.52772132509037384, 29.81758789183736269, 29.07300708473389150 ) ) ;
#846 = VECTOR ( 'NONE', #2121, 1000.000000000000000 ) ;
#847 = VERTEX_POINT ( 'NONE', #1831 ) ;
#848 = CARTESIAN_POINT ( 'NONE',  ( 0.000000000000000000, 54.39583333333332149, 0.000000000000000000 ) ) ;
#849 = CIRCLE ( 'NONE', #2477, 16.00000000000001066 ) ;
#850 = CARTESIAN_POINT ( 'NONE',  ( 78.17760263658470876, 10.83656509695296144, 32.13105522851662954 ) ) ;
#851 = AXIS2_PLACEMENT_3D ( 'NONE', #2462, #2404, #3737 ) ;
#852 = CARTESIAN_POINT ( 'NONE',  ( 4.968514938206407550, 86.70507013686759024, 1.486345684882214302 ) ) ;
#853 = ORIENTED_EDGE ( 'NONE', *, *, #3726, .T. ) ;
#854 = B_SPLINE_CURVE_WITH_KNOTS ( 'NONE', 3,
 ( #1182, #4011, #2430, #272, #1511, #17, #370, #1876 ),
 .UNSPECIFIED., .F., .F.,
 ( 4, 2, 2, 4 ),
 ( 0.05056536987385434889, 0.05189824948576835656, 0.05323112909768236423, 0.05589688832151038650 ),
 .UNSPECIFIED. ) ;
#855 = EDGE_CURVE ( 'NONE', #2591, #2461, #3858, .T. ) ;
#856 = DIRECTION ( 'NONE',  ( 0.7071067811865487940, 0.000000000000000000, 0.7071067811865463515 ) ) ;
#857 = CARTESIAN_POINT ( 'NONE',  ( 0.000000000000000000, 0.000000000000000000, 78.00000000000000000 ) ) ;
#858 = CARTESIAN_POINT ( 'NONE',  ( -18.68484959636591469, 52.40853407175444545, 26.59314494257413841 ) ) ;
#859 = CARTESIAN_POINT ( 'NONE',  ( -16.29252807977644935, 71.59653067700320150, 22.64594440181473445 ) ) ;
#860 = CARTESIAN_POINT ( 'NONE',  ( -2.867655683183234494, 29.41643835194537004, 37.25436591224918459 ) ) ;
#861 = DIRECTION ( 'NONE',  ( 0.7071067811865487940, -0.000000000000000000, 0.7071067811865463515 ) ) ;
#862 = CARTESIAN_POINT ( 'NONE',  ( -32.22435975454236257, 58.03256824363960220, -3.583351780006936771 ) ) ;
#863 = CARTESIAN_POINT ( 'NONE',  ( 28.73840632328280265, 35.42405402508307333, 15.51670174253353274 ) ) ;
#864 = VERTEX_POINT ( 'NONE', #3038 ) ;
#865 = LINE ( 'NONE', #3747, #2384 ) ;
#866 = CARTESIAN_POINT ( 'NONE',  ( 21.81703628023799268, 30.75889436625317686, 29.83592461036439047 ) ) ;
#867 = ORIENTED_EDGE ( 'NONE', *, *, #1340, .T. ) ;
#868 = CARTESIAN_POINT ( 'NONE',  ( 12.58891290375877325, 60.40511595343956230, 22.65903943329840686 ) ) ;
#869 = CARTESIAN_POINT ( 'NONE',  ( -33.80085688078631279, 58.09418636096101807, 0.1411417186117726319 ) ) ;
#870 = CARTESIAN_POINT ( 'NONE',  ( 55.15432893255080415, 77.00000000000000000, 55.15432893255061231 ) ) ;
#871 = ORIENTED_EDGE ( 'NONE', *, *, #3029, .T. ) ;
#872 = CARTESIAN_POINT ( 'NONE',  ( 5.000000000000007994, 77.00000000000000000, 53.00000000000000000 ) ) ;
#873 = DIRECTION ( 'NONE',  ( 1.000000000000000000, 0.000000000000000000, 0.000000000000000000 ) ) ;
#874 = EDGE_CURVE ( 'NONE', #2594, #3090, #3576, .T. ) ;
#875 = CARTESIAN_POINT ( 'NONE',  ( -17.29234387245121241, 63.79599736361822693, 26.25341919974172811 ) ) ;
#876 = CARTESIAN_POINT ( 'NONE',  ( -4.089895314117856451, 29.85991145373709088, 37.00147345768301932 ) ) ;
#877 = ORIENTED_EDGE ( 'NONE', *, *, #3556, .T. ) ;
#878 = LINE ( 'NONE', #1528, #2912 ) ;
#879 = CARTESIAN_POINT ( 'NONE',  ( 0.000000000000000000, 57.00000000000000000, -32.50000000000000000 ) ) ;
#880 = CARTESIAN_POINT ( 'NONE',  ( -22.45168557387788866, 78.00136724106400266, 1.444466323271595964 ) ) ;
#881 = CARTESIAN_POINT ( 'NONE',  ( -32.14112163538896283, 59.79127377251684550, -2.447587850541666832 ) ) ;
#882 = ORIENTED_EDGE ( 'NONE', *, *, #1295, .T. ) ;
#883 = CARTESIAN_POINT ( 'NONE',  ( 17.19301851596833330, 50.80277219992315452, 20.19183491642609596 ) ) ;
#884 = CARTESIAN_POINT ( 'NONE',  ( 28.01397386581459159, 32.89299525624578280, 16.76212995179070830 ) ) ;
#885 = ORIENTED_EDGE ( 'NONE', *, *, #318, .T. ) ;
#886 = CARTESIAN_POINT ( 'NONE',  ( 14.14279577698270352, 64.08991038944206764, 20.34325850080527687 ) ) ;
#887 = AXIS2_PLACEMENT_3D ( 'NONE', #1596, #1351, #2229 ) ;
#888 = DIRECTION ( 'NONE',  ( 0.2232968782694363385, -0.9488292830168389980, -0.2232968782694370879 ) ) ;
#889 = CARTESIAN_POINT ( 'NONE',  ( 0.9977490301833922270, 86.98843756125856430, 0.2955648476056110807 ) ) ;
#890 = CARTESIAN_POINT ( 'NONE',  ( 2.026014547068248461, 87.00000000000000000, 0.5999294595119563089 ) ) ;
#891 = CARTESIAN_POINT ( 'NONE',  ( -18.25268146344974696, 53.13360073861387178, 26.89160801754721675 ) ) ;
#892 = CARTESIAN_POINT ( 'NONE',  ( -17.81952016449190168, 62.02984433301115530, 26.48377134012877221 ) ) ;
#893 = CARTESIAN_POINT ( 'NONE',  ( 11.38285571722332890, 31.74394517352429546, 30.44188990627039715 ) ) ;
#894 = CARTESIAN_POINT ( 'NONE',  ( -18.19066747289879160, 73.81121322481887148, 0.4676216386642048639 ) ) ;
#895 = ADVANCED_FACE ( 'NONE', ( #2115, #3406 ), #3941, .F. ) ;
#896 = CARTESIAN_POINT ( 'NONE',  ( 31.79851938177270654, 57.06214417550706486, 7.000938353985618257 ) ) ;
#897 = CARTESIAN_POINT ( 'NONE',  ( -2.001726997164020626E-14, 87.00000000000000000, 0.000000000000000000 ) ) ;
#898 = CARTESIAN_POINT ( 'NONE',  ( 13.27586112745766123, 46.98528933053756163, 32.05076398607043586 ) ) ;
#899 = CARTESIAN_POINT ( 'NONE',  ( -5.745884466908274923, 85.67104854788564694, 7.238740810293931460 ) ) ;
#900 = ORIENTED_EDGE ( 'NONE', *, *, #1698, .F. ) ;
#902 = EDGE_CURVE ( 'NONE', #3076, #2010, #3632, .T. ) ;
#901 = DIRECTION ( 'NONE',  ( 0.7071067811865463515, 0.000000000000000000, -0.7071067811865487940 ) ) ;
#903 = CARTESIAN_POINT ( 'NONE',  ( 30.10620280258450521, 31.21054667451774023, 21.23019530131502464 ) ) ;
#904 = ORIENTED_EDGE ( 'NONE', *, *, #3731, .T. ) ;
#905 = CARTESIAN_POINT ( 'NONE',  ( 12.87941188853318053, 61.74758815402579160, 22.09290094306167518 ) ) ;
#906 = CIRCLE ( 'NONE', #3714, 26.51916932907348468 ) ;
#907 = CARTESIAN_POINT ( 'NONE',  ( 9.488292830168386871, 35.84210526315789735, 34.69420229851370863 ) ) ;
#908 = CARTESIAN_POINT ( 'NONE',  ( 18.84307230631293351, 82.23589003899083139, 6.699241361681154139 ) ) ;
#909 = ORIENTED_EDGE ( 'NONE', *, *, #1502, .F. ) ;
#910 = DIRECTION ( 'NONE',  ( 0.000000000000000000, 0.000000000000000000, -1.000000000000000000 ) ) ;
#911 = CIRCLE ( 'NONE', #3198, 47.50000000000000711 ) ;
#912 = CARTESIAN_POINT ( 'NONE',  ( -31.10403288182840598, 46.11246272920208611, 9.458588499900432822 ) ) ;
#913 = CARTESIAN_POINT ( 'NONE',  ( -19.76325252054000714, 64.89336751393365432, 28.74222468145833176 ) ) ;
#914 = CARTESIAN_POINT ( 'NONE',  ( 9.488292830168386871, 35.84210526315789735, 34.69420229851371573 ) ) ;
#915 = CARTESIAN_POINT ( 'NONE',  ( -22.73928008616882934, 66.49598567861571041, -6.664898301292542016 ) ) ;
#916 = AXIS2_PLACEMENT_3D ( 'NONE', #4012, #1202, #3357 ) ;
#917 = CARTESIAN_POINT ( 'NONE',  ( 15.18126852826943640, 63.05263157894739834, 48.10420699215573137 ) ) ;
#918 = CARTESIAN_POINT ( 'NONE',  ( 37.47665940288707986, 0.000000000000000000, 37.47665940288695197 ) ) ;
#919 = CARTESIAN_POINT ( 'NONE',  ( -25.39544139582365645, 74.72032150277793505, -2.537980612256054425 ) ) ;
#920 = CARTESIAN_POINT ( 'NONE',  ( -31.49940603077603996, 62.30656978955449432, -3.361444965978198862 ) ) ;
#921 = ORIENTED_EDGE ( 'NONE', *, *, #179, .T. ) ;
#922 = PLANE ( 'NONE',  #498 ) ;
#923 = CARTESIAN_POINT ( 'NONE',  ( 27.90407042298246054, 29.20551215672614020, 24.95582132436092948 ) ) ;
#924 = EDGE_CURVE ( 'NONE', #1461, #3138, #658, .T. ) ;
#925 = ORIENTED_EDGE ( 'NONE', *, *, #3679, .T. ) ;
#926 = CARTESIAN_POINT ( 'NONE',  ( -1.972683528052407098, 86.81601042434736826, 3.647564902752127747 ) ) ;
#927 = DIRECTION ( 'NONE',  ( 0.000000000000000000, 0.000000000000000000, 1.000000000000000000 ) ) ;
#928 = CARTESIAN_POINT ( 'NONE',  ( -9.218525189845157897, 80.95160187141129882, 20.28883232238381495 ) ) ;
#929 = ORIENTED_EDGE ( 'NONE', *, *, #1149, .T. ) ;
#930 = CYLINDRICAL_SURFACE ( 'NONE', #1960, 32.50000000000000000 ) ;
#931 = CARTESIAN_POINT ( 'NONE',  ( -30.25574344293158191, 45.38005823297721975, 11.87576975321717754 ) ) ;
#932 = DIRECTION ( 'NONE',  ( 0.6916548014802254007, -0.2079116908177598144, -0.6916548014802257338 ) ) ;
#933 = CARTESIAN_POINT ( 'NONE',  ( 1.687541548156846982, 29.12634178646083072, 32.47411697664088592 ) ) ;
#934 = DIRECTION ( 'NONE',  ( -0.000000000000000000, -0.000000000000000000, 1.000000000000000000 ) ) ;
#935 = CARTESIAN_POINT ( 'NONE',  ( -37.88217687524002031, 70.90395092580929770, 46.87008625795665040 ) ) ;
#936 = DIRECTION ( 'NONE',  ( 0.000000000000000000, 1.000000000000000000, 0.000000000000000000 ) ) ;
#937 = CARTESIAN_POINT ( 'NONE',  ( -16.75368874281822684, 79.54503645125943478, 12.25643093714484522 ) ) ;
#938 = CARTESIAN_POINT ( 'NONE',  ( -32.43021856915164847, 56.45633354578355778, -2.658372896965782939 ) ) ;
#939 = ORIENTED_EDGE ( 'NONE', *, *, #332, .F. ) ;
#940 =( BOUNDED_CURVE ( )  B_SPLINE_CURVE ( 3, ( #3375, #1222, #2795, #897 ),
 .UNSPECIFIED., .F., .T. ) 
 B_SPLINE_CURVE_WITH_KNOTS ( ( 4, 4 ),
 ( 0.3212885892648109087, 1.570796326794896780 ),
 .UNSPECIFIED. ) 
 CURVE ( )  GEOMETRIC_REPRESENTATION_ITEM ( )  RATIONAL_B_SPLINE_CURVE ( ( 1.000000000000000000, 0.8740714037692085547, 0.8740714037692085547, 1.000000000000000000 ) ) 
 REPRESENTATION_ITEM ( '' )  );
#941 = FACE_OUTER_BOUND ( 'NONE', #3230, .T. ) ;
#942 = CARTESIAN_POINT ( 'NONE',  ( 26.87349714353169006, 29.00953348372162566, 26.15141024368224620 ) ) ;
#943 = VERTEX_POINT ( 'NONE', #2440 ) ;
#944 = DIRECTION ( 'NONE',  ( 0.7071067811865461294, 0.000000000000000000, -0.7071067811865489050 ) ) ;
#945 = ADVANCED_FACE ( 'NONE', ( #3080 ), #2765, .T. ) ;
#946 = LINE ( 'NONE', #2557, #2806 ) ;
#947 = CARTESIAN_POINT ( 'NONE',  ( -9.488292830168388647, 35.84210526315791157, 34.69420229851370863 ) ) ;
#948 = ORIENTED_EDGE ( 'NONE', *, *, #2145, .T. ) ;
#949 = VECTOR ( 'NONE', #2903, 1000.000000000000000 ) ;
#950 = EDGE_CURVE ( 'NONE', #3035, #1514, #2888, .T. ) ;
#951 = CARTESIAN_POINT ( 'NONE',  ( -26.58735617210217583, 49.53236496084633700, 18.71579141269196001 ) ) ;
#952 = CARTESIAN_POINT ( 'NONE',  ( 6.765889798593246240, 26.16693972502137200, 31.79395422744944710 ) ) ;
#953 = VECTOR ( 'NONE', #1978, 1000.000000000000114 ) ;
#954 = CARTESIAN_POINT ( 'NONE',  ( 0.8648005305021607692, 50.54690235144774135, 26.50593678328736047 ) ) ;
#955 = CARTESIAN_POINT ( 'NONE',  ( 6.276285094010500387, 31.21054667451794984, 36.30031522095890750 ) ) ;
#956 = CARTESIAN_POINT ( 'NONE',  ( -17.99451700397610665, 73.97593464643422578, 0.9478882069183479642 ) ) ;
#957 = CARTESIAN_POINT ( 'NONE',  ( 33.06778394906677221, 59.28941451799068574, 10.47313472899174513 ) ) ;
#958 = CARTESIAN_POINT ( 'NONE',  ( -20.13065930810631343, 79.48832530147878117, 5.339717537488395394 ) ) ;
#959 = CARTESIAN_POINT ( 'NONE',  ( -29.40899203641320980, 68.05288798538985873, -3.796151249758187518 ) ) ;
#960 = VERTEX_POINT ( 'NONE', #3366 ) ;
#961 = FACE_BOUND ( 'NONE', #2053, .T. ) ;
#962 = CARTESIAN_POINT ( 'NONE',  ( 29.52339199928915292, 30.32673130056101130, 22.44579272975737538 ) ) ;
#963 =( BOUNDED_CURVE ( )  B_SPLINE_CURVE ( 3, ( #1059, #2921, #777, #3265 ),
 .UNSPECIFIED., .F., .T. ) 
 B_SPLINE_CURVE_WITH_KNOTS ( ( 4, 4 ),
 ( 5.961896717914774158, 6.283185307179586232 ),
 .UNSPECIFIED. ) 
 CURVE ( )  GEOMETRIC_REPRESENTATION_ITEM ( )  RATIONAL_B_SPLINE_CURVE ( ( 1.000000000000000000, 0.9914162870737730504, 0.9914162870737730504, 1.000000000000000000 ) ) 
 REPRESENTATION_ITEM ( '' )  );
#964 = ORIENTED_EDGE ( 'NONE', *, *, #1908, .F. ) ;
#965 = CARTESIAN_POINT ( 'NONE',  ( -6.501788990485451336, 84.66666025102165349, 12.70749905751934072 ) ) ;
#966 = CARTESIAN_POINT ( 'NONE',  ( -17.84640881626929954, 53.88064118444087569, 27.16165849801122789 ) ) ;
#967 = CARTESIAN_POINT ( 'NONE',  ( -0.8172809758497757704, 87.00000000003511502, 1.221326201229852915 ) ) ;
#968 = VERTEX_POINT ( 'NONE', #570 ) ;
#969 = CARTESIAN_POINT ( 'NONE',  ( -23.47232830746954235, 46.98095208243390886, 22.48285185040826306 ) ) ;
#970 = CARTESIAN_POINT ( 'NONE',  ( -3.340614667481013544, 64.73325495644735383, 24.29005812499748629 ) ) ;
#971 = CARTESIAN_POINT ( 'NONE',  ( 5.088830646738816021, 52.47382205900095897, 26.02852887626822920 ) ) ;
#972 = CARTESIAN_POINT ( 'NONE',  ( 10.66976945358537421, 30.42203012817818575, 30.69934644758971842 ) ) ;
#973 = EDGE_CURVE ( 'NONE', #1514, #3016, #529, .T. ) ;
#974 = CARTESIAN_POINT ( 'NONE',  ( -24.99047475455790490, 60.97083846134755447, -6.326702390358541095 ) ) ;
#975 = CARTESIAN_POINT ( 'NONE',  ( -7.911592457659485156, 32.87839192785236975, 35.57350468051371450 ) ) ;
#976 = AXIS2_PLACEMENT_3D ( 'NONE', #2075, #2381, #3021 ) ;
#977 = CARTESIAN_POINT ( 'NONE',  ( -7.352677679636265395, 56.52076677316293996, 25.47949122026282964 ) ) ;
#978 = CARTESIAN_POINT ( 'NONE',  ( -33.75603452234029334, 58.61349321854931560, -0.1515328258611157719 ) ) ;
#979 = CARTESIAN_POINT ( 'NONE',  ( -26.03200619498914392, 74.12688211345587774, -1.020758707334257887 ) ) ;
#980 = CIRCLE ( 'NONE', #1503, 26.60416666666666785 ) ;
#981 = VERTEX_POINT ( 'NONE', #1504 ) ;
#982 = CARTESIAN_POINT ( 'NONE',  ( 33.28148890653714176, 57.38503517176154389, 10.67079151525652847 ) ) ;
#983 = CARTESIAN_POINT ( 'NONE',  ( 28.63272055407843197, 34.86522665710618440, 15.70886296262251491 ) ) ;
#984 = ORIENTED_EDGE ( 'NONE', *, *, #1419, .F. ) ;
#985 = CARTESIAN_POINT ( 'NONE',  ( 29.98351201410986988, 34.26315789473684248, 12.53949788866080972 ) ) ;
#986 = FACE_OUTER_BOUND ( 'NONE', #2580, .T. ) ;
#987 = DIRECTION ( 'NONE',  ( -0.000000000000000000, -1.000000000000000000, -0.000000000000000000 ) ) ;
#988 = CARTESIAN_POINT ( 'NONE',  ( -9.617957140795187095E-15, 87.00000000000000000, 0.000000000000000000 ) ) ;
#989 = ORIENTED_EDGE ( 'NONE', *, *, #1754, .F. ) ;
#990 = CARTESIAN_POINT ( 'NONE',  ( 14.69617847717774417, 51.48985421069551194, 45.05443339575219142 ) ) ;
#991 = CARTESIAN_POINT ( 'NONE',  ( -0.4939372318663807770, 65.48782459330625727, 24.17781926436023454 ) ) ;
#992 = CARTESIAN_POINT ( 'NONE',  ( -19.68788432382383746, 57.54259627640865205, 26.06597045597928997 ) ) ;
#993 = DIRECTION ( 'NONE',  ( 1.000000000000000000, -9.974659986866631327E-15, 0.000000000000000000 ) ) ;
#994 = LINE ( 'NONE', #2938, #395 ) ;
#995 = FACE_OUTER_BOUND ( 'NONE', #3639, .T. ) ;
#996 = DIRECTION ( 'NONE',  ( -0.000000000000000000, 0.000000000000000000, 1.000000000000000000 ) ) ;
#997 = EDGE_CURVE ( 'NONE', #3035, #502, #3115, .T. ) ;
#998 = CARTESIAN_POINT ( 'NONE',  ( -33.65714693214996345, 58.55762490234371143, -0.2387029959693955927 ) ) ;
#999 = CARTESIAN_POINT ( 'NONE',  ( -24.21635037909148380, 76.20401713457248150, -1.070389428474601834 ) ) ;
#1000 = VERTEX_POINT ( 'NONE', #3176 ) ;
#1001 = CARTESIAN_POINT ( 'NONE',  ( 12.44372233362247471, 35.93854357635632368, 30.04180322423636440 ) ) ;
#1002 = CARTESIAN_POINT ( 'NONE',  ( 11.41180734726876089, 38.18377809578198168, 30.45512698557133291 ) ) ;
#1003 = ORIENTED_EDGE ( 'NONE', *, *, #3724, .T. ) ;
#1004 = CARTESIAN_POINT ( 'NONE',  ( 16.00000000000001776, 59.72095069329437678, 50.69848480983488059 ) ) ;
#1005 = CYLINDRICAL_SURFACE ( 'NONE', #335, 7.500000000000011546 ) ;
#1006 = CARTESIAN_POINT ( 'NONE',  ( 15.87954292056750738, 59.99847964291758018, 50.31679784659743149 ) ) ;
#1007 = EDGE_CURVE ( 'NONE', #1498, #1612, #3797, .T. ) ;
#1008 = CARTESIAN_POINT ( 'NONE',  ( 32.09222044059281131, 63.05263157894739834, 10.62266459388627027 ) ) ;
#1009 = CARTESIAN_POINT ( 'NONE',  ( -9.272887459424953960, 81.05020907000761099, 16.46803970520220517 ) ) ;
#1010 = ORIENTED_EDGE ( 'NONE', *, *, #1621, .T. ) ;
#1011 = CARTESIAN_POINT ( 'NONE',  ( -19.14157253990837404, 58.96353258875618053, 26.46939046930850381 ) ) ;
#1012 = CARTESIAN_POINT ( 'NONE',  ( 2.657940788863734305, 65.01751875200693576, 24.24782977694033548 ) ) ;
#1013 = CYLINDRICAL_SURFACE ( 'NONE', #2207, 47.50000000000000711 ) ;
#1014 = AXIS2_PLACEMENT_3D ( 'NONE', #3520, #3851, #3460 ) ;
#1015 = CARTESIAN_POINT ( 'NONE',  ( -4.336808689942017736E-16, 58.00000000000000711, 78.00000000000000000 ) ) ;
#1016 = B_SPLINE_CURVE_WITH_KNOTS ( 'NONE', 3,
 ( #185, #3619, #576, #2408, #3661, #557, #2669, #3046, #1488, #1816, #2347, #3601, #1425, #819, #2773, #1915, #2466, #616, #1220, #310, #1855, #3162, #3143, #1239, #4030, #34, #3412, #956, #894, #3781 ),
 .UNSPECIFIED., .F., .F.,
 ( 4, 2, 2, 2, 2, 2, 2, 2, 2, 2, 2, 2, 2, 2, 4 ),
 ( 0.007510090155523939728, 0.009139780506744436470, 0.01076947085796493321, 0.01239916120918542995, 0.01402885156040592496, 0.01565854191162642517, 0.01728823226284691844, 0.02054761296528788417, 0.02217730331650836009, 0.02380699366772882908, 0.02543668401894930847, 0.02706637437016978093, 0.03032575507261072584, 0.03195544542383119135, 0.03358513577505166381 ),
 .UNSPECIFIED. ) ;
#1017 = CARTESIAN_POINT ( 'NONE',  ( 31.06996504646764734, 62.21878848045973598, 6.142875402978313915 ) ) ;
#1018 = CARTESIAN_POINT ( 'NONE',  ( 13.28193013305731895, 47.24056677655700298, 32.88328700541416083 ) ) ;
#1019 = CARTESIAN_POINT ( 'NONE',  ( 7.026092478079677406, 84.52750522177787218, 16.96248775106011664 ) ) ;
#1020 = CARTESIAN_POINT ( 'NONE',  ( -30.00490807607423349, 69.56099050646182036, -2.439377411070314583 ) ) ;
#1021 = ORIENTED_EDGE ( 'NONE', *, *, #2913, .F. ) ;
#1022 = CARTESIAN_POINT ( 'NONE',  ( 37.47665940288707986, 77.00000000000000000, 37.47665940288695197 ) ) ;
#1023 = CARTESIAN_POINT ( 'NONE',  ( -15.30970469031089465, 62.76601137118709772, 28.79451753520354629 ) ) ;
#1024 = ORIENTED_EDGE ( 'NONE', *, *, #3933, .T. ) ;
#1025 = ADVANCED_FACE ( 'NONE', ( #1848 ), #2785, .T. ) ;
#1026 = CARTESIAN_POINT ( 'NONE',  ( -17.84640881626929954, 53.88064118444087569, 27.16165849801122789 ) ) ;
#1027 = PLANE ( 'NONE',  #2670 ) ;
#1028 = CARTESIAN_POINT ( 'NONE',  ( -31.18807787338985449, 62.40722655301372868, -5.149201973120745457 ) ) ;
#1029 = CARTESIAN_POINT ( 'NONE',  ( -13.01620148830332546, 73.03838057877790391, 23.41290775880682773 ) ) ;
#1030 = CARTESIAN_POINT ( 'NONE',  ( -12.73869197340406956, 76.66674446995359915, 20.13180549259095287 ) ) ;
#1031 = ORIENTED_EDGE ( 'NONE', *, *, #2455, .F. ) ;
#1032 = CARTESIAN_POINT ( 'NONE',  ( -28.82759140856720492, 50.81479174151754563, 22.67585626445726277 ) ) ;
#1033 = CARTESIAN_POINT ( 'NONE',  ( 8.404809912075975831, 27.53036399540809853, 31.39925087795738534 ) ) ;
#1034 = CARTESIAN_POINT ( 'NONE',  ( 7.500000000000010658, 58.00000000000000711, 8.999999999999994671 ) ) ;
#1035 = FILL_AREA_STYLE_COLOUR ( '', #1537 ) ;
#1036 = DIRECTION ( 'NONE',  ( 0.000000000000000000, -0.000000000000000000, -1.000000000000000000 ) ) ;
#1037 = CARTESIAN_POINT ( 'NONE',  ( -14.39986647192082181, 65.40045256304559018, 27.19754704322523509 ) ) ;
#1038 = DIRECTION ( 'NONE',  ( 0.000000000000000000, 1.000000000000000000, 0.000000000000000000 ) ) ;
#1039 = AXIS2_PLACEMENT_3D ( 'NONE', #675, #694, #3141 ) ;
#1040 = CARTESIAN_POINT ( 'NONE',  ( 4.980581167120582187, 85.68705157031109820, 18.03627990325328057 ) ) ;
#1041 = CARTESIAN_POINT ( 'NONE',  ( -30.40713636261675390, 68.68372746348224211, -2.619076768295919067 ) ) ;
#1042 = VERTEX_POINT ( 'NONE', #1293 ) ;
#1043 = CIRCLE ( 'NONE', #2025, 5.000000000000001776 ) ;
#1044 = CARTESIAN_POINT ( 'NONE',  ( -17.36519375030896839, 57.51643145820098368, 27.63281794879290842 ) ) ;
#1045 = CARTESIAN_POINT ( 'NONE',  ( 0.000000000000000000, 0.000000000000000000, -26.51916932907348468 ) ) ;
#1046 = AXIS2_PLACEMENT_3D ( 'NONE', #3720, #3068, #1877 ) ;
#1047 = ORIENTED_EDGE ( 'NONE', *, *, #3977, .F. ) ;
#1048 = CARTESIAN_POINT ( 'NONE',  ( -15.18126852826942574, 63.05263157894739123, 31.76834649986019699 ) ) ;
#1049 = CARTESIAN_POINT ( 'NONE',  ( 16.00000000000001421, 58.00000000000000711, 50.69848480983488059 ) ) ;
#1050 = CARTESIAN_POINT ( 'NONE',  ( 16.73324154723469448, 55.68718406885226102, 40.39761868580824711 ) ) ;
#1051 = ADVANCED_FACE ( 'NONE', ( #3095 ), #3630, .F. ) ;
#1052 = CARTESIAN_POINT ( 'NONE',  ( -10.19996240131729159, 76.69780811508137219, 21.68922971593827143 ) ) ;
#1053 = VERTEX_POINT ( 'NONE', #1708 ) ;
#1054 = CARTESIAN_POINT ( 'NONE',  ( -34.20091957142756200, 54.43284333676793096, 3.632878456539051282 ) ) ;
#1055 = CARTESIAN_POINT ( 'NONE',  ( 23.28003304440149535, 52.94736842105263719, 44.74958889110783389 ) ) ;
#1056 = DIRECTION ( 'NONE',  ( 0.7071067811865487940, 3.095222743500086481E-17, 0.7071067811865463515 ) ) ;
#1057 = SURFACE_STYLE_USAGE ( .BOTH. , #3242 ) ;
#1058 = CARTESIAN_POINT ( 'NONE',  ( -20.62105373212063952, 52.17335444633197028, 16.67676918553824805 ) ) ;
#1059 = CARTESIAN_POINT ( 'NONE',  ( 15.18126852826943463, 52.94736842105261587, 48.10420699215573137 ) ) ;
#1060 = CARTESIAN_POINT ( 'NONE',  ( 30.28125003176263164, 31.56369405988987253, 20.81895278577351505 ) ) ;
#1061 = CARTESIAN_POINT ( 'NONE',  ( 15.22278595562504577, 82.71124897676872934, 26.83738009939287039 ) ) ;
#1062 = CARTESIAN_POINT ( 'NONE',  ( -19.91810362942753088, 77.76936471952963359, 17.43226054764666344 ) ) ;
#1063 = ADVANCED_FACE ( 'NONE', ( #2889 ), #2927, .F. ) ;
#1064 = B_SPLINE_CURVE_WITH_KNOTS ( 'NONE', 3,
 ( #2542, #1976, #3221, #3202, #1336, #693, #51, #3820, #1623, #429, #1033, #2280, #952, #3140, #674, #2561, #3533, #2235, #1667, #3511, #734, #712 ),
 .UNSPECIFIED., .F., .F.,
 ( 4, 2, 2, 2, 2, 2, 2, 2, 2, 2, 4 ),
 ( 0.000000000000000000, 0.002184040484488826168, 0.003276060726733229060, 0.004368080968977632386, 0.006552121453466426895, 0.008736161937955221404, 0.01092020242244401765, 0.01310424290693281389, 0.01528828339142161187, 0.01638030363366600739, 0.01747232387591040464 ),
 .UNSPECIFIED. ) ;
#1065 = ORIENTED_EDGE ( 'NONE', *, *, #652, .F. ) ;
#1066 = CARTESIAN_POINT ( 'NONE',  ( -33.53421603267292994, 50.31048480518303023, 12.73514631139506648 ) ) ;
#1067 = CARTESIAN_POINT ( 'NONE',  ( -18.09473208920298859, 60.32608283710355579, 26.99691000222913573 ) ) ;
#1068 = ORIENTED_EDGE ( 'NONE', *, *, #1007, .F. ) ;
#1069 = CARTESIAN_POINT ( 'NONE',  ( 8.146227996466510746, 85.96956791407649234, 0.9106587745663122790 ) ) ;
#1070 = CARTESIAN_POINT ( 'NONE',  ( 31.90417678744224261, 57.00091842932943820, 6.194635059116237130 ) ) ;
#1071 = CARTESIAN_POINT ( 'NONE',  ( -19.62732334005545098, 65.41653515712212652, 28.61523272277207397 ) ) ;
#1072 = VERTEX_POINT ( 'NONE', #2357 ) ;
#1073 = CARTESIAN_POINT ( 'NONE',  ( -32.25329315519813633, 48.97428301468621470, 4.080247213549043295 ) ) ;
#1074 = CARTESIAN_POINT ( 'NONE',  ( 21.84893655068788121, 51.74651019807103580, 42.75327398089807929 ) ) ;
#1075 = CARTESIAN_POINT ( 'NONE',  ( 0.000000000000000000, 0.000000000000000000, 0.000000000000000000 ) ) ;
#1076 = CARTESIAN_POINT ( 'NONE',  ( 0.000000000000000000, 0.000000000000000000, 0.000000000000000000 ) ) ;
#1077 = CARTESIAN_POINT ( 'NONE',  ( -26.01294614780853465, 50.83726664404965589, 5.192717180499980323 ) ) ;
#1078 = EDGE_CURVE ( 'NONE', #3016, #1612, #749, .T. ) ;
#1079 = CARTESIAN_POINT ( 'NONE',  ( -19.48806086619330813, 76.92292458102029684, 19.23230836467854132 ) ) ;
#1080 = CARTESIAN_POINT ( 'NONE',  ( 27.41512413360149836, 29.08405884331546076, 25.54674614587451131 ) ) ;
#1081 = CARTESIAN_POINT ( 'NONE',  ( 6.299650570661737170, 31.22950559435217244, 36.29117968407146577 ) ) ;
#1082 = CARTESIAN_POINT ( 'NONE',  ( -19.36048222816049957, 76.60387610172917050, 19.81989052156878728 ) ) ;
#1083 = ORIENTED_EDGE ( 'NONE', *, *, #3097, .F. ) ;
#1084 = AXIS2_PLACEMENT_3D ( 'NONE', #3706, #2110, #277 ) ;
#1085 = CARTESIAN_POINT ( 'NONE',  ( -14.75883020419726677, 63.42167290384044520, 20.21120568098103476 ) ) ;
#1086 = CARTESIAN_POINT ( 'NONE',  ( 32.98882047041685439, 59.71494951229612980, 10.45943057686058708 ) ) ;
#1087 = VERTEX_POINT ( 'NONE', #133 ) ;
#1088 = CARTESIAN_POINT ( 'NONE',  ( 16.24606301236926598, 27.54499965730250466, 28.15348989361598697 ) ) ;
#1089 = CARTESIAN_POINT ( 'NONE',  ( 13.01695952830947611, 32.79368437582552787, 29.78116459824784457 ) ) ;
#1090 = CARTESIAN_POINT ( 'NONE',  ( -12.86623769836000442, 71.76315464812725509, 24.45425079551780811 ) ) ;
#1091 = ORIENTED_EDGE ( 'NONE', *, *, #1098, .F. ) ;
#1092 = CARTESIAN_POINT ( 'NONE',  ( -32.74793983439865031, 49.87572384395588898, 15.43294992880740857 ) ) ;
#1093 = CARTESIAN_POINT ( 'NONE',  ( 7.452337313758007120, 58.97470860658332725, 25.13006899499816527 ) ) ;
#1094 = CARTESIAN_POINT ( 'NONE',  ( -15.79876875764461808, 60.16168865150202549, 20.61638570749726540 ) ) ;
#1095 = CARTESIAN_POINT ( 'NONE',  ( 33.19839116048832750, 52.94736842105261587, 11.72883531378177757 ) ) ;
#1096 = CARTESIAN_POINT ( 'NONE',  ( 21.94045846358703855, 80.15789473684210975, 8.521986059395473490 ) ) ;
#1097 = DIRECTION ( 'NONE',  ( 0.000000000000000000, 0.000000000000000000, 1.000000000000000000 ) ) ;
#1098 = EDGE_CURVE ( 'NONE', #398, #1432, #1043, .T. ) ;
#1099 = CARTESIAN_POINT ( 'NONE',  ( -19.03556805854411138, 75.55024028120287483, 21.50942048281238428 ) ) ;
#1100 = CARTESIAN_POINT ( 'NONE',  ( -1.062473388933183438, 29.04270571828981673, 37.47424737371540715 ) ) ;
#1101 = CARTESIAN_POINT ( 'NONE',  ( -22.85420839657023606, 63.05263157894739834, -44.32376424327658526 ) ) ;
#1102 = CARTESIAN_POINT ( 'NONE',  ( -33.92785851185382029, 56.88465236491686738, 1.017421701812377233 ) ) ;
#1103 = CARTESIAN_POINT ( 'NONE',  ( 31.31836385594041161, 61.22067321777295490, 6.061717083271581430 ) ) ;
#1104 = CARTESIAN_POINT ( 'NONE',  ( 23.17145222755877398, 58.00000000000000711, 12.56485050976048079 ) ) ;
#1105 = CIRCLE ( 'NONE', #3393, 4.999999999999998224 ) ;
#1106 = EDGE_LOOP ( 'NONE', ( #1723, #3818, #785, #466, #3039, #900, #315, #1968, #1580, #1901, #219, #1131, #1411 ) ) ;
#1107 = CARTESIAN_POINT ( 'NONE',  ( 13.86440446169808460, 83.86556959880832096, 1.849898942027509374 ) ) ;
#1108 = CARTESIAN_POINT ( 'NONE',  ( 20.08409210526342292, 32.28199362327136157, 30.56600482248125772 ) ) ;
#1109 = VECTOR ( 'NONE', #3572, 1000.000000000000000 ) ;
#1110 = CARTESIAN_POINT ( 'NONE',  ( -13.00448257767890681, 72.88313101238318836, 23.54254585463149851 ) ) ;
#1111 = EDGE_LOOP ( 'NONE', ( #628, #1750, #2613, #3249, #2808 ) ) ;
#1112 = AXIS2_PLACEMENT_3D ( 'NONE', #3087, #248, #2431 ) ;
#1113 = CARTESIAN_POINT ( 'NONE',  ( -34.14414137559028006, 51.51020568597939331, 8.925347536357943312 ) ) ;
#1114 = CARTESIAN_POINT ( 'NONE',  ( 4.972397341752016864, 63.63596993868268470, 24.45236827787099898 ) ) ;
#1115 = CARTESIAN_POINT ( 'NONE',  ( 13.86025236490097967, 47.24056677655692482, 32.64373809356239775 ) ) ;
#1116 = CARTESIAN_POINT ( 'NONE',  ( -19.82299015818566446, 77.59693334082582794, 17.81878614696928764 ) ) ;
#1117 = CARTESIAN_POINT ( 'NONE',  ( 30.35858724584024415, 31.73903794283990010, 20.62781006711826137 ) ) ;
#1118 = CARTESIAN_POINT ( 'NONE',  ( -3.650833142518499219, 29.67546552117045877, 37.10563335323124790 ) ) ;
#1119 = CARTESIAN_POINT ( 'NONE',  ( -17.78873513492161962, 79.85491979294155840, 9.949161029631360620 ) ) ;
#1120 = CARTESIAN_POINT ( 'NONE',  ( -7.371273410531402170, 26.63834154947198130, 31.65427105904559824 ) ) ;
#1121 = FACE_OUTER_BOUND ( 'NONE', #1536, .T. ) ;
#1123 = EDGE_CURVE ( 'NONE', #603, #2014, #3018, .T. ) ;
#1122 = CARTESIAN_POINT ( 'NONE',  ( -30.83873023916189382, 49.95515811906599879, 19.66147622434901621 ) ) ;
#1124 = CARTESIAN_POINT ( 'NONE',  ( 13.27586112745766123, 46.98528933053756163, 32.05076398607043586 ) ) ;
#1125 = CARTESIAN_POINT ( 'NONE',  ( 22.22033567497533468, 51.20388153342521775, 42.71260631722632439 ) ) ;
#1126 = CARTESIAN_POINT ( 'NONE',  ( 33.94112549695434922, 39.00000000000000711, 41.01219330881970393 ) ) ;
#1127 = ORIENTED_EDGE ( 'NONE', *, *, #1340, .F. ) ;
#1129 = EDGE_CURVE ( 'NONE', #2253, #1557, #963, .T. ) ;
#1128 = CARTESIAN_POINT ( 'NONE',  ( 17.69449436335648329, 26.16949893544996542, 27.26785494519855035 ) ) ;
#1130 = CARTESIAN_POINT ( 'NONE',  ( 19.42563693573197625, 30.16702874793187661, 26.16481114259736529 ) ) ;
#1131 = ORIENTED_EDGE ( 'NONE', *, *, #704, .T. ) ;
#1132 = CARTESIAN_POINT ( 'NONE',  ( -29.61858280242705632, 45.08212492712398500, 13.38701826209944556 ) ) ;
#1133 = DIRECTION ( 'NONE',  ( -0.000000000000000000, -1.000000000000000000, -0.000000000000000000 ) ) ;
#1134 = CARTESIAN_POINT ( 'NONE',  ( 23.21584927018074040, 56.52076677316293996, 12.81759277588113299 ) ) ;
#1135 = CARTESIAN_POINT ( 'NONE',  ( 16.13623702607268129, 82.47778760992197533, 4.158313542563105258 ) ) ;
#1136 = CARTESIAN_POINT ( 'NONE',  ( 11.38701196303254548, 76.09871744753128553, 27.49067871605186042 ) ) ;
#1137 = CARTESIAN_POINT ( 'NONE',  ( -22.62007466752881868, 77.57941780056997061, 4.274751941616215412 ) ) ;
#1138 = CARTESIAN_POINT ( 'NONE',  ( 0.1978621146929044339, 28.99976722896370873, 32.50004655437506074 ) ) ;
#1139 = CARTESIAN_POINT ( 'NONE',  ( 31.08259431936267703, 52.41814480953763677, 9.862132767010171719 ) ) ;
#1140 = CARTESIAN_POINT ( 'NONE',  ( -34.20871160854365201, 54.34590607897866477, 3.750326524587779264 ) ) ;
#1141 = DIRECTION ( 'NONE',  ( 0.000000000000000000, 0.000000000000000000, 1.000000000000000000 ) ) ;
#1142 = CARTESIAN_POINT ( 'NONE',  ( 15.77695431544752580, 55.30899335236864545, 49.99172991920015363 ) ) ;
#1143 = DIRECTION ( 'NONE',  ( -0.3122894087253003659, 0.9409665479056704696, 0.1306035256816902579 ) ) ;
#1144 = CIRCLE ( 'NONE', #2250, 9.999999999999994671 ) ;
#1145 = ORIENTED_EDGE ( 'NONE', *, *, #302, .F. ) ;
#1146 = CARTESIAN_POINT ( 'NONE',  ( 29.04824562579991110, 29.71430832750570872, 14.58097578712508380 ) ) ;
#1147 = CARTESIAN_POINT ( 'NONE',  ( 24.52317731623769959, 29.34440942788704021, 28.22170008934733687 ) ) ;
#1148 = AXIS2_PLACEMENT_3D ( 'NONE', #1691, #76, #993 ) ;
#1149 = EDGE_CURVE ( 'NONE', #1072, #543, #3329, .T. ) ;
#1150 = VERTEX_POINT ( 'NONE', #2341 ) ;
#1151 = CARTESIAN_POINT ( 'NONE',  ( 13.78333058866242666, 63.63058534426152590, 20.79860294812475630 ) ) ;
#1152 = CARTESIAN_POINT ( 'NONE',  ( 0.000000000000000000, 12.00000000000000355, 0.000000000000000000 ) ) ;
#1153 = CARTESIAN_POINT ( 'NONE',  ( -15.72330022705245156, 55.00599621978563647, 31.31106967014581244 ) ) ;
#1154 = ORIENTED_EDGE ( 'NONE', *, *, #1644, .T. ) ;
#1155 = DIRECTION ( 'NONE',  ( 0.7071067811865461294, 0.000000000000000000, -0.7071067811865489050 ) ) ;
#1156 = PLANE ( 'NONE',  #198 ) ;
#1157 = CARTESIAN_POINT ( 'NONE',  ( 1.321142744941360414, 29.08405884331545721, 37.44969761893977278 ) ) ;
#1158 = CARTESIAN_POINT ( 'NONE',  ( -14.27998211598575473, 62.62795448369040940, 28.13339404790712095 ) ) ;
#1159 = CARTESIAN_POINT ( 'NONE',  ( -7.436778525083090230, 32.26404266622683537, 31.78030394708372341 ) ) ;
#1160 = LINE ( 'NONE', #1447, #3193 ) ;
#1161 = CARTESIAN_POINT ( 'NONE',  ( 0.000000000000000000, 77.00000000000000000, 53.00000000000000000 ) ) ;
#1162 = DIRECTION ( 'NONE',  ( 0.6916548014802254007, -0.2079116908177597867, -0.6916548014802256228 ) ) ;
#1163 = CARTESIAN_POINT ( 'NONE',  ( 16.88803670244904964, 58.62040657500192253, 40.77132724890779514 ) ) ;
#1164 = CARTESIAN_POINT ( 'NONE',  ( 29.67991448552444567, 41.21335947568947944, 13.73330700038801666 ) ) ;
#1165 = ORIENTED_EDGE ( 'NONE', *, *, #1123, .T. ) ;
#1166 = CARTESIAN_POINT ( 'NONE',  ( -17.36519375030896839, 57.51643145820098368, 27.63281794879290842 ) ) ;
#1167 = CARTESIAN_POINT ( 'NONE',  ( 21.43634776438285527, 29.21671000704509780, 24.46160961027136338 ) ) ;
#1168 = ORIENTED_EDGE ( 'NONE', *, *, #2071, .T. ) ;
#1169 = CARTESIAN_POINT ( 'NONE',  ( 13.17802510002271532, 62.56097653224018984, 21.62623204866063631 ) ) ;
#1170 = AXIS2_PLACEMENT_3D ( 'NONE', #283, #1133, #2380 ) ;
#1171 = EDGE_CURVE ( 'NONE', #3072, #3901, #2633, .T. ) ;
#1172 = CARTESIAN_POINT ( 'NONE',  ( -32.52529154834559222, 57.40183641316914986, -0.9774986349012878550 ) ) ;
#1173 = VECTOR ( 'NONE', #440, 1000.000000000000000 ) ;
#1174 = DIRECTION ( 'NONE',  ( 0.7071067811865462405, 0.000000000000000000, -0.7071067811865487940 ) ) ;
#1175 = ORIENTED_EDGE ( 'NONE', *, *, #591, .F. ) ;
#1176 = DIRECTION ( 'NONE',  ( 1.000000000000000000, 0.000000000000000000, 0.000000000000000000 ) ) ;
#1177 = FACE_OUTER_BOUND ( 'NONE', #4018, .T. ) ;
#1178 = CARTESIAN_POINT ( 'NONE',  ( -32.37812303379445211, 57.04155847145282365, -2.811965292899038626 ) ) ;
#1179 = CARTESIAN_POINT ( 'NONE',  ( -16.70135282326189241, 66.41194193041272342, 25.54787857745723301 ) ) ;
#1180 = CARTESIAN_POINT ( 'NONE',  ( -1.381215405636058824, 24.06405857728133668, 32.47768105724789223 ) ) ;
#1181 = VERTEX_POINT ( 'NONE', #2645 ) ;
#1182 = CARTESIAN_POINT ( 'NONE',  ( -24.99047475455790490, 60.97083846134755447, -6.326702390358541095 ) ) ;
#1183 = DIRECTION ( 'NONE',  ( 0.3157894736842105643, -0.9488292830168392200, 0.000000000000000000 ) ) ;
#1184 = CARTESIAN_POINT ( 'NONE',  ( -48.84233198363151018, 70.90395092580929770, 35.90993114956516763 ) ) ;
#1185 = EDGE_CURVE ( 'NONE', #1514, #1832, #2540, .T. ) ;
#1186 = CARTESIAN_POINT ( 'NONE',  ( -8.489674070283792062, 83.89127040369685062, 11.09261408501032342 ) ) ;
#1187 = ORIENTED_EDGE ( 'NONE', *, *, #3752, .F. ) ;
#1188 = CARTESIAN_POINT ( 'NONE',  ( 22.95262665848525785, 54.88668218974672897, 13.28416190004102049 ) ) ;
#1189 = CARTESIAN_POINT ( 'NONE',  ( 26.59820683745649816, 25.45753543778462458, 18.67832073954905781 ) ) ;
#1190 = ORIENTED_EDGE ( 'NONE', *, *, #2400, .T. ) ;
#1191 = CARTESIAN_POINT ( 'NONE',  ( -18.94583665310369724, 54.06919559882757653, 18.56196838640036262 ) ) ;
#1192 = DIRECTION ( 'NONE',  ( -1.000000000000000000, 0.000000000000000000, 0.000000000000000000 ) ) ;
#1193 = CARTESIAN_POINT ( 'NONE',  ( -13.36936151420297314, 47.50326538306143220, 32.90479214691980303 ) ) ;
#1194 = VERTEX_POINT ( 'NONE', #1271 ) ;
#1195 = FACE_BOUND ( 'NONE', #1820, .T. ) ;
#1196 = CARTESIAN_POINT ( 'NONE',  ( -27.44685906914454065, 44.98823932644558710, 17.42685333828514160 ) ) ;
#1197 = CARTESIAN_POINT ( 'NONE',  ( -18.44329306326102724, 60.30759641144999250, 26.49989865559826896 ) ) ;
#1198 = CARTESIAN_POINT ( 'NONE',  ( 8.626408640725113486, 33.93518941254300358, 35.19750239374856449 ) ) ;
#1199 = EDGE_CURVE ( 'NONE', #3270, #1481, #911, .T. ) ;
#1200 = DIRECTION ( 'NONE',  ( -0.7151512603211810370, -0.6989697238514888111, 0.000000000000000000 ) ) ;
#1201 = CARTESIAN_POINT ( 'NONE',  ( 12.53949788866090920, 34.26315789473685669, 29.98351201410983435 ) ) ;
#1202 = DIRECTION ( 'NONE',  ( -0.000000000000000000, 0.000000000000000000, 1.000000000000000000 ) ) ;
#1203 = CARTESIAN_POINT ( 'NONE',  ( -14.42638535805659039, 77.05431483056220543, 18.48942870007023842 ) ) ;
#1204 = CARTESIAN_POINT ( 'NONE',  ( 31.24174191523273691, 35.84210526315789735, 17.82326951104113633 ) ) ;
#1205 = UNCERTAINTY_MEASURE_WITH_UNIT (LENGTH_MEASURE( 1.000000000000000082E-05 ), #1383, 'distance_accuracy_value', 'NONE');
#1206 = ORIENTED_EDGE ( 'NONE', *, *, #1575, .F. ) ;
#1207 = CARTESIAN_POINT ( 'NONE',  ( 22.85464047286110301, 54.50130449318713488, 13.45304008965845632 ) ) ;
#1208 = CARTESIAN_POINT ( 'NONE',  ( 23.44681635268221598, 24.01430022545156007, 22.50810338286757073 ) ) ;
#1209 = ORIENTED_EDGE ( 'NONE', *, *, #2950, .F. ) ;
#1210 = CARTESIAN_POINT ( 'NONE',  ( 19.02525282012950569, 65.01751875200696418, 15.26635690853370519 ) ) ;
#1211 = CIRCLE ( 'NONE', #3958, 5.000000000000012434 ) ;
#1212 = CARTESIAN_POINT ( 'NONE',  ( -32.50562926540802522, 53.01753051616036316, -0.3221972162454240785 ) ) ;
#1213 = EDGE_CURVE ( 'NONE', #1809, #686, #721, .T. ) ;
#1214 = CARTESIAN_POINT ( 'NONE',  ( 9.834884492897867148, 85.78813818328499963, 3.049155422031987417 ) ) ;
#1215 = EDGE_LOOP ( 'NONE', ( #1, #2333, #2277, #1175 ) ) ;
#1216 = CARTESIAN_POINT ( 'NONE',  ( -17.38761475445199878, 56.42338620400760618, 27.58940076187340651 ) ) ;
#1217 = PLANE ( 'NONE',  #2514 ) ;
#1218 = CARTESIAN_POINT ( 'NONE',  ( -18.75864712290531600, 70.29740586100432154, 26.55554695231866447 ) ) ;
#1219 = CARTESIAN_POINT ( 'NONE',  ( 5.004618438007748971, 30.32673130056149091, 36.74776293464424270 ) ) ;
#1220 = CARTESIAN_POINT ( 'NONE',  ( -15.12934677727597332, 74.05268976742776488, 9.632624680542246409 ) ) ;
#1221 = FACE_OUTER_BOUND ( 'NONE', #261, .T. ) ;
#1222 = CARTESIAN_POINT ( 'NONE',  ( 8.079525225711977399, 84.39071459774221751, 29.25854906617406215 ) ) ;
#1223 = EDGE_CURVE ( 'NONE', #384, #2378, #3462, .T. ) ;
#1224 = CARTESIAN_POINT ( 'NONE',  ( -21.86555849630048698, 78.47236800403157986, 2.367219683910557482 ) ) ;
#1225 = CARTESIAN_POINT ( 'NONE',  ( -33.81546466843105492, 58.30182264469211617, 0.06226263399266868809 ) ) ;
#1226 = EDGE_LOOP ( 'NONE', ( #1635, #1350, #2722, #1068 ) ) ;
#1227 = CARTESIAN_POINT ( 'NONE',  ( 17.03351477195896280, 50.86736187067898385, 20.32651614131425433 ) ) ;
#1228 = CARTESIAN_POINT ( 'NONE',  ( 25.46108945360323972, 29.65956590680105265, 20.29606356201909279 ) ) ;
#1229 = B_SPLINE_CURVE_WITH_KNOTS ( 'NONE', 3,
 ( #2132, #3631, #829, #2072, #3322, #216, #524, #1772 ),
 .UNSPECIFIED., .F., .F.,
 ( 4, 2, 2, 4 ),
 ( -3.154118793561146508E-05, 0.005232811905378683889, 0.007864988452035811400, 0.01049716499869293891 ),
 .UNSPECIFIED. ) ;
#1230 = VERTEX_POINT ( 'NONE', #3732 ) ;
#1231 = AXIS2_PLACEMENT_3D ( 'NONE', #848, #3036, #3671 ) ;
#1232 = DIRECTION ( 'NONE',  ( -0.000000000000000000, -1.000000000000000000, -0.000000000000000000 ) ) ;
#1233 = CARTESIAN_POINT ( 'NONE',  ( -7.100450314705394561, 84.08060610634811383, 14.12499121554286852 ) ) ;
#1234 = VECTOR ( 'NONE', #112, 1000.000000000000114 ) ;
#1235 = DIRECTION ( 'NONE',  ( 0.7071067811865461294, 0.000000000000000000, -0.7071067811865489050 ) ) ;
#1236 = CARTESIAN_POINT ( 'NONE',  ( -22.43584105179298760, 47.84751058979624361, 23.51636087417143628 ) ) ;
#1237 = CARTESIAN_POINT ( 'NONE',  ( -19.41829780987332654, 58.07508808532442401, 26.20606254215610065 ) ) ;
#1238 = CARTESIAN_POINT ( 'NONE',  ( 4.312878656859922444, 29.93085777902146916, 32.29239522831108644 ) ) ;
#1239 = CARTESIAN_POINT ( 'NONE',  ( -16.50935481948233274, 74.68477325069363815, 4.977327723777407620 ) ) ;
#1240 = CIRCLE ( 'NONE', #3532, 15.50000000000000000 ) ;
#1241 = DIRECTION ( 'NONE',  ( -0.000000000000000000, -1.000000000000000000, -0.000000000000000000 ) ) ;
#1242 = DIRECTION ( 'NONE',  ( -0.000000000000000000, -1.000000000000000000, -0.000000000000000000 ) ) ;
#1243 = CARTESIAN_POINT ( 'NONE',  ( 51.61879502661806640, 77.00000000000000000, 58.68986283848337848 ) ) ;
#1244 = CARTESIAN_POINT ( 'NONE',  ( -10.12955739396004873, 82.16549648364087943, 13.77627952953479884 ) ) ;
#1245 = ORIENTED_EDGE ( 'NONE', *, *, #2102, .F. ) ;
#1246 = EDGE_CURVE ( 'NONE', #4044, #781, #62, .T. ) ;
#1247 = CARTESIAN_POINT ( 'NONE',  ( -17.52135996460565082, 56.30639447605482673, 27.45682361348710288 ) ) ;
#1248 = CARTESIAN_POINT ( 'NONE',  ( 29.25238238541306046, 30.42203012817750363, 14.16304971675869417 ) ) ;
#1249 = B_SPLINE_CURVE_WITH_KNOTS ( 'NONE', 3,
 ( #2016, #3261, #468, #1711, #3281, #1730, #2954, #2974, #156, #1374, #360, #687 ),
 .UNSPECIFIED., .F., .F.,
 ( 4, 2, 2, 2, 2, 4 ),
 ( 0.000000000000000000, 0.004071845135049476962, 0.006107767702574215876, 0.007125728986336584900, 0.007634709628217782422, 0.008143690270098978209 ),
 .UNSPECIFIED. ) ;
#1250 = ORIENTED_EDGE ( 'NONE', *, *, #1938, .T. ) ;
#1251 = EDGE_CURVE ( 'NONE', #3090, #1994, #1942, .T. ) ;
#1252 = FACE_OUTER_BOUND ( 'NONE', #2820, .T. ) ;
#1253 = CARTESIAN_POINT ( 'NONE',  ( -3.915332049682423765, 24.69071833896004620, 32.26504064104252478 ) ) ;
#1254 = CARTESIAN_POINT ( 'NONE',  ( -9.617957140795187095E-15, 87.00000000000000000, 0.000000000000000000 ) ) ;
#1255 = B_SPLINE_CURVE_WITH_KNOTS ( 'NONE', 3,
 ( #821, #2985, #1103, #1762, #3008, #3641 ),
 .UNSPECIFIED., .F., .F.,
 ( 4, 2, 4 ),
 ( 0.000000000000000000, 0.003190573032788174019, 0.006381146065576348038 ),
 .UNSPECIFIED. ) ;
#1256 = ORIENTED_EDGE ( 'NONE', *, *, #1295, .F. ) ;
#1257 = CARTESIAN_POINT ( 'NONE',  ( -29.30176472949001365, 50.55762599011124081, 22.05335123810823106 ) ) ;
#1258 = CARTESIAN_POINT ( 'NONE',  ( -32.50167367954561115, 53.23185499470447013, -0.4894311594980360058 ) ) ;
#1259 = CARTESIAN_POINT ( 'NONE',  ( 2.125753095351880617, 50.79457615389928549, 26.43699450749096158 ) ) ;
#1260 = CARTESIAN_POINT ( 'NONE',  ( 8.159170622295867759, 27.31582001170847107, 31.46027319161146707 ) ) ;
#1261 = FACE_OUTER_BOUND ( 'NONE', #3915, .T. ) ;
#1262 = CARTESIAN_POINT ( 'NONE',  ( -13.88696299574673354, 66.94153571530344493, 26.75775409131956195 ) ) ;
#1263 = CARTESIAN_POINT ( 'NONE',  ( 26.69269035959659675, 28.99955161668812664, 26.34069869475863612 ) ) ;
#1264 = CARTESIAN_POINT ( 'NONE',  ( -14.91833826360249127, 77.90002385851754241, 16.98189966913391302 ) ) ;
#1265 = CARTESIAN_POINT ( 'NONE',  ( -23.65644209828977651, 76.83343149849827114, -0.3153799469098371722 ) ) ;
#1266 = VERTEX_POINT ( 'NONE', #1775 ) ;
#1267 = DIRECTION ( 'NONE',  ( 0.000000000000000000, 0.000000000000000000, 1.000000000000000000 ) ) ;
#1268 = CARTESIAN_POINT ( 'NONE',  ( 30.98818467059474457, 33.93518941254367149, 18.78860057630816272 ) ) ;
#1269 = EDGE_CURVE ( 'NONE', #766, #3051, #2088, .T. ) ;
#1270 = ORIENTED_EDGE ( 'NONE', *, *, #2222, .F. ) ;
#1271 = CARTESIAN_POINT ( 'NONE',  ( 7.500000000000012434, 58.00000000000000711, 25.26938200009383451 ) ) ;
#1272 = DIRECTION ( 'NONE',  ( 0.7071067811865487940, 0.000000000000000000, 0.7071067811865463515 ) ) ;
#1273 = EDGE_CURVE ( 'NONE', #1194, #1150, #91, .T. ) ;
#1274 = CARTESIAN_POINT ( 'NONE',  ( -4.508157500191247280, 86.22915395653240012, 5.609260098562962149 ) ) ;
#1275 = ORIENTED_EDGE ( 'NONE', *, *, #124, .T. ) ;
#1276 = AXIS2_PLACEMENT_3D ( 'NONE', #2293, #2512, #683 ) ;
#1277 = CARTESIAN_POINT ( 'NONE',  ( -24.89220631536105088, 50.59685701539173408, 20.96335964200146762 ) ) ;
#1278 = DIRECTION ( 'NONE',  ( 0.7071067811865487940, 0.000000000000000000, 0.7071067811865463515 ) ) ;
#1279 = CARTESIAN_POINT ( 'NONE',  ( 7.145770933342179276, 55.68258613116791622, 25.53879412028495821 ) ) ;
#1280 = CARTESIAN_POINT ( 'NONE',  ( 2.710145009361840884, 24.30826823484314403, 32.39390951952642439 ) ) ;
#1281 = CARTESIAN_POINT ( 'NONE',  ( 16.35927220820994421, 75.34650435335508689, 39.49477683561355690 ) ) ;
#1282 = CARTESIAN_POINT ( 'NONE',  ( 32.67016546464078175, 61.19058430383505254, 10.45567252474025999 ) ) ;
#1283 = CARTESIAN_POINT ( 'NONE',  ( -7.266944681786513094, 56.09462227595876271, 25.50423139636166781 ) ) ;
#1284 = CARTESIAN_POINT ( 'NONE',  ( -32.37812303379445211, 57.04155847145282365, -2.811965292899038626 ) ) ;
#1285 = CARTESIAN_POINT ( 'NONE',  ( -28.09852918430620150, 70.73508939929324413, -3.064561442446882111 ) ) ;
#1286 = ORIENTED_EDGE ( 'NONE', *, *, #1129, .F. ) ;
#1287 = CARTESIAN_POINT ( 'NONE',  ( 12.46342211880322459, 37.25548155093451896, 30.08936271279549857 ) ) ;
#1288 = CARTESIAN_POINT ( 'NONE',  ( -15.64286871656145728, 61.46941323894797193, 31.38098472382471016 ) ) ;
#1289 = ORIENTED_EDGE ( 'NONE', *, *, #2721, .T. ) ;
#1290 = CARTESIAN_POINT ( 'NONE',  ( 12.33478067921890364, 34.26315789473684248, 30.06830865871188152 ) ) ;
#1291 = CARTESIAN_POINT ( 'NONE',  ( 32.13105522851692797, 10.83656509695292591, 78.17760263658458086 ) ) ;
#1292 = CARTESIAN_POINT ( 'NONE',  ( 23.46994902165078756, 62.68051724242621958, 45.11465116957643318 ) ) ;
#1293 = CARTESIAN_POINT ( 'NONE',  ( 7.500000000000010658, 58.00000000000000711, 78.00000000000000000 ) ) ;
#1294 = EDGE_LOOP ( 'NONE', ( #1021, #364, #1718, #1928 ) ) ;
#1295 = EDGE_CURVE ( 'NONE', #2374, #2116, #154, .T. ) ;
#1296 = CARTESIAN_POINT ( 'NONE',  ( -27.09708386063999441, 52.01569740194124591, 24.64008845246585011 ) ) ;
#1297 = CARTESIAN_POINT ( 'NONE',  ( -1.231233242782884485, 65.40232437666698218, 24.19056214088161738 ) ) ;
#1298 = VECTOR ( 'NONE', #2732, 1000.000000000000000 ) ;
#1299 = CARTESIAN_POINT ( 'NONE',  ( -19.62732334005545098, 65.41653515712212652, 28.61523272277207397 ) ) ;
#1300 = CARTESIAN_POINT ( 'NONE',  ( -10.61266701204294272, 59.41209940301363446, -2.319733822023412273 ) ) ;
#1301 = DIRECTION ( 'NONE',  ( -0.6709236202095756330, 0.3157894736842108419, 0.6709236202095780754 ) ) ;
#1302 = CARTESIAN_POINT ( 'NONE',  ( -15.97856859081147896, 60.65704303109239248, 27.92414525520418422 ) ) ;
#1303 = AXIS2_PLACEMENT_3D ( 'NONE', #2747, #1480, #237 ) ;
#1304 = CARTESIAN_POINT ( 'NONE',  ( -6.833586091358905712, 54.87989340446562636, 25.62409672046253206 ) ) ;
#1305 = CARTESIAN_POINT ( 'NONE',  ( 11.62411851793350337, 84.80655683089075580, 20.49302196690417333 ) ) ;
#1306 = CARTESIAN_POINT ( 'NONE',  ( -24.71617782896835891, 75.72850316110415747, 0.8046305891693193990 ) ) ;
#1307 = ORIENTED_EDGE ( 'NONE', *, *, #3933, .F. ) ;
#1308 = DIRECTION ( 'NONE',  ( 0.000000000000000000, -0.6263567254349949875, -0.7795365626462623654 ) ) ;
#1309 = CARTESIAN_POINT ( 'NONE',  ( 13.09768660185763345, 43.08069850240572407, 29.92321083788575109 ) ) ;
#1310 = ORIENTED_EDGE ( 'NONE', *, *, #2644, .F. ) ;
#1311 = CARTESIAN_POINT ( 'NONE',  ( 3.248311656775644468E-15, 50.49999999999999289, 26.51916932907348468 ) ) ;
#1312 = DIRECTION ( 'NONE',  ( -0.7071067811865487940, -0.000000000000000000, -0.7071067811865463515 ) ) ;
#1313 = CARTESIAN_POINT ( 'NONE',  ( 24.35081648364572260, 59.99847964291766544, 46.80788144619782543 ) ) ;
#1314 = LINE ( 'NONE', #823, #717 ) ;
#1315 = CARTESIAN_POINT ( 'NONE',  ( -8.876187117113770952, 81.82690685825537003, 15.35418207854785955 ) ) ;
#1316 = ORIENTED_EDGE ( 'NONE', *, *, #2619, .F. ) ;
#1317 = CARTESIAN_POINT ( 'NONE',  ( 15.07407118815107339, 52.62528049906088512, 47.51165266058182368 ) ) ;
#1318 = CARTESIAN_POINT ( 'NONE',  ( 3.337502283055548968, 64.73438588128840365, 24.28988996862299388 ) ) ;
#1319 = CARTESIAN_POINT ( 'NONE',  ( -10.56571261588953803, 10.83656509695296144, -56.61226002395731882 ) ) ;
#1320 = FACE_OUTER_BOUND ( 'NONE', #253, .T. ) ;
#1321 = CARTESIAN_POINT ( 'NONE',  ( 37.47665940288707986, 77.00000000000000000, 37.47665940288695197 ) ) ;
#1322 = CARTESIAN_POINT ( 'NONE',  ( -13.21700253109509049, 68.95451638849942810, 26.00744654555735380 ) ) ;
#1323 = CARTESIAN_POINT ( 'NONE',  ( 21.78779590288410972, 30.78009615392764786, 29.84996457160040961 ) ) ;
#1324 = ADVANCED_FACE ( 'NONE', ( #1252 ), #1885, .F. ) ;
#1325 = CARTESIAN_POINT ( 'NONE',  ( -25.21121908965212199, 75.15290034460366542, 0.09469046416878579286 ) ) ;
#1326 = EDGE_LOOP ( 'NONE', ( #427, #175 ) ) ;
#1327 = CARTESIAN_POINT ( 'NONE',  ( 12.74628545803133939, 42.99825035627718961, 30.77225522265813851 ) ) ;
#1328 = CARTESIAN_POINT ( 'NONE',  ( -17.24652858390986765, 64.70793121309971241, 27.54645624766241951 ) ) ;
#1329 = VERTEX_POINT ( 'NONE', #1462 ) ;
#1330 = DIRECTION ( 'NONE',  ( 0.7071067811865463515, -8.673617379884029161E-15, -0.7071067811865489050 ) ) ;
#1331 = CARTESIAN_POINT ( 'NONE',  ( 23.96227327229653170, 54.53926583272324535, 46.06101184592352382 ) ) ;
#1332 = CARTESIAN_POINT ( 'NONE',  ( 22.65846954171383842, 60.40682353560465145, 12.58913369210256050 ) ) ;
#1333 = CARTESIAN_POINT ( 'NONE',  ( -10.19411317487244872, 77.15843537956781972, 21.19623500713445807 ) ) ;
#1334 = ORIENTED_EDGE ( 'NONE', *, *, #2880, .T. ) ;
#1335 = CARTESIAN_POINT ( 'NONE',  ( -17.90396929875062426, 53.72888701742824935, 27.12868389462555996 ) ) ;
#1336 = CARTESIAN_POINT ( 'NONE',  ( 11.29842609023559241, 31.57145161479359885, 30.47337789558513421 ) ) ;
#1337 = CARTESIAN_POINT ( 'NONE',  ( 14.85301303950805973, 61.38683056325025689, -14.85301303950811125 ) ) ;
#1338 = DIRECTION ( 'NONE',  ( -0.000000000000000000, -1.000000000000000000, -0.000000000000000000 ) ) ;
#1339 = DIRECTION ( 'NONE',  ( 0.7071067811865460184, 0.000000000000000000, -0.7071067811865487940 ) ) ;
#1340 = EDGE_CURVE ( 'NONE', #2374, #2855, #2704, .T. ) ;
#1341 = DIRECTION ( 'NONE',  ( -0.2511310285135392451, 0.7545548334713102490, -0.6062839349700890335 ) ) ;
#1342 = CARTESIAN_POINT ( 'NONE',  ( 31.67927469333137935, 51.36842105263156100, 7.257654917702714314 ) ) ;
#1343 = MECHANICAL_DESIGN_GEOMETRIC_PRESENTATION_REPRESENTATION (  '', ( #3832 ), #2581 ) ;
#1344 = CARTESIAN_POINT ( 'NONE',  ( 11.29074004381194563, 77.23304271639841545, 27.25825774300197679 ) ) ;
#1345 = CARTESIAN_POINT ( 'NONE',  ( -31.31066746573913662, 66.57331289741959779, -2.807214031639401419 ) ) ;
#1346 = VERTEX_POINT ( 'NONE', #646 ) ;
#1348 = EDGE_CURVE ( 'NONE', #1230, #28, #1700, .T. ) ;
#1347 = DIRECTION ( 'NONE',  ( 0.7071067811865487940, 0.000000000000000000, 0.7071067811865463515 ) ) ;
#1349 = CARTESIAN_POINT ( 'NONE',  ( -15.90745678161283472, 59.77225359016821926, 31.15028077176731358 ) ) ;
#1350 = ORIENTED_EDGE ( 'NONE', *, *, #973, .T. ) ;
#1351 = DIRECTION ( 'NONE',  ( -0.6916548014802254007, 0.2079116908177597867, 0.6916548014802255118 ) ) ;
#1352 = DIRECTION ( 'NONE',  ( 1.000000000000000000, 0.000000000000000000, 0.000000000000000000 ) ) ;
#1353 = CARTESIAN_POINT ( 'NONE',  ( 24.28740439100723947, 55.69663013793186934, 46.68598878948278497 ) ) ;
#1354 = CARTESIAN_POINT ( 'NONE',  ( -9.055782877883295612, 72.15803655417622053, 26.09100330739171980 ) ) ;
#1355 = ORIENTED_EDGE ( 'NONE', *, *, #291, .F. ) ;
#1356 = CARTESIAN_POINT ( 'NONE',  ( -32.06804089354500320, 48.18421321663145562, 5.297082916061631508 ) ) ;
#1357 = CARTESIAN_POINT ( 'NONE',  ( -7.404287371753401459, 59.21919317241418668, 25.09491000220038615 ) ) ;
#1358 = DIRECTION ( 'NONE',  ( 0.2511310285135374132, -0.7545548334713058081, 0.6062839349700954727 ) ) ;
#1359 = CYLINDRICAL_SURFACE ( 'NONE', #1476, 26.51916932907348468 ) ;
#1360 = CARTESIAN_POINT ( 'NONE',  ( -20.96361102944840127, 51.86316707445621432, 16.24406045595477721 ) ) ;
#1361 = DIRECTION ( 'NONE',  ( 0.7071067811865487940, 0.000000000000000000, 0.7071067811865463515 ) ) ;
#1362 = CARTESIAN_POINT ( 'NONE',  ( 13.68098199521082314, 84.58996253900697582, 4.443049783464327440 ) ) ;
#1363 = VECTOR ( 'NONE', #547, 1000.000000000000000 ) ;
#1364 = CARTESIAN_POINT ( 'NONE',  ( 8.212758279787760074, 82.71124897676881460, 29.74102863533692087 ) ) ;
#1365 = CARTESIAN_POINT ( 'NONE',  ( -21.83845041633900763, 78.02143035346257705, 5.749670527446551382 ) ) ;
#1366 = ORIENTED_EDGE ( 'NONE', *, *, #382, .F. ) ;
#1367 = AXIS2_PLACEMENT_3D ( 'NONE', #3421, #3327, #1176 ) ;
#1368 = CARTESIAN_POINT ( 'NONE',  ( -34.24665481002101330, 53.86602959173436744, 4.430130461651962115 ) ) ;
#1369 = CARTESIAN_POINT ( 'NONE',  ( 29.57456125177469985, 31.74394517352567391, 13.47677231794163788 ) ) ;
#1370 = VECTOR ( 'NONE', #2469, 1000.000000000000000 ) ;
#1371 = EDGE_CURVE ( 'NONE', #1561, #345, #849, .T. ) ;
#1372 = EDGE_CURVE ( 'NONE', #3060, #2971, #1545, .T. ) ;
#1373 = ORIENTED_EDGE ( 'NONE', *, *, #661, .T. ) ;
#1374 = CARTESIAN_POINT ( 'NONE',  ( -15.26456682574923107, 62.80235134334547098, 31.54988476652825824 ) ) ;
#1375 = CARTESIAN_POINT ( 'NONE',  ( 0.000000000000000000, 57.00000000000000000, 0.000000000000000000 ) ) ;
#1376 = B_SPLINE_CURVE_WITH_KNOTS ( 'NONE', 3,
 ( #469, #3904, #2282, #1094, #2624, #1690, #1712, #157, #2038, #3534 ),
 .UNSPECIFIED., .F., .F.,
 ( 4, 2, 2, 2, 4 ),
 ( 2.370219463301647930E-07, 0.003755163588735129822, 0.004693895230432336418, 0.005632626872129543015, 0.007510090155523939728 ),
 .UNSPECIFIED. ) ;
#1377 = EDGE_CURVE ( 'NONE', #3128, #1989, #2738, .T. ) ;
#1378 = CARTESIAN_POINT ( 'NONE',  ( 37.47665940288707986, 39.00000000000000711, 37.47665940288695197 ) ) ;
#1379 = ORIENTED_EDGE ( 'NONE', *, *, #924, .F. ) ;
#1380 = CARTESIAN_POINT ( 'NONE',  ( -31.57704401755793810, 50.24729001091355229, 7.807225974025310933 ) ) ;
#1381 = CARTESIAN_POINT ( 'NONE',  ( -44.32376424327665632, 52.94736842105263719, -22.85420839657008329 ) ) ;
#1382 = DIRECTION ( 'NONE',  ( 0.000000000000000000, 0.000000000000000000, 1.000000000000000000 ) ) ;
#1383 =( LENGTH_UNIT ( ) NAMED_UNIT ( * ) SI_UNIT ( .MILLI., .METRE. ) );
#1384 = CARTESIAN_POINT ( 'NONE',  ( -32.55982592247260499, 10.83656509695292591, -47.50200000000000244 ) ) ;
#1385 = CARTESIAN_POINT ( 'NONE',  ( -24.05156153578688460, 78.11008908580633658, 6.034681359090519948 ) ) ;
#1386 = CARTESIAN_POINT ( 'NONE',  ( 11.06122625344542598, 85.05439395446272499, 1.338295106705430504 ) ) ;
#1387 = CARTESIAN_POINT ( 'NONE',  ( -0.5500101000222951120, 29.00094221322601129, 37.49943467277799414 ) ) ;
#1388 = CARTESIAN_POINT ( 'NONE',  ( -14.60580861723153134, 77.38484973611640783, 17.92624412261008615 ) ) ;
#1389 = ORIENTED_EDGE ( 'NONE', *, *, #1850, .T. ) ;
#1390 = CARTESIAN_POINT ( 'NONE',  ( -7.500000000000010658, 57.50560272414477225, 25.33989778008884031 ) ) ;
#1391 = DIRECTION ( 'NONE',  ( -0.1306035256816898971, -0.9409665479056705806, 0.3122894087253003104 ) ) ;
#1392 = ORIENTED_EDGE ( 'NONE', *, *, #3776, .F. ) ;
#1393 = CARTESIAN_POINT ( 'NONE',  ( 20.84812063520913128, 24.36933489448612633, 24.93448103457360077 ) ) ;
#1394 = CARTESIAN_POINT ( 'NONE',  ( 20.45207373979555499, 24.51661414164895803, 25.26015334487468422 ) ) ;
#1395 = CARTESIAN_POINT ( 'NONE',  ( -11.46471202906619880, 41.78050589935582337, 33.88342515691807932 ) ) ;
#1396 = ORIENTED_EDGE ( 'NONE', *, *, #164, .T. ) ;
#1397 = EDGE_CURVE ( 'NONE', #2594, #1266, #3524, .T. ) ;
#1398 = CARTESIAN_POINT ( 'NONE',  ( -33.95320129820171928, 50.91216203517951300, 10.54800316314695152 ) ) ;
#1399 = CARTESIAN_POINT ( 'NONE',  ( 7.500000000000012434, 58.00000000000000711, 25.26938200009383451 ) ) ;
#1400 = CARTESIAN_POINT ( 'NONE',  ( -21.68341590957291132, 59.18364682613188421, 28.70745176687311329 ) ) ;
#1401 = CARTESIAN_POINT ( 'NONE',  ( 12.76028595239510288, 84.91797956675041803, 4.092052006923191598 ) ) ;
#1402 = CARTESIAN_POINT ( 'NONE',  ( -2.903628355021697693, 29.42723530811177923, 37.24811343831828481 ) ) ;
#1403 = CARTESIAN_POINT ( 'NONE',  ( -20.25965434630236217, 78.19159081674672507, 16.19827328901574859 ) ) ;
#1404 =( BOUNDED_CURVE ( )  B_SPLINE_CURVE ( 3, ( #111, #2859, #1640, #1290 ),
 .UNSPECIFIED., .F., .T. ) 
 B_SPLINE_CURVE_WITH_KNOTS ( ( 4, 4 ),
 ( 4.319689898685965090, 4.323098894685156957 ),
 .UNSPECIFIED. ) 
 CURVE ( )  GEOMETRIC_REPRESENTATION_ITEM ( )  RATIONAL_B_SPLINE_CURVE ( ( 1.000000000000000000, 0.9999990315624242010, 0.9999990315624242010, 1.000000000000000000 ) ) 
 REPRESENTATION_ITEM ( '' )  );
#1405 = CARTESIAN_POINT ( 'NONE',  ( -2.615250533237717168, 29.34440942788678797, 37.29626048634295188 ) ) ;
#1406 = ORIENTED_EDGE ( 'NONE', *, *, #1996, .F. ) ;
#1407 = AXIS2_PLACEMENT_3D ( 'NONE', #3235, #2617, #3877 ) ;
#1408 = CARTESIAN_POINT ( 'NONE',  ( -34.15293410928307338, 51.54934106226237844, 8.828824505673894762 ) ) ;
#1409 = DIRECTION ( 'NONE',  ( -0.7071067811865476838, 0.000000000000000000, -0.7071067811865473507 ) ) ;
#1410 = CARTESIAN_POINT ( 'NONE',  ( 21.74534261868184970, 62.35366270554015244, 13.10174927545054580 ) ) ;
#1411 = ORIENTED_EDGE ( 'NONE', *, *, #101, .T. ) ;
#1412 = CARTESIAN_POINT ( 'NONE',  ( 18.71718100630629067, 25.41637341159427521, 26.57627098116682873 ) ) ;
#1413 = CARTESIAN_POINT ( 'NONE',  ( 21.75579637317633441, 29.13569681104464237, 24.16667924100405784 ) ) ;
#1414 = CARTESIAN_POINT ( 'NONE',  ( -12.93800831851662991, 75.34522349415688325, 21.37514177202143628 ) ) ;
#1415 = EDGE_LOOP ( 'NONE', ( #93, #2817, #1517, #3876, #3214 ) ) ;
#1416 = CARTESIAN_POINT ( 'NONE',  ( -30.84560174861344350, 49.95335018340722399, 19.64945136184225305 ) ) ;
#1417 = CARTESIAN_POINT ( 'NONE',  ( 19.53023552405021235, 50.24854937183036441, 39.72951466346668781 ) ) ;
#1418 = LINE ( 'NONE', #1977, #3787 ) ;
#1419 = EDGE_CURVE ( 'NONE', #28, #1230, #3657, .T. ) ;
#1420 = CARTESIAN_POINT ( 'NONE',  ( -27.22318047879155856, 74.55808875082526299, 0.3610002069132432490 ) ) ;
#1421 = CARTESIAN_POINT ( 'NONE',  ( 9.937443393272850756, 85.76202653391507624, 3.084037299850845848 ) ) ;
#1422 = CARTESIAN_POINT ( 'NONE',  ( -48.84233198363151018, 70.90395092580929770, 35.90993114956516763 ) ) ;
#1423 = CARTESIAN_POINT ( 'NONE',  ( -22.93781037475672235, 78.72773403242939594, 8.577062366666892146 ) ) ;
#1424 = CARTESIAN_POINT ( 'NONE',  ( -10.28507019493818042, 29.81758789183666991, 30.83037072326033012 ) ) ;
#1425 = CARTESIAN_POINT ( 'NONE',  ( -14.03845475337270621, 71.04524965987404528, 15.29051182172195311 ) ) ;
#1426 = CARTESIAN_POINT ( 'NONE',  ( -33.58898631992345685, 77.00000000000000000, -33.58898631992332184 ) ) ;
#1427 = CIRCLE ( 'NONE', #193, 32.50000000000000000 ) ;
#1428 = CARTESIAN_POINT ( 'NONE',  ( 2.635143519590905823E-11, 24.00000000000001421, 32.50000000000000000 ) ) ;
#1429 = CARTESIAN_POINT ( 'NONE',  ( 15.85514251444644707, 52.72377088865998473, 38.27770009173572419 ) ) ;
#1430 = CARTESIAN_POINT ( 'NONE',  ( -12.31976708681396104, 78.28795341587465373, 18.50663628986995590 ) ) ;
#1431 = AXIS2_PLACEMENT_3D ( 'NONE', #3866, #2937, #449 ) ;
#1432 = VERTEX_POINT ( 'NONE', #1641 ) ;
#1433 = CARTESIAN_POINT ( 'NONE',  ( 15.66744201002124015, 82.91885245703392116, 2.253404904040237078 ) ) ;
#1434 = CARTESIAN_POINT ( 'NONE',  ( 18.24345427699230981, 34.86245625052338681, 31.13899663865316469 ) ) ;
#1435 = AXIS2_PLACEMENT_3D ( 'NONE', #2618, #400, #3546 ) ;
#1436 = ORIENTED_EDGE ( 'NONE', *, *, #1473, .F. ) ;
#1437 = VECTOR ( 'NONE', #3408, 1000.000000000000000 ) ;
#1438 = CARTESIAN_POINT ( 'NONE',  ( -32.43435798852593877, 53.29663344139837022, 2.595557804044697825 ) ) ;
#1439 = FACE_OUTER_BOUND ( 'NONE', #3274, .T. ) ;
#1440 = CARTESIAN_POINT ( 'NONE',  ( -15.85762253878446337, 60.17185418844022848, 31.19415690675157649 ) ) ;
#1441 = DIRECTION ( 'NONE',  ( 1.000000000000000000, 0.000000000000000000, 0.000000000000000000 ) ) ;
#1442 = CARTESIAN_POINT ( 'NONE',  ( -24.70920539699122642, 77.57919651192113975, 4.667201160710455099 ) ) ;
#1443 = CARTESIAN_POINT ( 'NONE',  ( 30.02864052786865301, 31.07052035091709996, 21.40436042805453098 ) ) ;
#1444 = CARTESIAN_POINT ( 'NONE',  ( 16.88918645671622798, 81.12832579678456568, 29.77520132186735324 ) ) ;
#1445 = CARTESIAN_POINT ( 'NONE',  ( -18.43453469751307239, 79.88633293496950216, 8.601880422146598093 ) ) ;
#1446 = CARTESIAN_POINT ( 'NONE',  ( -4.695058921303921551, 24.99054006825119956, 32.16564419515757578 ) ) ;
#1447 = CARTESIAN_POINT ( 'NONE',  ( 3.980102097228897837E-15, 57.00000000000000000, 32.50000000000000000 ) ) ;
#1448 = CARTESIAN_POINT ( 'NONE',  ( 32.09222044059281131, 63.05263157894739834, 10.62266459388627027 ) ) ;
#1449 = EDGE_CURVE ( 'NONE', #303, #2393, #3132, .T. ) ;
#1450 = CARTESIAN_POINT ( 'NONE',  ( 15.93202006028457340, 56.47535543552194781, 50.48307981352300544 ) ) ;
#1451 = B_SPLINE_CURVE_WITH_KNOTS ( 'NONE', 3,
 ( #36, #3476, #3805, #2288, #2239, #1630, #739, #3761, #3846, #391, #3495, #1323, #3164, #1982, #3227, #371, #1609, #3455, #1897, #2565, #716, #2922, #697, #1263, #3145, #352, #1080, #2979, #3305, #2646, #3635, #3926, #202, #509, #2999, #1443, #1715, #1060, #1117, #3907, #2959, #2076, #2941, #3870, #2327, #2664 ),
 .UNSPECIFIED., .F., .F.,
 ( 4, 2, 2, 2, 2, 2, 2, 2, 2, 2, 2, 2, 2, 2, 2, 2, 2, 2, 2, 2, 2, 2, 4 ),
 ( 3.469446951953614189E-18, 0.001597113340431633669, 0.003194226680863263869, 0.003992783351079070946, 0.004791340021294879757, 0.006388453361726488706, 0.007187010031942295783, 0.007985566702158103727, 0.009582680042589710942, 0.01038123671280551628, 0.01117979338302132336, 0.01277690672345294272, 0.01357546339366875847, 0.01437402006388456902, 0.01597113340431619011, 0.01676969007453200239, 0.01756824674474781467, 0.01916536008517943923, 0.01996391675539525498, 0.02076247342561106379, 0.02235958676604268835, 0.02395670010647431292, 0.02555381344690593748 ),
 .UNSPECIFIED. ) ;
#1452 = CARTESIAN_POINT ( 'NONE',  ( 13.13931035963283733, 46.81204768824279938, 29.86232954920747318 ) ) ;
#1453 = ORIENTED_EDGE ( 'NONE', *, *, #3300, .F. ) ;
#1454 = CARTESIAN_POINT ( 'NONE',  ( 20.56385170552141517, 79.50103052188828201, 3.771145699303064536 ) ) ;
#1455 = CARTESIAN_POINT ( 'NONE',  ( 16.45718386071691341, 33.35809029090588496, 28.20031064583809055 ) ) ;
#1456 = ORIENTED_EDGE ( 'NONE', *, *, #1482, .T. ) ;
#1457 = SPHERICAL_SURFACE ( 'NONE', #1231, 26.60416666666666785 ) ;
#1458 = DIRECTION ( 'NONE',  ( 0.000000000000000000, 1.000000000000000000, 0.000000000000000000 ) ) ;
#1459 = CARTESIAN_POINT ( 'NONE',  ( 20.45493118282206524, 81.25959902023231507, 7.555007545327297791 ) ) ;
#1460 = CARTESIAN_POINT ( 'NONE',  ( 0.000000000000000000, 0.000000000000000000, 0.000000000000000000 ) ) ;
#1461 = VERTEX_POINT ( 'NONE', #3505 ) ;
#1462 = CARTESIAN_POINT ( 'NONE',  ( 48.44509273045505182, 80.15789473684210975, 61.86356513464639306 ) ) ;
#1463 = DIRECTION ( 'NONE',  ( -0.000000000000000000, -0.000000000000000000, 1.000000000000000000 ) ) ;
#1464 = CARTESIAN_POINT ( 'NONE',  ( -5.700814136719079883, 30.78009615392764431, 36.51341059679466383 ) ) ;
#1465 = CARTESIAN_POINT ( 'NONE',  ( -16.65078753144533863, 66.70023855445934657, 25.44189108921496612 ) ) ;
#1466 = CARTESIAN_POINT ( 'NONE',  ( 1.350215549833130080, 24.07583827534887533, 32.47375606454000518 ) ) ;
#1467 = CARTESIAN_POINT ( 'NONE',  ( -17.26869295090646972, 51.36842105263158231, 27.53256696654551661 ) ) ;
#1468 = CARTESIAN_POINT ( 'NONE',  ( -17.42040119181035607, 51.89437474550458518, 27.43741408692209305 ) ) ;
#1469 = CARTESIAN_POINT ( 'NONE',  ( 11.64255412577303517, 46.99699357330213445, 36.89124084331653819 ) ) ;
#1470 = CARTESIAN_POINT ( 'NONE',  ( -30.20948864229382735, 65.35828861975834059, -5.549783830614277491 ) ) ;
#1471 = CIRCLE ( 'NONE', #3043, 32.50000000000000000 ) ;
#1472 = ORIENTED_EDGE ( 'NONE', *, *, #1726, .F. ) ;
#1473 = EDGE_CURVE ( 'NONE', #437, #3873, #3000, .T. ) ;
#1474 = CARTESIAN_POINT ( 'NONE',  ( 24.92377479837496779, 24.34552330982342738, 20.87015110817154095 ) ) ;
#1475 = CARTESIAN_POINT ( 'NONE',  ( 20.82214866195700509, 31.54956304054816485, 30.28314069850338797 ) ) ;
#1476 = AXIS2_PLACEMENT_3D ( 'NONE', #2894, #1338, #3843 ) ;
#1477 = ORIENTED_EDGE ( 'NONE', *, *, #4039, .T. ) ;
#1478 = CARTESIAN_POINT ( 'NONE',  ( 15.42153826175235309, 65.11480961268667045, 18.84963185450420298 ) ) ;
#1479 = DIRECTION ( 'NONE',  ( 0.000000000000000000, 0.000000000000000000, 1.000000000000000000 ) ) ;
#1480 = DIRECTION ( 'NONE',  ( 0.000000000000000000, 1.000000000000000000, 0.000000000000000000 ) ) ;
#1481 = VERTEX_POINT ( 'NONE', #3795 ) ;
#1482 = EDGE_CURVE ( 'NONE', #1329, #3705, #88, .T. ) ;
#1483 = CARTESIAN_POINT ( 'NONE',  ( -9.304920993081207570, 80.70885853775371288, 20.67293359267026176 ) ) ;
#1484 = CYLINDRICAL_SURFACE ( 'NONE', #3925, 5.000000000000012434 ) ;
#1485 = CARTESIAN_POINT ( 'NONE',  ( -28.77377383906476283, 44.91298671031724865, 15.11689919243515767 ) ) ;
#1486 = CARTESIAN_POINT ( 'NONE',  ( -13.13919974497083842, 70.87611681205652303, 24.92074360248963316 ) ) ;
#1487 = CARTESIAN_POINT ( 'NONE',  ( -4.103645813922422114, 29.84524668701094896, 32.31220824542366898 ) ) ;
#1488 = CARTESIAN_POINT ( 'NONE',  ( -13.94779417787861853, 68.70601891733521427, 17.57143295099377056 ) ) ;
#1489 = DIRECTION ( 'NONE',  ( -0.000000000000000000, -0.000000000000000000, 1.000000000000000000 ) ) ;
#1490 = CARTESIAN_POINT ( 'NONE',  ( -9.488292830168385095, 80.15789473684210975, 21.54020109371995773 ) ) ;
#1491 = CYLINDRICAL_SURFACE ( 'NONE', #5, 15.50000000000000178 ) ;
#1492 = CARTESIAN_POINT ( 'NONE',  ( 30.69784743976285668, 40.20155694828446968, 10.83143230203642737 ) ) ;
#1493 = ORIENTED_EDGE ( 'NONE', *, *, #418, .T. ) ;
#1494 = CARTESIAN_POINT ( 'NONE',  ( 14.80789224897414513, 52.47258071295684090, 22.00239967802122010 ) ) ;
#1495 = CARTESIAN_POINT ( 'NONE',  ( 30.56957813378653199, 32.27004333480036280, 20.08384924288625939 ) ) ;
#1496 = PRODUCT_RELATED_PRODUCT_CATEGORY ( 'part', '', ( #271 ) ) ;
#1497 = AXIS2_PLACEMENT_3D ( 'NONE', #13, #932, #2194 ) ;
#1498 = VERTEX_POINT ( 'NONE', #1970 ) ;
#1499 = CARTESIAN_POINT ( 'NONE',  ( 12.56485050976056073, 58.00000000000000711, 23.17145222755872780 ) ) ;
#1500 = CIRCLE ( 'NONE', #4053, 26.60416666666666785 ) ;
#1501 = CARTESIAN_POINT ( 'NONE',  ( -32.53684950611153681, 55.15357364234329651, 0.6169152271121250974 ) ) ;
#1502 = EDGE_CURVE ( 'NONE', #686, #1809, #2866, .T. ) ;
#1503 = AXIS2_PLACEMENT_3D ( 'NONE', #4041, #282, #1192 ) ;
#1504 = CARTESIAN_POINT ( 'NONE',  ( 44.41955100919759758, 52.94736842105263719, 65.88910685590386151 ) ) ;
#1505 = EDGE_LOOP ( 'NONE', ( #984, #456 ) ) ;
#1506 = CARTESIAN_POINT ( 'NONE',  ( 33.24564731173575183, 57.79541443018273128, 10.61823031376663096 ) ) ;
#1507 = CARTESIAN_POINT ( 'NONE',  ( -32.47403760671989659, 51.25761901420338518, 1.336818827543446497 ) ) ;
#1508 = CARTESIAN_POINT ( 'NONE',  ( -18.01747697557842542, 61.45091419352487350, 26.51138148941680583 ) ) ;
#1509 = CARTESIAN_POINT ( 'NONE',  ( 10.85804264273507158, 30.74241613242461213, 30.63313209220970279 ) ) ;
#1510 = CARTESIAN_POINT ( 'NONE',  ( -21.13780749485987798, 69.72134910852022927, -5.158327820304139166 ) ) ;
#1511 = CARTESIAN_POINT ( 'NONE',  ( -25.63204638015088221, 59.01474129197965368, -5.444649290905104522 ) ) ;
#1512 = LINE ( 'NONE', #290, #1370 ) ;
#1513 = CARTESIAN_POINT ( 'NONE',  ( -28.41701390894121815, 69.55257277911145763, -5.111706230831499553 ) ) ;
#1514 = VERTEX_POINT ( 'NONE', #2535 ) ;
#1515 = CARTESIAN_POINT ( 'NONE',  ( 16.52917786224887919, 39.74136318678743152, 31.78294801177432305 ) ) ;
#1516 = CARTESIAN_POINT ( 'NONE',  ( 26.69155252903433606, 28.99961205601688619, 26.34178524098333085 ) ) ;
#1517 = ORIENTED_EDGE ( 'NONE', *, *, #101, .F. ) ;
#1518 = CARTESIAN_POINT ( 'NONE',  ( 12.75930112891845525, 61.30786396127911786, 22.30354996511602295 ) ) ;
#1519 = DIRECTION ( 'NONE',  ( 0.000000000000000000, 0.000000000000000000, 1.000000000000000000 ) ) ;
#1520 = CARTESIAN_POINT ( 'NONE',  ( 2.491059293910586447, 86.92611558420483675, 0.7395266928876741419 ) ) ;
#1521 = ORIENTED_EDGE ( 'NONE', *, *, #332, .T. ) ;
#1522 = EDGE_CURVE ( 'NONE', #3490, #1889, #1500, .T. ) ;
#1523 = FACE_OUTER_BOUND ( 'NONE', #276, .T. ) ;
#1524 = CARTESIAN_POINT ( 'NONE',  ( -30.85041428743761927, 45.82912687236475335, 10.25864084804456056 ) ) ;
#1525 = CARTESIAN_POINT ( 'NONE',  ( -17.54484451059948924, 62.91270704664149349, 26.38988684506606575 ) ) ;
#1526 = CARTESIAN_POINT ( 'NONE',  ( 9.117454317579996470, 34.85925579403560448, 34.91935739188834731 ) ) ;
#1527 = FACE_OUTER_BOUND ( 'NONE', #2130, .T. ) ;
#1528 = CARTESIAN_POINT ( 'NONE',  ( 33.94112549695434922, 39.00000000000000711, 41.01219330881970393 ) ) ;
#1529 = CARTESIAN_POINT ( 'NONE',  ( 6.363961030678932929, 58.00000000000000711, 6.363961030678912500 ) ) ;
#1530 = CARTESIAN_POINT ( 'NONE',  ( -25.96858268430089822, 73.89127963681264077, -3.165000639561458495 ) ) ;
#1531 = CARTESIAN_POINT ( 'NONE',  ( 31.26584623923714545, 45.93104851011371892, 9.062247959367468297 ) ) ;
#1532 = ORIENTED_EDGE ( 'NONE', *, *, #3307, .T. ) ;
#1533 = CARTESIAN_POINT ( 'NONE',  ( 20.96188369157264120, 51.26782256517675052, 16.24825090092021540 ) ) ;
#1534 = CARTESIAN_POINT ( 'NONE',  ( 29.16718363967418171, 29.97169029178243704, 23.07496356433525264 ) ) ;
#1535 = VECTOR ( 'NONE', #2712, 1000.000000000000000 ) ;
#1536 = EDGE_LOOP ( 'NONE', ( #806, #2743, #2423, #3253 ) ) ;
#1537 = COLOUR_RGB ( '',0.7921568627450980005, 0.8196078431372548767, 0.9333333333333333481 ) ;
#1538 = CARTESIAN_POINT ( 'NONE',  ( -34.01623924992760095, 56.11045814084691585, 1.683642987137756508 ) ) ;
#1539 = CARTESIAN_POINT ( 'NONE',  ( -6.199597641091044942, 85.43695371321814491, 7.847160396659578652 ) ) ;
#1540 = ORIENTED_EDGE ( 'NONE', *, *, #1348, .T. ) ;
#1541 = FACE_BOUND ( 'NONE', #2434, .T. ) ;
#1542 = FACE_OUTER_BOUND ( 'NONE', #2759, .T. ) ;
#1543 = EDGE_CURVE ( 'NONE', #3735, #2227, #523, .T. ) ;
#1544 = CARTESIAN_POINT ( 'NONE',  ( -13.37885116935114738, 73.49546489173607711, 22.79000007976404163 ) ) ;
#1545 = B_SPLINE_CURVE_WITH_KNOTS ( 'NONE', 3,
 ( #3486, #768, #3192, #1070 ),
 .UNSPECIFIED., .F., .F.,
 ( 4, 4 ),
 ( 0.000000000000000000, 2.525592997200044022E-05 ),
 .UNSPECIFIED. ) ;
#1546 = CARTESIAN_POINT ( 'NONE',  ( 2.114161054466640266, 29.20360583882676764, 32.45782723039835815 ) ) ;
#1547 = LINE ( 'NONE', #4010, #1823 ) ;
#1548 = CARTESIAN_POINT ( 'NONE',  ( 31.85408620253445733, 57.12759915170459379, 7.811854302105108339 ) ) ;
#1549 = FACE_OUTER_BOUND ( 'NONE', #1770, .T. ) ;
#1550 = LINE ( 'NONE', #3702, #3338 ) ;
#1551 = ADVANCED_FACE ( 'NONE', ( #986 ), #1027, .T. ) ;
#1552 = CARTESIAN_POINT ( 'NONE',  ( -31.11560666539777742, 63.59178342455387423, -3.685863450689081500 ) ) ;
#1553 = ORIENTED_EDGE ( 'NONE', *, *, #129, .T. ) ;
#1554 = CARTESIAN_POINT ( 'NONE',  ( 15.36065800029373918, 51.93020425843811694, 21.62011679539748954 ) ) ;
#1555 = CARTESIAN_POINT ( 'NONE',  ( 28.01517738765182486, 27.31582001170984952, 16.47636763588888797 ) ) ;
#1556 = ADVANCED_FACE ( 'NONE', ( #380 ), #3256, .F. ) ;
#1557 = VERTEX_POINT ( 'NONE', #1049 ) ;
#1558 = CARTESIAN_POINT ( 'NONE',  ( 13.28193013305731895, 47.24056677655700298, 32.88328700541416083 ) ) ;
#1559 = AXIS2_PLACEMENT_3D ( 'NONE', #1015, #1036, #1607 ) ;
#1560 = CARTESIAN_POINT ( 'NONE',  ( 15.98761046477937420, 57.95965295741206802, 38.59750601400634906 ) ) ;
#1561 = VERTEX_POINT ( 'NONE', #1617 ) ;
#1562 = AXIS2_PLACEMENT_3D ( 'NONE', #488, #1733, #2978 ) ;
#1563 = CARTESIAN_POINT ( 'NONE',  ( -25.96117417568907726, 49.86292525068031978, 19.60000681946165457 ) ) ;
#1564 = CIRCLE ( 'NONE', #2352, 5.000000000000000000 ) ;
#1565 = DIRECTION ( 'NONE',  ( -0.7071067811865487940, -0.000000000000000000, -0.7071067811865463515 ) ) ;
#1566 = CARTESIAN_POINT ( 'NONE',  ( 3.331426013863634683, 51.26701555616441652, 26.31174520369289027 ) ) ;
#1567 = CARTESIAN_POINT ( 'NONE',  ( 8.923277799645234154, 28.08482502817935611, 31.25199074250621578 ) ) ;
#1568 = CARTESIAN_POINT ( 'NONE',  ( -22.01162985000804539, 68.03413904659255707, -6.145788572655084714 ) ) ;
#1569 = CARTESIAN_POINT ( 'NONE',  ( -17.03574260276966257, 57.48063044175636094, 27.76918042830810762 ) ) ;
#1570 = CARTESIAN_POINT ( 'NONE',  ( -33.11543980298969103, 61.31639977456389801, -1.654688907521759678 ) ) ;
#1571 = CARTESIAN_POINT ( 'NONE',  ( -32.36822489069761843, 57.00000000000428457, -2.924324142155142248 ) ) ;
#1572 = CARTESIAN_POINT ( 'NONE',  ( -29.07184922119084192, 68.14136576827624481, -5.390974996233363292 ) ) ;
#1573 = EDGE_LOOP ( 'NONE', ( #1010, #3541, #3360, #1145, #3187 ) ) ;
#1575 = EDGE_CURVE ( 'NONE', #376, #2658, #1629, .T. ) ;
#1574 = CARTESIAN_POINT ( 'NONE',  ( 13.00748125873207428, 55.67685019008516889, 23.11055348382173236 ) ) ;
#1576 = CARTESIAN_POINT ( 'NONE',  ( 30.89933748457521645, 33.49494408832428860, 19.08734427996160576 ) ) ;
#1577 = ORIENTED_EDGE ( 'NONE', *, *, #2027, .F. ) ;
#1578 = CARTESIAN_POINT ( 'NONE',  ( -5.233695666007732505, 85.53646089113985340, 10.00294848841547335 ) ) ;
#1579 = CARTESIAN_POINT ( 'NONE',  ( -6.437510801524155113, 84.71649177969837297, 10.20598648225542249 ) ) ;
#1580 = ORIENTED_EDGE ( 'NONE', *, *, #2880, .F. ) ;
#1581 = CARTESIAN_POINT ( 'NONE',  ( -27.84952495161585162, 51.45081144212957724, 23.83204153513709755 ) ) ;
#1582 = CARTESIAN_POINT ( 'NONE',  ( -5.973784422249221571, 62.56097653224021116, 24.61032624399437196 ) ) ;
#1583 = LINE ( 'NONE', #2562, #2934 ) ;
#1584 = CARTESIAN_POINT ( 'NONE',  ( 2.768319424113576233, 29.36936741894964342, 32.42117685189393939 ) ) ;
#1585 = CARTESIAN_POINT ( 'NONE',  ( -20.56636533471368367, 70.72316357316496749, -4.327769578610574541 ) ) ;
#1586 = CARTESIAN_POINT ( 'NONE',  ( -11.23684904606077239, 31.41754736565404471, 30.49741339368997117 ) ) ;
#1587 = CARTESIAN_POINT ( 'NONE',  ( -2.938933630506074035, 51.08636282363714542, 26.35896522914104878 ) ) ;
#1588 = CARTESIAN_POINT ( 'NONE',  ( -32.56244973887684324, 57.59827069391128163, -1.824081995164200887 ) ) ;
#1589 = CARTESIAN_POINT ( 'NONE',  ( -30.53981413583133175, 68.38743385200122304, -2.667688429993932075 ) ) ;
#1590 = ORIENTED_EDGE ( 'NONE', *, *, #2867, .T. ) ;
#1591 = CARTESIAN_POINT ( 'NONE',  ( 0.000000000000000000, 4.999999999999997335, 0.000000000000000000 ) ) ;
#1592 = CARTESIAN_POINT ( 'NONE',  ( 31.19641227670578587, 35.34136982094067747, 18.01362539168460941 ) ) ;
#1593 = ADVANCED_FACE ( 'NONE', ( #2297 ), #1005, .F. ) ;
#1594 = APPLICATION_CONTEXT ( 'automotive_design' ) ;
#1595 = ORIENTED_EDGE ( 'NONE', *, *, #3477, .T. ) ;
#1596 = CARTESIAN_POINT ( 'NONE',  ( -10.61266701204294272, 59.41209940301363446, -2.319733822023412273 ) ) ;
#1597 = DIRECTION ( 'NONE',  ( 0.7071067811865487940, -0.000000000000000000, 0.7071067811865463515 ) ) ;
#1598 = CARTESIAN_POINT ( 'NONE',  ( -26.87975011782770096, 35.84210526315789735, -40.29822252201910970 ) ) ;
#1599 = CARTESIAN_POINT ( 'NONE',  ( 0.000000000000000000, 57.00000000000000000, 0.000000000000000000 ) ) ;
#1600 = EDGE_LOOP ( 'NONE', ( #1355, #1334, #1373, #3324 ) ) ;
#1601 = CIRCLE ( 'NONE', #629, 5.000000000000004441 ) ;
#1602 = CARTESIAN_POINT ( 'NONE',  ( -26.34070627214609672, 52.64783505728963320, 25.39522351021369673 ) ) ;
#1603 = CARTESIAN_POINT ( 'NONE',  ( -7.440483241960911265, 58.97428042366667000, 25.13006064359477421 ) ) ;
#1604 = CARTESIAN_POINT ( 'NONE',  ( -4.336808689942017736E-16, 58.00000000000000711, -47.50200000000000244 ) ) ;
#1605 = DIRECTION ( 'NONE',  ( -0.6916548014802255118, 0.2079116908177598144, 0.6916548014802256228 ) ) ;
#1606 = ADVANCED_FACE ( 'NONE', ( #3236 ), #2212, .F. ) ;
#1607 = DIRECTION ( 'NONE',  ( 1.000000000000000000, 0.000000000000000000, 0.000000000000000000 ) ) ;
#1608 = CARTESIAN_POINT ( 'NONE',  ( 31.86249635512526623, 57.89045897436223242, 6.070341368841810414 ) ) ;
#1609 = CARTESIAN_POINT ( 'NONE',  ( 23.65611609223617862, 29.67546552117045877, 28.81917383634693053 ) ) ;
#1610 = CARTESIAN_POINT ( 'NONE',  ( 9.001196126824336119, 81.36419886385758105, 32.59621465044024546 ) ) ;
#1611 = CARTESIAN_POINT ( 'NONE',  ( -21.98781552120455629, 78.37460412382712605, 2.174461270659562295 ) ) ;
#1612 = VERTEX_POINT ( 'NONE', #2245 ) ;
#1613 = FACE_OUTER_BOUND ( 'NONE', #2233, .T. ) ;
#1614 = CARTESIAN_POINT ( 'NONE',  ( 29.89316285862831180, 33.51206909436307058, 12.75553404998875173 ) ) ;
#1615 = ORIENTED_EDGE ( 'NONE', *, *, #855, .T. ) ;
#1616 = CARTESIAN_POINT ( 'NONE',  ( -24.99047475455790490, 60.97083846134755447, -6.326702390358541095 ) ) ;
#1617 = CARTESIAN_POINT ( 'NONE',  ( 65.88910685590401783, 63.05263157894739834, 44.41955100919736310 ) ) ;
#1618 = FACE_OUTER_BOUND ( 'NONE', #190, .T. ) ;
#1619 = CARTESIAN_POINT ( 'NONE',  ( -5.692050026583260092, 85.22994422690021565, 10.97420707165813702 ) ) ;
#1620 = ORIENTED_EDGE ( 'NONE', *, *, #2950, .T. ) ;
#1621 = EDGE_CURVE ( 'NONE', #3016, #2905, #201, .T. ) ;
#1622 = CARTESIAN_POINT ( 'NONE',  ( -22.90902254907762625, 52.41671361952472807, 23.18195318449093278 ) ) ;
#1623 = CARTESIAN_POINT ( 'NONE',  ( 9.819727124263749829, 29.14118868956762753, 30.98466931566861859 ) ) ;
#1624 = CIRCLE ( 'NONE', #1886, 15.99999999999999822 ) ;
#1625 = CARTESIAN_POINT ( 'NONE',  ( 11.66726188957803778, 58.00000000000000711, 1.060660171779788108 ) ) ;
#1626 = PRESENTATION_STYLE_ASSIGNMENT (( #1057 ) ) ;
#1627 = DIRECTION ( 'NONE',  ( 0.000000000000000000, 0.000000000000000000, -1.000000000000000000 ) ) ;
#1628 = DIRECTION ( 'NONE',  ( -0.000000000000000000, -1.000000000000000000, -0.000000000000000000 ) ) ;
#1629 = CIRCLE ( 'NONE', #3922, 5.000000000000004441 ) ;
#1630 = CARTESIAN_POINT ( 'NONE',  ( 19.55377083700170004, 32.88597638395286538, 30.75064056203052942 ) ) ;
#1631 = CARTESIAN_POINT ( 'NONE',  ( 3.859743973474763834, 86.83605815607384670, 6.804629350006740296 ) ) ;
#1632 = B_SPLINE_CURVE_WITH_KNOTS ( 'NONE', 3,
 ( #2774, #4031, #2754, #2160, #2140, #617, #3047, #2489, #1856, #3392, #311, #1548, #2104, #896, #2794, #558 ),
 .UNSPECIFIED., .F., .F.,
 ( 4, 2, 2, 2, 2, 2, 2, 4 ),
 ( -4.180955087258889709E-05, 0.0005683686949065845087, 0.001178546940685757955, 0.001788725186464931076, 0.002398903432244105065, 0.003009081678023278403, 0.003619259923802451307, 0.004839616415360794947 ),
 .UNSPECIFIED. ) ;
#1633 = CARTESIAN_POINT ( 'NONE',  ( -23.73904581217253096, 76.71976348132349699, 2.324718079345656996 ) ) ;
#1634 = CIRCLE ( 'NONE', #3530, 7.500000000000007994 ) ;
#1635 = ORIENTED_EDGE ( 'NONE', *, *, #2268, .F. ) ;
#1636 = FACE_BOUND ( 'NONE', #1505, .T. ) ;
#1637 = CARTESIAN_POINT ( 'NONE',  ( 15.19018703912982460, 43.59247686620589946, 32.25659446254008600 ) ) ;
#1638 = ORIENTED_EDGE ( 'NONE', *, *, #33, .T. ) ;
#1639 = EDGE_CURVE ( 'NONE', #345, #3020, #791, .T. ) ;
#1640 = CARTESIAN_POINT ( 'NONE',  ( 12.36894827707017264, 34.38161272744085295, 30.05429224592941750 ) ) ;
#1641 = CARTESIAN_POINT ( 'NONE',  ( 41.01219330881981051, 39.00000000000000711, 33.94112549695420711 ) ) ;
#1642 = CARTESIAN_POINT ( 'NONE',  ( 15.68980761227808252, 61.15970589438540372, 49.71559205626952860 ) ) ;
#1643 = CARTESIAN_POINT ( 'NONE',  ( -11.94716103357039216, 79.22934072193076815, 17.48399887593943447 ) ) ;
#1644 = EDGE_CURVE ( 'NONE', #1461, #2718, #61, .T. ) ;
#1645 = CARTESIAN_POINT ( 'NONE',  ( -10.00019757164933232, 77.20166352165799140, 25.77838754247317965 ) ) ;
#1646 = ORIENTED_EDGE ( 'NONE', *, *, #164, .F. ) ;
#1647 = CARTESIAN_POINT ( 'NONE',  ( -23.34846011985893099, 51.95262403253754968, 22.72622392292143800 ) ) ;
#1648 = CARTESIAN_POINT ( 'NONE',  ( -7.500000000000010658, 58.00000000000000711, 25.26938200009384161 ) ) ;
#1649 = DIRECTION ( 'NONE',  ( 0.7071067811865487940, -0.000000000000000000, 0.7071067811865463515 ) ) ;
#1650 = EDGE_CURVE ( 'NONE', #3484, #2246, #3453, .T. ) ;
#1651 = CARTESIAN_POINT ( 'NONE',  ( -21.64088257308916496, 51.31156775692858218, 15.33820565754404619 ) ) ;
#1652 = CARTESIAN_POINT ( 'NONE',  ( 31.92155332697192804, 56.78146073610281519, 6.193133222870375043 ) ) ;
#1653 = FACE_OUTER_BOUND ( 'NONE', #1789, .T. ) ;
#1654 = CARTESIAN_POINT ( 'NONE',  ( 5.071820507403812073, 85.79527043173881395, 12.24445785489157146 ) ) ;
#1655 = CARTESIAN_POINT ( 'NONE',  ( -29.37180807471882105, 67.45241428533448413, -5.476976787923991452 ) ) ;
#1656 = ORIENTED_EDGE ( 'NONE', *, *, #2697, .T. ) ;
#1657 = FACE_OUTER_BOUND ( 'NONE', #2498, .T. ) ;
#1658 = CARTESIAN_POINT ( 'NONE',  ( -17.38707142046161636, 56.78804458153820889, 27.59964868587285025 ) ) ;
#1659 = EDGE_LOOP ( 'NONE', ( #1024, #2902 ) ) ;
#1660 = CARTESIAN_POINT ( 'NONE',  ( -7.500000000000010658, 58.00000000000000711, 25.26938200009384161 ) ) ;
#1661 = CARTESIAN_POINT ( 'NONE',  ( -2.197288865933773483, 0.7313019390581875223, -47.50200000000000244 ) ) ;
#1662 = CARTESIAN_POINT ( 'NONE',  ( 13.95177318962268664, 50.15768981009521355, 44.20836007026861836 ) ) ;
#1663 = CARTESIAN_POINT ( 'NONE',  ( -13.00579711886670253, 74.25673413689796121, 22.35079030692001822 ) ) ;
#1664 =( BOUNDED_SURFACE ( )  B_SPLINE_SURFACE ( 3, 2, ( 
 ( #2061, #1139, #2429 ),
 ( #3310, #3026, #493 ),
 ( #1781, #2103, #246 ),
 ( #3005, #207, #269 ),
 ( #2369, #838, #800 ),
 ( #2650, #225, #2080 ) ),
 .UNSPECIFIED., .F., .F., .F. ) 
 B_SPLINE_SURFACE_WITH_KNOTS ( ( 4, 2, 4 ),
 ( 3, 3 ),
 ( 0.000000000000000000, 0.002997845694586799385, 0.005995691389173598770 ),
 ( 0.000000000000000000, 1.000000000000000000 ),
 .UNSPECIFIED. ) 
 GEOMETRIC_REPRESENTATION_ITEM ( )  RATIONAL_B_SPLINE_SURFACE ( (
 ( 1.000000000000000000, 0.8672240554360042264, 1.000000000000000000),
 ( 1.000000000000000000, 0.8717996977304185435, 1.000000000000000000),
 ( 1.000000000000000000, 0.8754474389328703587, 1.000000000000000000),
 ( 1.000000000000000000, 0.8807473950287800779, 1.000000000000000000),
 ( 1.000000000000000000, 0.8824000754086330778, 1.000000000000000000),
 ( 1.000000000000000000, 0.8829624316089471625, 1.000000000000000000) ) ) 
 REPRESENTATION_ITEM ( '' )  SURFACE ( )  );
#1665 = ORIENTED_EDGE ( 'NONE', *, *, #652, .T. ) ;
#1666 = CARTESIAN_POINT ( 'NONE',  ( -28.36080075061618189, 48.91755486896429517, 15.88998492768760329 ) ) ;
#1667 = CARTESIAN_POINT ( 'NONE',  ( 1.450132649144662444, 24.08768361217530085, 32.46966568654715957 ) ) ;
#1668 = CARTESIAN_POINT ( 'NONE',  ( -21.18419785285746926, 59.04831278770934233, 28.31541388286311545 ) ) ;
#1669 = DIRECTION ( 'NONE',  ( 0.000000000000000000, 0.000000000000000000, -1.000000000000000000 ) ) ;
#1670 = AXIS2_PLACEMENT_3D ( 'NONE', #3500, #377, #2856 ) ;
#1671 = CARTESIAN_POINT ( 'NONE',  ( -26.26224986012353568, 56.52076677316264863, -3.682468491177368186 ) ) ;
#1672 = CARTESIAN_POINT ( 'NONE',  ( -24.48783391698985668, 77.77097953286181564, 5.116676661358797951 ) ) ;
#1673 = ADVANCED_FACE ( 'NONE', ( #2615 ), #4056, .F. ) ;
#1674 = CARTESIAN_POINT ( 'NONE',  ( -6.645735175611299006, 54.49756818243565704, 25.67396007511461420 ) ) ;
#1675 = AXIS2_PLACEMENT_3D ( 'NONE', #409, #3161, #388 ) ;
#1676 = ADVANCED_FACE ( 'NONE', ( #3189 ), #3764, .F. ) ;
#1677 = CARTESIAN_POINT ( 'NONE',  ( 3.009829505721246523, 86.68098737621475891, 7.266371213151955999 ) ) ;
#1678 = CARTESIAN_POINT ( 'NONE',  ( -21.72020012913231213, 78.90877782874962065, 11.72946620698426834 ) ) ;
#1679 = ORIENTED_EDGE ( 'NONE', *, *, #3627, .F. ) ;
#1680 = CARTESIAN_POINT ( 'NONE',  ( -34.28766814279807562, 52.98257285505349756, 5.833147815489024168 ) ) ;
#1681 = CARTESIAN_POINT ( 'NONE',  ( 31.13872818160081479, 34.85925579403467367, 18.24470063136264386 ) ) ;
#1682 = EDGE_CURVE ( 'NONE', #3072, #2183, #1564, .T. ) ;
#1683 = ORIENTED_EDGE ( 'NONE', *, *, #1726, .T. ) ;
#1684 = CARTESIAN_POINT ( 'NONE',  ( 30.69870202808924020, 40.20866129494853425, 10.82938887417524931 ) ) ;
#1685 = CARTESIAN_POINT ( 'NONE',  ( 15.51670174253361267, 35.42405402508308754, 28.73840632328276357 ) ) ;
#1686 = CARTESIAN_POINT ( 'NONE',  ( -9.897295155572805925, 79.38654178733277433, 18.65710622612772340 ) ) ;
#1687 = ORIENTED_EDGE ( 'NONE', *, *, #1898, .T. ) ;
#1688 = CARTESIAN_POINT ( 'NONE',  ( -33.47454672399141629, 50.25305837966885036, 12.98994317848598001 ) ) ;
#1689 = LINE ( 'NONE', #1381, #2323 ) ;
#1690 = CARTESIAN_POINT ( 'NONE',  ( -15.47381470415841775, 61.05264568820855686, 20.59439159734245095 ) ) ;
#1691 = CARTESIAN_POINT ( 'NONE',  ( -4.336808689942017736E-16, 58.00000000000000711, 78.00000000000000000 ) ) ;
#1692 = CARTESIAN_POINT ( 'NONE',  ( 0.000000000000000000, 56.52076677316293996, 0.000000000000000000 ) ) ;
#1693 = CARTESIAN_POINT ( 'NONE',  ( -22.02612311470347350, 78.93644849750178594, 10.88347540119457690 ) ) ;
#1694 = CARTESIAN_POINT ( 'NONE',  ( 10.88851859475981065, 85.50401750275952395, 3.412526807852561461 ) ) ;
#1695 = CIRCLE ( 'NONE', #460, 5.000000000000007994 ) ;
#1696 = CARTESIAN_POINT ( 'NONE',  ( 0.2488956931279895368, 28.99955161668812309, 37.50026902963900000 ) ) ;
#1697 = CARTESIAN_POINT ( 'NONE',  ( -18.76688653906774462, 79.86116005938896478, 7.932066057731942621 ) ) ;
#1698 = EDGE_CURVE ( 'NONE', #960, #1880, #3600, .T. ) ;
#1699 = ORIENTED_EDGE ( 'NONE', *, *, #1251, .F. ) ;
#1700 = CIRCLE ( 'NONE', #3987, 5.000000000000001776 ) ;
#1701 = CARTESIAN_POINT ( 'NONE',  ( -7.451606943551102979, 57.01250463941191526, 25.40993311131349941 ) ) ;
#1702 = CARTESIAN_POINT ( 'NONE',  ( -15.93287731398776508, 56.29771070400888533, 31.12860854888732831 ) ) ;
#1703 = AXIS2_PLACEMENT_3D ( 'NONE', #80, #1038, #679 ) ;
#1704 = ORIENTED_EDGE ( 'NONE', *, *, #807, .F. ) ;
#1705 = EDGE_CURVE ( 'NONE', #3947, #421, #2178, .T. ) ;
#1706 = CARTESIAN_POINT ( 'NONE',  ( 29.79575242494983556, 32.88592343424613773, 12.98304093635966794 ) ) ;
#1707 = CARTESIAN_POINT ( 'NONE',  ( -8.673617379884035472E-16, 39.00000000000000711, 78.00000000000000000 ) ) ;
#1708 = CARTESIAN_POINT ( 'NONE',  ( 5.000000000000003553, 39.00000000000000711, 53.00000000000000000 ) ) ;
#1709 = ORIENTED_EDGE ( 'NONE', *, *, #1621, .F. ) ;
#1710 = CARTESIAN_POINT ( 'NONE',  ( -31.15571046999072991, 49.68129766459993846, 9.355921657189025353 ) ) ;
#1711 = CARTESIAN_POINT ( 'NONE',  ( -16.04326833601080438, 60.46264449040432964, 29.70702051731452187 ) ) ;
#1712 = CARTESIAN_POINT ( 'NONE',  ( -15.37257034731362282, 61.34906135261896765, 20.57222708216287188 ) ) ;
#1713 = CARTESIAN_POINT ( 'NONE',  ( 12.52406044871739788, 58.48665788552600731, 23.11397804238129439 ) ) ;
#1714 = CARTESIAN_POINT ( 'NONE',  ( -18.69775189009260430, 71.94584512832520318, 25.33191400156816542 ) ) ;
#1715 = CARTESIAN_POINT ( 'NONE',  ( 30.11626488948704505, 31.22950559435217599, 21.20721361424572393 ) ) ;
#1716 = CARTESIAN_POINT ( 'NONE',  ( 9.488292830168386871, 35.84210526315789735, 34.69420229851370863 ) ) ;
#1717 = CARTESIAN_POINT ( 'NONE',  ( -19.45115517344287426, 79.72731889139937778, 6.600376460427627379 ) ) ;
#1718 = ORIENTED_EDGE ( 'NONE', *, *, #3422, .T. ) ;
#1719 = FACE_OUTER_BOUND ( 'NONE', #3607, .T. ) ;
#1720 = CARTESIAN_POINT ( 'NONE',  ( -15.00513226357679919, 52.41814480953766520, 28.95229417660678806 ) ) ;
#1721 = B_SPLINE_CURVE_WITH_KNOTS ( 'NONE', 3,
 ( #118, #2975, #3593, #1753, #430, #2304, #3263, #3222, #2584, #3842, #1668, #3884, #1400, #2917 ),
 .UNSPECIFIED., .F., .F.,
 ( 4, 2, 2, 2, 2, 2, 4 ),
 ( 0.001100006255301274639, 0.002382919348223602567, 0.003024375894684762627, 0.003665832441145922688, 0.004948745534068261891, 0.005590202080529424120, 0.006231658626990586348 ),
 .UNSPECIFIED. ) ;
#1722 = FACE_OUTER_BOUND ( 'NONE', #3133, .T. ) ;
#1723 = ORIENTED_EDGE ( 'NONE', *, *, #1522, .F. ) ;
#1724 = CARTESIAN_POINT ( 'NONE',  ( 3.247661583489650966E-15, 0.000000000000000000, 26.51916932907348468 ) ) ;
#1725 = CARTESIAN_POINT ( 'NONE',  ( 19.24952900950236767, 30.28850160058892271, 26.30095717266387823 ) ) ;
#1726 = EDGE_CURVE ( 'NONE', #943, #2452, #2091, .T. ) ;
#1727 = CARTESIAN_POINT ( 'NONE',  ( -9.999186817099387170, 76.14549583701230517, 27.15290432440274770 ) ) ;
#1728 = ORIENTED_EDGE ( 'NONE', *, *, #3300, .T. ) ;
#1729 = CARTESIAN_POINT ( 'NONE',  ( -30.35042707067385948, 45.41627968319870945, 11.66095346290231660 ) ) ;
#1730 = CARTESIAN_POINT ( 'NONE',  ( -15.60433328703265765, 61.78148017847853168, 30.69997685264143783 ) ) ;
#1731 = FACE_OUTER_BOUND ( 'NONE', #1849, .T. ) ;
#1732 = PRODUCT_DEFINITION_SHAPE ( 'NONE', 'NONE',  #2767 ) ;
#1733 = DIRECTION ( 'NONE',  ( -0.3097717179443381097, 0.9307481772807317810, -0.1942918249706078460 ) ) ;
#1734 = CARTESIAN_POINT ( 'NONE',  ( 10.89677078595181037, 85.06610536902451258, 2.415118487662616165 ) ) ;
#1735 = CARTESIAN_POINT ( 'NONE',  ( -6.668040573650338737E-15, 77.00000000000000000, -47.50200000000000244 ) ) ;
#1736 = CIRCLE ( 'NONE', #2909, 27.73653237163664187 ) ;
#1737 = CARTESIAN_POINT ( 'NONE',  ( -16.40408291790873463, 73.05002024520985060, 21.37048895584987207 ) ) ;
#1738 = EDGE_CURVE ( 'NONE', #2010, #2944, #3729, .T. ) ;
#1739 = CARTESIAN_POINT ( 'NONE',  ( 0.8333522303256214459, 29.03052073929842436, 32.49385750405333795 ) ) ;
#1740 = CARTESIAN_POINT ( 'NONE',  ( -14.04972606865163343, 40.20866129494862662, 29.36479468672260040 ) ) ;
#1741 = AXIS2_PLACEMENT_3D ( 'NONE', #1426, #167, #3271 ) ;
#1742 = CARTESIAN_POINT ( 'NONE',  ( -23.25218234955352514, 56.37002370003585128, 27.89191818193854999 ) ) ;
#1743 = CARTESIAN_POINT ( 'NONE',  ( -20.22781389650750583, 63.31625702453523274, 29.00793633559880291 ) ) ;
#1744 = CARTESIAN_POINT ( 'NONE',  ( 14.31923655044733223, 50.85064556329090379, 45.37272479633347899 ) ) ;
#1745 = CARTESIAN_POINT ( 'NONE',  ( -12.81509946550895762, 76.27522166789984226, 20.50914809699213137 ) ) ;
#1746 = EDGE_LOOP ( 'NONE', ( #1187, #59 ) ) ;
#1747 = CARTESIAN_POINT ( 'NONE',  ( -2.001726997164020626E-14, 87.00000000000000000, 0.000000000000000000 ) ) ;
#1748 = B_SPLINE_CURVE_WITH_KNOTS ( 'NONE', 3,
 ( #1018, #1961, #2198, #2875 ),
 .UNSPECIFIED., .F., .F.,
 ( 4, 4 ),
 ( 1.516735707822590915E-15, 0.0008708030690202081319 ),
 .UNSPECIFIED. ) ;
#1749 = CARTESIAN_POINT ( 'NONE',  ( 17.70431355331419354, 31.67545742013219012, 27.40928079810780105 ) ) ;
#1750 = ORIENTED_EDGE ( 'NONE', *, *, #2640, .T. ) ;
#1751 = CARTESIAN_POINT ( 'NONE',  ( -32.45281649155141679, 50.83310359196779871, 1.787933940527357324 ) ) ;
#1752 = DIRECTION ( 'NONE',  ( 1.000000000000000000, 0.000000000000000000, 0.000000000000000000 ) ) ;
#1753 = CARTESIAN_POINT ( 'NONE',  ( -18.71611804000076518, 58.14546214190976769, 27.46547916236865561 ) ) ;
#1754 = EDGE_CURVE ( 'NONE', #2631, #691, #340, .T. ) ;
#1755 = CARTESIAN_POINT ( 'NONE',  ( -20.98024967989391953, 78.68804728135391713, 13.88810015023877575 ) ) ;
#1756 = CARTESIAN_POINT ( 'NONE',  ( 20.48954983483658054, 81.23392496008888486, 7.577541963465104224 ) ) ;
#1757 = CARTESIAN_POINT ( 'NONE',  ( -2.649553612488001697, 29.35369261115265971, 37.29085043252578657 ) ) ;
#1758 = CARTESIAN_POINT ( 'NONE',  ( -20.51926369428606023, 79.31637857030214889, 4.639844753697310864 ) ) ;
#1759 = CARTESIAN_POINT ( 'NONE',  ( -3.441900226433992405, 29.57259555564993292, 32.37533271222167031 ) ) ;
#1760 = ORIENTED_EDGE ( 'NONE', *, *, #1824, .F. ) ;
#1761 = CARTESIAN_POINT ( 'NONE',  ( -7.500000000000010658, 58.00000000000000711, 25.26938200009384161 ) ) ;
#1762 = CARTESIAN_POINT ( 'NONE',  ( 31.71012158350530186, 59.13047348460628427, 6.017818529683714779 ) ) ;
#1763 = CARTESIAN_POINT ( 'NONE',  ( 16.81734189359638165, 56.17176616944453826, 40.60065488259377275 ) ) ;
#1764 = DIRECTION ( 'NONE',  ( -0.000000000000000000, -1.000000000000000000, -0.000000000000000000 ) ) ;
#1765 = AXIS2_PLACEMENT_3D ( 'NONE', #3385, #3652, #1174 ) ;
#1766 = VERTEX_POINT ( 'NONE', #1428 ) ;
#1767 = CARTESIAN_POINT ( 'NONE',  ( 29.89954506953423063, 33.56512556106068246, 12.74027338332783899 ) ) ;
#1768 = CARTESIAN_POINT ( 'NONE',  ( 19.42463713030665318, 24.99054006825256735, 26.06445313295294497 ) ) ;
#1769 = EDGE_CURVE ( 'NONE', #2311, #603, #1794, .T. ) ;
#1770 = EDGE_LOOP ( 'NONE', ( #929, #2337 ) ) ;
#1771 = CIRCLE ( 'NONE', #3898, 10.00000000000000000 ) ;
#1772 = CARTESIAN_POINT ( 'NONE',  ( -12.60524699876894594, 70.79261300504165888, 25.20486160496137984 ) ) ;
#1773 = CARTESIAN_POINT ( 'NONE',  ( 13.57520368291708479, 84.62902680208652839, 4.401985279166372500 ) ) ;
#1774 = ORIENTED_EDGE ( 'NONE', *, *, #4005, .F. ) ;
#1775 = CARTESIAN_POINT ( 'NONE',  ( 61.86356513464656359, 80.15789473684210975, 48.44509273045483155 ) ) ;
#1776 = CARTESIAN_POINT ( 'NONE',  ( 10.10165875041829864, 85.38994863617625697, 1.188433928101459314 ) ) ;
#1777 = CARTESIAN_POINT ( 'NONE',  ( -7.756646975135032207, 32.68335300034344471, 35.65033506239616656 ) ) ;
#1778 = EDGE_CURVE ( 'NONE', #3438, #3060, #1255, .T. ) ;
#1779 = CARTESIAN_POINT ( 'NONE',  ( -16.26981792205201671, 70.05977607508042126, 23.79677509279459713 ) ) ;
#1780 = CARTESIAN_POINT ( 'NONE',  ( -4.765315781271349138, 30.16702874793119094, 32.23731499351812602 ) ) ;
#1781 = CARTESIAN_POINT ( 'NONE',  ( 33.24724457987582582, 54.39630216166310106, 11.17531346109793944 ) ) ;
#1782 = CARTESIAN_POINT ( 'NONE',  ( 37.47665940288707986, 39.00000000000000711, 37.47665940288695197 ) ) ;
#1783 = CARTESIAN_POINT ( 'NONE',  ( 12.81759277588121471, 56.52076677316293996, 23.21584927018070132 ) ) ;
#1784 = CARTESIAN_POINT ( 'NONE',  ( 20.13328731897716750, 48.82184047367086066, 38.70081837222812027 ) ) ;
#1785 = CARTESIAN_POINT ( 'NONE',  ( -31.53929170292496664, 61.13142818024864056, -4.804096409906660092 ) ) ;
#1786 = ORIENTED_EDGE ( 'NONE', *, *, #3246, .F. ) ;
#1787 = CARTESIAN_POINT ( 'NONE',  ( 1.031510992596778475, 86.98453800578057837, 0.1055191737210317005 ) ) ;
#1788 = CARTESIAN_POINT ( 'NONE',  ( 21.91315754550575434, 29.10282378196938780, 24.01905250217232535 ) ) ;
#1789 = EDGE_LOOP ( 'NONE', ( #3730, #24 ) ) ;
#1790 = CARTESIAN_POINT ( 'NONE',  ( 13.35688760392586438, 62.93925441155956690, 21.36891007498275741 ) ) ;
#1791 = DIRECTION ( 'NONE',  ( 0.000000000000000000, 0.000000000000000000, -1.000000000000000000 ) ) ;
#1792 = CARTESIAN_POINT ( 'NONE',  ( 10.78384148075785909, 85.53363579414229889, 3.375851846412832646 ) ) ;
#1793 = CARTESIAN_POINT ( 'NONE',  ( 9.488292830168386871, 35.84210526315789735, -47.50200000000000244 ) ) ;
#1794 = B_SPLINE_CURVE_WITH_KNOTS ( 'NONE', 3,
 ( #2672, #3584, #2390, #2371, #1743, #3272, #2652, #168 ),
 .UNSPECIFIED., .F., .F.,
 ( 4, 2, 2, 4 ),
 ( 0.000000000000000000, 0.003302115055838850035, 0.004953172583758286979, 0.006604230111677723489 ),
 .UNSPECIFIED. ) ;
#1795 = CARTESIAN_POINT ( 'NONE',  ( 13.28193013305731895, 47.24056677655700298, 32.88328700541416083 ) ) ;
#1796 = CARTESIAN_POINT ( 'NONE',  ( -22.71027442013170727, 47.60426715595729519, 23.25171501628290116 ) ) ;
#1797 = CARTESIAN_POINT ( 'NONE',  ( -18.71056464258381880, 72.90161237020265617, 24.50701469228201645 ) ) ;
#1798 = CARTESIAN_POINT ( 'NONE',  ( -6.664469302627288094, 31.49411085814828581, 31.93867485853099453 ) ) ;
#1799 = CARTESIAN_POINT ( 'NONE',  ( -15.69837353871555230, 45.92431801464038443, 28.51748652733050093 ) ) ;
#1800 = DIRECTION ( 'NONE',  ( 0.7071067811865487940, -0.000000000000000000, 0.7071067811865463515 ) ) ;
#1801 = DIRECTION ( 'NONE',  ( 0.7071067811865462405, 0.000000000000000000, -0.7071067811865487940 ) ) ;
#1802 = CARTESIAN_POINT ( 'NONE',  ( -32.02654511250059244, 59.09366483632564382, -4.083867076240624172 ) ) ;
#1803 = CARTESIAN_POINT ( 'NONE',  ( -32.04369987150506205, 59.05858218797219905, -4.091199377943393500 ) ) ;
#1804 = ORIENTED_EDGE ( 'NONE', *, *, #1993, .F. ) ;
#1805 =( BOUNDED_CURVE ( )  B_SPLINE_CURVE ( 3, ( #3336, #540, #3028, #2161 ),
 .UNSPECIFIED., .F., .T. ) 
 B_SPLINE_CURVE_WITH_KNOTS ( ( 4, 4 ),
 ( 1.960086412494430386, 1.963495408493621364 ),
 .UNSPECIFIED. ) 
 CURVE ( )  GEOMETRIC_REPRESENTATION_ITEM ( )  RATIONAL_B_SPLINE_CURVE ( ( 1.000000000000000000, 0.9999990315624242010, 0.9999990315624242010, 1.000000000000000000 ) ) 
 REPRESENTATION_ITEM ( '' )  );
#1807 = EDGE_CURVE ( 'NONE', #3725, #2457, #1805, .T. ) ;
#1806 = CARTESIAN_POINT ( 'NONE',  ( 23.21584927018074040, 56.52076677316293996, 12.81759277588113299 ) ) ;
#1808 = CARTESIAN_POINT ( 'NONE',  ( 28.21251618038551001, 29.32799050986928435, 24.54508969789442574 ) ) ;
#1809 = VERTEX_POINT ( 'NONE', #2083 ) ;
#1810 = CARTESIAN_POINT ( 'NONE',  ( -17.74281680753946944, 55.98484682767985277, 19.71240080071825318 ) ) ;
#1811 = DIRECTION ( 'NONE',  ( -0.000000000000000000, -1.000000000000000000, -0.000000000000000000 ) ) ;
#1812 = DIRECTION ( 'NONE',  ( 0.7071067811865487940, -0.000000000000000000, 0.7071067811865463515 ) ) ;
#1813 = CARTESIAN_POINT ( 'NONE',  ( -21.10190194101776839, 49.16815499590130401, 24.72623025107082739 ) ) ;
#1814 = CARTESIAN_POINT ( 'NONE',  ( -19.68079313812825148, 65.20323833324644625, 28.67120745559561712 ) ) ;
#1815 = CARTESIAN_POINT ( 'NONE',  ( 0.4082733281784242108, 29.00567990635211757, 32.49886988556882983 ) ) ;
#1816 = CARTESIAN_POINT ( 'NONE',  ( -13.93891766535219290, 69.53643591832492632, 16.86850193438014855 ) ) ;
#1817 = CYLINDRICAL_SURFACE ( 'NONE', #3766, 5.000000000000001776 ) ;
#1818 = CYLINDRICAL_SURFACE ( 'NONE', #1112, 16.00000000000001421 ) ;
#1819 = CARTESIAN_POINT ( 'NONE',  ( -13.24682256404321556, 72.41558399776360488, 23.73172213259750762 ) ) ;
#1820 = EDGE_LOOP ( 'NONE', ( #828, #2210 ) ) ;
#1821 = CARTESIAN_POINT ( 'NONE',  ( 5.817072295949929004E-15, 5.000000000000000000, 47.50000000000000711 ) ) ;
#1822 = CARTESIAN_POINT ( 'NONE',  ( 25.02752254195048209, 29.43254399964037660, 20.80291430315570622 ) ) ;
#1823 = VECTOR ( 'NONE', #1895, 1000.000000000000000 ) ;
#1824 = EDGE_CURVE ( 'NONE', #3529, #2855, #273, .T. ) ;
#1825 =( BOUNDED_CURVE ( )  B_SPLINE_CURVE ( 3, ( #782, #2690, #2389, #3892 ),
 .UNSPECIFIED., .F., .T. ) 
 B_SPLINE_CURVE_WITH_KNOTS ( ( 4, 4 ),
 ( 4.712388980384689674, 5.961896717914775934 ),
 .UNSPECIFIED. ) 
 CURVE ( )  GEOMETRIC_REPRESENTATION_ITEM ( )  RATIONAL_B_SPLINE_CURVE ( ( 1.000000000000000000, 0.8740714037692083327, 0.8740714037692083327, 1.000000000000000000 ) ) 
 REPRESENTATION_ITEM ( '' )  );
#1826 = ORIENTED_EDGE ( 'NONE', *, *, #4034, .T. ) ;
#1827 = DIRECTION ( 'NONE',  ( -0.3131725972587916518, -0.9409665479056705806, 0.1284713199460031097 ) ) ;
#1828 = AXIS2_PLACEMENT_3D ( 'NONE', #1599, #344, #3444 ) ;
#1829 = CARTESIAN_POINT ( 'NONE',  ( 5.817072295949929004E-15, 12.00000000000000000, 47.50000000000000711 ) ) ;
#1830 = AXIS2_PLACEMENT_3D ( 'NONE', #3058, #2439, #1847 ) ;
#1831 = CARTESIAN_POINT ( 'NONE',  ( 5.817072295949929004E-15, 12.00000000000000000, 47.50000000000000711 ) ) ;
#1832 = VERTEX_POINT ( 'NONE', #18 ) ;
#1833 = CARTESIAN_POINT ( 'NONE',  ( 7.551285230523253562E-15, 87.00000000000000000, 3.885256775185637881E-14 ) ) ;
#1834 = DIRECTION ( 'NONE',  ( -0.9488292830168392200, 0.3157894736842108419, 0.000000000000000000 ) ) ;
#1835 = CARTESIAN_POINT ( 'NONE',  ( -15.71720496650202215, 58.36967449420603060, 28.29797641062168267 ) ) ;
#1836 = CARTESIAN_POINT ( 'NONE',  ( 7.784084158014312749, 32.67300438718456235, 31.70201666047917044 ) ) ;
#1837 = CARTESIAN_POINT ( 'NONE',  ( -18.64836907392504983, 73.37340908719518495, -0.6090363184725979817 ) ) ;
#1838 = CARTESIAN_POINT ( 'NONE',  ( 44.41955100919759047, 63.05263157894739123, 65.88910685590386151 ) ) ;
#1839 = FACE_OUTER_BOUND ( 'NONE', #1111, .T. ) ;
#1840 = CARTESIAN_POINT ( 'NONE',  ( -30.47810266112523436, 64.64112311401068212, -5.527877367528181374 ) ) ;
#1841 = CARTESIAN_POINT ( 'NONE',  ( -32.36349000979374324, 58.59890217694194803, -1.811711630851034149 ) ) ;
#1842 = EDGE_LOOP ( 'NONE', ( #2419, #1973, #3109, #824, #3952, #2703 ) ) ;
#1843 = CARTESIAN_POINT ( 'NONE',  ( 37.47665940288707986, 0.000000000000000000, 37.47665940288695197 ) ) ;
#1844 = CARTESIAN_POINT ( 'NONE',  ( 25.88383739139539941, 29.93085777902145850, 19.78450590199461701 ) ) ;
#1845 = ORIENTED_EDGE ( 'NONE', *, *, #1543, .T. ) ;
#1846 = ADVANCED_FACE ( 'NONE', ( #2735 ), #2448, .T. ) ;
#1847 = DIRECTION ( 'NONE',  ( 1.000000000000000000, 0.000000000000000000, 0.000000000000000000 ) ) ;
#1848 = FACE_OUTER_BOUND ( 'NONE', #43, .T. ) ;
#1849 = EDGE_LOOP ( 'NONE', ( #1553, #2679, #3588, #621 ) ) ;
#1850 = EDGE_CURVE ( 'NONE', #2378, #1181, #1512, .T. ) ;
#1851 = PLANE ( 'NONE',  #1964 ) ;
#1852 = CARTESIAN_POINT ( 'NONE',  ( -8.673617379884035472E-16, 39.00000000000000711, 53.00000000000000000 ) ) ;
#1853 = CARTESIAN_POINT ( 'NONE',  ( -19.14004382629762091, 67.64189509143120915, 27.87791355884290923 ) ) ;
#1854 = CARTESIAN_POINT ( 'NONE',  ( 7.079060408303917917, 26.39518930921791195, 31.72459245549907081 ) ) ;
#1855 = CARTESIAN_POINT ( 'NONE',  ( -15.54705913500483128, 74.41488472696872236, 8.099781415666345907 ) ) ;
#1856 = CARTESIAN_POINT ( 'NONE',  ( 32.09208056140920462, 57.21097555161374260, 8.796724370011492766 ) ) ;
#1857 = LINE ( 'NONE', #3048, #525 ) ;
#1858 = ADVANCED_FACE ( 'NONE', ( #1549 ), #2123, .T. ) ;
#1859 = CARTESIAN_POINT ( 'NONE',  ( -16.99048225345712027, 79.64550179508452743, 11.71171721250330044 ) ) ;
#1860 = CARTESIAN_POINT ( 'NONE',  ( -31.40635714967280023, 62.62919487257169493, -3.451511069733524728 ) ) ;
#1861 = ORIENTED_EDGE ( 'NONE', *, *, #15, .T. ) ;
#1862 = CARTESIAN_POINT ( 'NONE',  ( 12.89572974724732290, 56.09450967443515168, 23.17270943635183755 ) ) ;
#1863 = CARTESIAN_POINT ( 'NONE',  ( 27.43832607480537789, 26.39518930921928330, 17.42702283651963668 ) ) ;
#1864 = ORIENTED_EDGE ( 'NONE', *, *, #2745, .T. ) ;
#1865 = EDGE_CURVE ( 'NONE', #720, #3090, #940, .T. ) ;
#1866 = CARTESIAN_POINT ( 'NONE',  ( -8.252065872310058836, 82.67379054784626646, 17.15104868926674087 ) ) ;
#1867 = CARTESIAN_POINT ( 'NONE',  ( 16.92512286286134326, 57.81300139535466087, 40.86086116035071569 ) ) ;
#1868 = CARTESIAN_POINT ( 'NONE',  ( -7.826375762244833112, 83.23583890141175345, 15.98884514622752384 ) ) ;
#1869 = ORIENTED_EDGE ( 'NONE', *, *, #3752, .T. ) ;
#1870 = CARTESIAN_POINT ( 'NONE',  ( 14.43989419082026870, 50.71981576439753070, 43.17558814393185429 ) ) ;
#1871 = CARTESIAN_POINT ( 'NONE',  ( -32.03410816008116058, 48.02204647524378345, 5.539774370251664415 ) ) ;
#1872 = DIRECTION ( 'NONE',  ( -0.000000000000000000, -1.000000000000000000, -0.000000000000000000 ) ) ;
#1873 = CARTESIAN_POINT ( 'NONE',  ( 5.616858182631739638, 30.67929751501745272, 32.11908233293431181 ) ) ;
#1874 = EDGE_CURVE ( 'NONE', #2014, #566, #2716, .T. ) ;
#1875 = FACE_OUTER_BOUND ( 'NONE', #3711, .T. ) ;
#1876 = CARTESIAN_POINT ( 'NONE',  ( -26.26224986012353568, 56.52076677316264863, -3.682468491177368186 ) ) ;
#1877 = DIRECTION ( 'NONE',  ( 1.000000000000000000, 0.000000000000000000, 0.000000000000000000 ) ) ;
#1878 = CARTESIAN_POINT ( 'NONE',  ( 21.93174228457267461, 78.10147251785974731, 4.480294102389990485 ) ) ;
#1879 = CARTESIAN_POINT ( 'NONE',  ( -25.33321368105520577, 74.82568310713385529, -2.482028037333346315 ) ) ;
#1880 = VERTEX_POINT ( 'NONE', #2105 ) ;
#1881 = CARTESIAN_POINT ( 'NONE',  ( 18.44710869797688702, 50.49984142410898613, 19.05672365404550561 ) ) ;
#1882 = CARTESIAN_POINT ( 'NONE',  ( 26.68333943300786615, 30.67929751501952751, 18.73990241320806405 ) ) ;
#1883 = ORIENTED_EDGE ( 'NONE', *, *, #3550, .F. ) ;
#1884 = EDGE_CURVE ( 'NONE', #968, #943, #639, .T. ) ;
#1885 = CYLINDRICAL_SURFACE ( 'NONE', #788, 5.000000000000001776 ) ;
#1886 = AXIS2_PLACEMENT_3D ( 'NONE', #513, #3077, #2093 ) ;
#1887 = CARTESIAN_POINT ( 'NONE',  ( 24.53703257542964877, 57.64995783318186540, 47.16583169207487458 ) ) ;
#1888 = CARTESIAN_POINT ( 'NONE',  ( -5.064490496418107668, 85.65988852113343910, 7.827744086003223245 ) ) ;
#1889 = VERTEX_POINT ( 'NONE', #2490 ) ;
#1890 = CIRCLE ( 'NONE', #3592, 5.000000000000001776 ) ;
#1891 = CARTESIAN_POINT ( 'NONE',  ( -30.20916266630314695, 50.16224255353862560, 20.70832838538138532 ) ) ;
#1892 = DIRECTION ( 'NONE',  ( -0.000000000000000000, -0.000000000000000000, 1.000000000000000000 ) ) ;
#1893 = CARTESIAN_POINT ( 'NONE',  ( 0.4349398320936624374, 50.50951457788815446, 26.51647397486401658 ) ) ;
#1894 = CARTESIAN_POINT ( 'NONE',  ( 6.864059845891868683, 31.72321668540527995, 36.05998931809792651 ) ) ;
#1895 = DIRECTION ( 'NONE',  ( -0.000000000000000000, -1.000000000000000000, -0.000000000000000000 ) ) ;
#1896 = CARTESIAN_POINT ( 'NONE',  ( -8.303644582091239457, 33.35809029090312094, 31.57761719638341091 ) ) ;
#1897 = CARTESIAN_POINT ( 'NONE',  ( 24.49509589054475356, 29.35369261115265616, 28.24213054355981356 ) ) ;
#1898 = EDGE_CURVE ( 'NONE', #1087, #1053, #3662, .T. ) ;
#1899 = CARTESIAN_POINT ( 'NONE',  ( -13.76327793695694801, 75.38081452944786065, 20.84807321686863801 ) ) ;
#1900 = CARTESIAN_POINT ( 'NONE',  ( -29.31196381734038070, 70.96151415728517975, -1.960977383269374208 ) ) ;
#1901 = ORIENTED_EDGE ( 'NONE', *, *, #3556, .F. ) ;
#1902 = CARTESIAN_POINT ( 'NONE',  ( 16.00000000000001421, 58.00000000000000711, 78.00000000000000000 ) ) ;
#1903 = CARTESIAN_POINT ( 'NONE',  ( 9.083886051301892195, 45.72809541352422258, 31.20469538718433000 ) ) ;
#1904 = ORIENTED_EDGE ( 'NONE', *, *, #528, .T. ) ;
#1905 = CARTESIAN_POINT ( 'NONE',  ( -9.488292830168388647, 35.84210526315791157, 34.69420229851370863 ) ) ;
#1906 = CARTESIAN_POINT ( 'NONE',  ( 0.000000000000000000, 5.000000000000000000, 0.000000000000000000 ) ) ;
#1907 = CARTESIAN_POINT ( 'NONE',  ( -11.93189732024394800, 32.86641115549129211, 30.23358160201802036 ) ) ;
#1908 = EDGE_CURVE ( 'NONE', #148, #847, #2940, .T. ) ;
#1909 = CARTESIAN_POINT ( 'NONE',  ( -9.234519176720469957, 83.20317054558026371, 12.24687604005170449 ) ) ;
#1910 = ORIENTED_EDGE ( 'NONE', *, *, #3380, .F. ) ;
#1911 = CARTESIAN_POINT ( 'NONE',  ( -21.75448541827358184, 59.43387018598713922, 28.90765756773071615 ) ) ;
#1912 = LINE ( 'NONE', #407, #4023 ) ;
#1913 = FACE_OUTER_BOUND ( 'NONE', #3754, .T. ) ;
#1914 = CARTESIAN_POINT ( 'NONE',  ( 3.652224832943193444, 29.65956590680105975, 32.35519318513713927 ) ) ;
#1915 = CARTESIAN_POINT ( 'NONE',  ( -14.64991578527651050, 73.31880887975086125, 11.63534767195978858 ) ) ;
#1916 = CARTESIAN_POINT ( 'NONE',  ( 31.81821676988681702, 53.19577430948119456, 6.651180201065854725 ) ) ;
#1917 = CARTESIAN_POINT ( 'NONE',  ( -5.088189742958821427, 52.47342297587337612, 26.02862834441733852 ) ) ;
#1918 = CARTESIAN_POINT ( 'NONE',  ( 9.243267113920978773, 82.17929532529764458, 22.31522082705332366 ) ) ;
#1919 = CARTESIAN_POINT ( 'NONE',  ( -27.46056170258199813, 71.39397687112791857, -4.489375346664676414 ) ) ;
#1920 = ORIENTED_EDGE ( 'NONE', *, *, #3830, .T. ) ;
#1921 = CARTESIAN_POINT ( 'NONE',  ( 12.79189783900931232, 43.51621630738033986, 30.88237325142728551 ) ) ;
#1922 = CARTESIAN_POINT ( 'NONE',  ( 28.73840632328281686, 35.42405402508306622, 15.51670174253352386 ) ) ;
#1923 = ORIENTED_EDGE ( 'NONE', *, *, #3580, .F. ) ;
#1924 = EDGE_CURVE ( 'NONE', #1994, #384, #1857, .T. ) ;
#1925 = CYLINDRICAL_SURFACE ( 'NONE', #2776, 5.000000000000004441 ) ;
#1926 = DIRECTION ( 'NONE',  ( 0.000000000000000000, 0.000000000000000000, 1.000000000000000000 ) ) ;
#1927 = CARTESIAN_POINT ( 'NONE',  ( -2.877456211133950337, 24.36616345129415251, 32.37426528201457643 ) ) ;
#1928 = ORIENTED_EDGE ( 'NONE', *, *, #3905, .T. ) ;
#1929 = AXIS2_PLACEMENT_3D ( 'NONE', #60, #3810, #1987 ) ;
#1930 = CARTESIAN_POINT ( 'NONE',  ( -20.80272486576961910, 55.28094412712347605, 25.14684703044180125 ) ) ;
#1931 = CARTESIAN_POINT ( 'NONE',  ( 1.952518944215776653, 65.24562048302939843, 24.21389961861288498 ) ) ;
#1932 = CYLINDRICAL_SURFACE ( 'NONE', #2410, 16.00000000000000000 ) ;
#1933 = CARTESIAN_POINT ( 'NONE',  ( -26.52473612987837015, 53.15758167985969607, 0.04317938380240248647 ) ) ;
#1934 = CARTESIAN_POINT ( 'NONE',  ( -9.349156967893010872, 35.42405402508308754, 31.29308701548222160 ) ) ;
#1935 = CARTESIAN_POINT ( 'NONE',  ( -7.144015528247629199, 55.67706948712024229, 25.53928882603799977 ) ) ;
#1936 = CARTESIAN_POINT ( 'NONE',  ( 8.739265520232816442, 82.83766027928407993, 21.09845334412182893 ) ) ;
#1937 = CARTESIAN_POINT ( 'NONE',  ( -24.84093798942175013, 77.45522642078660169, 4.408485559862845626 ) ) ;
#1938 = EDGE_CURVE ( 'NONE', #1481, #3270, #3201, .T. ) ;
#1939 = ORIENTED_EDGE ( 'NONE', *, *, #1213, .T. ) ;
#1940 = CARTESIAN_POINT ( 'NONE',  ( 12.43802184604307648, 35.14676634637400809, 30.02804102981005840 ) ) ;
#1941 = DIRECTION ( 'NONE',  ( -0.3131725972587915408, 0.9409665479056706916, -0.1284713199460015276 ) ) ;
#1942 = B_SPLINE_CURVE_WITH_KNOTS ( 'NONE', 3,
 ( #2822, #3634, #531, #2097, #7, #342, #926, #669, #2804, #25, #3772, #1578, #965, #2727, #1866, #3442, #3040, #1483, #3985 ),
 .UNSPECIFIED., .F., .F.,
 ( 4, 2, 1, 2, 2, 2, 2, 2, 2, 4 ),
 ( -3.946067132127490821E-05, 0.0007366796574522951457, 0.001512819986225865179, 0.003065100643773003945, 0.006169661958867282345, 0.009274223273961561612, 0.01237878458905584088, 0.01858790721924438727, 0.02169246853433867001, 0.02479702984943294927 ),
 .UNSPECIFIED. ) ;
#1943 = ORIENTED_EDGE ( 'NONE', *, *, #1924, .T. ) ;
#1944 = CARTESIAN_POINT ( 'NONE',  ( -8.673617379884035472E-16, 39.00000000000000711, 53.00000000000000000 ) ) ;
#1945 = CARTESIAN_POINT ( 'NONE',  ( 55.15432893255080415, 58.00000000000000711, 55.15432893255061231 ) ) ;
#1946 = CARTESIAN_POINT ( 'NONE',  ( 24.51016010747123275, 58.82645211936400642, 47.11417661532617274 ) ) ;
#1947 = EDGE_CURVE ( 'NONE', #543, #2591, #2141, .T. ) ;
#1948 = CARTESIAN_POINT ( 'NONE',  ( -12.71218788975656722, 76.78928046664084661, 20.01209584310156586 ) ) ;
#1949 = CARTESIAN_POINT ( 'NONE',  ( -9.349156967893014425, 35.42405402508308754, 31.29308701548222160 ) ) ;
#1950 = ORIENTED_EDGE ( 'NONE', *, *, #1473, .T. ) ;
#1951 = AXIS2_PLACEMENT_3D ( 'NONE', #2353, #1764, #3606 ) ;
#1952 = CARTESIAN_POINT ( 'NONE',  ( -24.87709085008528831, 54.14702406087670994, 26.67217863643976017 ) ) ;
#1953 = CARTESIAN_POINT ( 'NONE',  ( 9.488292830168386871, 35.84210526315789735, 78.00000000000000000 ) ) ;
#1954 = VECTOR ( 'NONE', #445, 1000.000000000000000 ) ;
#1955 = DIRECTION ( 'NONE',  ( 1.000000000000000000, 0.000000000000000000, 0.000000000000000000 ) ) ;
#1956 = CARTESIAN_POINT ( 'NONE',  ( -1.420278856617822383, 59.41209940301363446, 6.872654333401706062 ) ) ;
#1957 =( BOUNDED_SURFACE ( )  B_SPLINE_SURFACE ( 3, 2, ( 
 ( #2868, #1011, #1911 ),
 ( #346, #673, #365 ),
 ( #2541, #3470, #3158 ),
 ( #1335, #2560, #2255 ),
 ( #2213, #1930, #3799 ),
 ( #3510, #711, #324 ),
 ( #29, #3178, #1952 ),
 ( #2582, #1622, #3200 ),
 ( #406, #1647, #1602 ),
 ( #73, #3777, #1296 ),
 ( #3531, #2891, #385 ),
 ( #969, #2234, #1581 ),
 ( #3491, #1277, #94 ),
 ( #3840, #2521, #1032 ),
 ( #2279, #1563, #1257 ),
 ( #2503, #951, #2192 ),
 ( #3446, #650, #1891 ),
 ( #3239, #447, #3280 ),
 ( #2359, #3920, #1416 ),
 ( #196, #485, #2641 ),
 ( #751, #1666, #1975 ),
 ( #733, #3902, #2953 ),
 ( #176, #3220, #3551 ),
 ( #1132, #2659, #1092 ),
 ( #428, #2622, #1995 ),
 ( #1729, #2973, #155 ),
 ( #2338, #3611, #1688 ),
 ( #467, #811, #3590 ),
 ( #2914, #1710, #1398 ),
 ( #3940, #2935, #136 ),
 ( #116, #1380, #1113 ),
 ( #2320, #792, #2036 ),
 ( #1356, #3882, #2054 ),
 ( #1073, #2379, #2015 ),
 ( #3570, #2992, #2602 ),
 ( #3299, #504, #3864 ),
 ( #1751, #2680, #772 ),
 ( #3260, #1438, #1054 ),
 ( #2302, #2094, #3651 ),
 ( #1212, #3384, #2764 ),
 ( #548, #1501, #1538 ),
 ( #587, #4020, #3672 ),
 ( #3347, #2421, #2114 ),
 ( #259, #1172, #869 ),
 ( #3094, #3078, #2459 ),
 ( #3981, #3690, #2746 ) ),
 .UNSPECIFIED., .F., .F., .F. ) 
 B_SPLINE_SURFACE_WITH_KNOTS ( ( 4, 2, 2, 2, 2, 2, 2, 2, 2, 2, 2, 2, 2, 2, 2, 2, 2, 2, 2, 2, 2, 2, 4 ),
 ( 3, 3 ),
 ( 0.03907268730026024206, 0.04231259087160467447, 0.04555249444294909994, 0.04879239801429352541, 0.05203230158563795782, 0.05365225337131017402, 0.05527220515698239023, 0.05851210872832681570, 0.06013206051399902496, 0.06175201229967124117, 0.06499191587101567358, 0.06661186765668788978, 0.06823181944236009211, 0.07147172301370452452, 0.07471162658504895693, 0.07633157837072117313, 0.07795153015639338934, 0.08119143372773782175, 0.08281138551341003795, 0.08443133729908225416, 0.08767124087042668656, 0.08929119265609888889, 0.09091114444177110510 ),
 ( 0.000000000000000000, 1.000000000000000000 ),
 .UNSPECIFIED. ) 
 GEOMETRIC_REPRESENTATION_ITEM ( )  RATIONAL_B_SPLINE_SURFACE ( (
 ( 1.000000000000000000, 0.8111745895568791553, 1.000000000000000000),
 ( 1.000000000000000000, 0.8092957177805978342, 1.000000000000000000),
 ( 1.000000000000000000, 0.8066871686811536435, 1.000000000000000000),
 ( 1.000000000000000000, 0.8005606187049385536, 1.000000000000000000),
 ( 1.000000000000000000, 0.7970399494615318936, 1.000000000000000000),
 ( 1.000000000000000000, 0.7896595301303619419, 1.000000000000000000),
 ( 1.000000000000000000, 0.7858969363337222624, 1.000000000000000000),
 ( 1.000000000000000000, 0.7788823875380677109, 1.000000000000000000),
 ( 1.000000000000000000, 0.7756251399661004964, 1.000000000000000000),
 ( 1.000000000000000000, 0.7715983244068062019, 1.000000000000000000),
 ( 1.000000000000000000, 0.7704048202746134333, 1.000000000000000000),
 ( 1.000000000000000000, 0.7684168029963867053, 1.000000000000000000),
 ( 1.000000000000000000, 0.7676159842871564942, 1.000000000000000000),
 ( 1.000000000000000000, 0.7658689301878374156, 1.000000000000000000),
 ( 1.000000000000000000, 0.7655801154341624892, 1.000000000000000000),
 ( 1.000000000000000000, 0.7667221108657142903, 1.000000000000000000),
 ( 1.000000000000000000, 0.7673698961647373862, 1.000000000000000000),
 ( 1.000000000000000000, 0.7691870314370502504, 1.000000000000000000),
 ( 1.000000000000000000, 0.7703559110068729510, 1.000000000000000000),
 ( 1.000000000000000000, 0.7746244805149770096, 1.000000000000000000),
 ( 1.000000000000000000, 0.7784878654400918530, 1.000000000000000000),
 ( 1.000000000000000000, 0.7856953941595467006, 1.000000000000000000),
 ( 1.000000000000000000, 0.7883410808176434248, 1.000000000000000000),
 ( 1.000000000000000000, 0.7940250949336506991, 1.000000000000000000),
 ( 1.000000000000000000, 0.7970676647040201290, 1.000000000000000000),
 ( 1.000000000000000000, 0.8066923298389333530, 1.000000000000000000),
 ( 1.000000000000000000, 0.8136919590859196250, 1.000000000000000000),
 ( 1.000000000000000000, 0.8284296935100773362, 1.000000000000000000),
 ( 1.000000000000000000, 0.8361688646149465498, 1.000000000000000000),
 ( 1.000000000000000000, 0.8480555043696345052, 1.000000000000000000),
 ( 1.000000000000000000, 0.8520770411566356284, 1.000000000000000000),
 ( 1.000000000000000000, 0.8601084072396012470, 1.000000000000000000),
 ( 1.000000000000000000, 0.8641038614478702140, 1.000000000000000000),
 ( 1.000000000000000000, 0.8759684107706169343, 1.000000000000000000),
 ( 1.000000000000000000, 0.8837160233892982220, 1.000000000000000000),
 ( 1.000000000000000000, 0.8948612934513314743, 1.000000000000000000),
 ( 1.000000000000000000, 0.8984970739143230967, 1.000000000000000000),
 ( 1.000000000000000000, 0.9055680334118881847, 1.000000000000000000),
 ( 1.000000000000000000, 0.9090162308464059260, 1.000000000000000000),
 ( 1.000000000000000000, 0.9188710817142617948, 1.000000000000000000),
 ( 1.000000000000000000, 0.9247967222165818235, 1.000000000000000000),
 ( 1.000000000000000000, 0.9324412976066062120, 1.000000000000000000),
 ( 1.000000000000000000, 0.9347811211770877815, 1.000000000000000000),
 ( 1.000000000000000000, 0.9389763608531610517, 1.000000000000000000),
 ( 1.000000000000000000, 0.9408248938550607399, 1.000000000000000000),
 ( 1.000000000000000000, 0.9423480106335447859, 1.000000000000000000) ) ) 
 REPRESENTATION_ITEM ( '' )  SURFACE ( )  );
#1958 = CARTESIAN_POINT ( 'NONE',  ( -25.74697287145241376, 50.53118588557326518, 6.382089545136437003 ) ) ;
#1959 = CARTESIAN_POINT ( 'NONE',  ( 30.89531421150110901, 60.89610863123655093, 8.596114292306976878 ) ) ;
#1960 = AXIS2_PLACEMENT_3D ( 'NONE', #2484, #3427, #2705 ) ;
#1961 = CARTESIAN_POINT ( 'NONE',  ( 13.25249522471536423, 47.15212588379407777, 32.60700588908855480 ) ) ;
#1962 = CARTESIAN_POINT ( 'NONE',  ( 10.49117369139335487, 79.99378881306522260, 25.32793381097117091 ) ) ;
#1963 = CARTESIAN_POINT ( 'NONE',  ( -28.84429858632464416, 69.27944564066625333, -3.558580590395914012 ) ) ;
#1964 = AXIS2_PLACEMENT_3D ( 'NONE', #857, #2789, #4045 ) ;
#1965 = ORIENTED_EDGE ( 'NONE', *, *, #591, .T. ) ;
#1966 = CARTESIAN_POINT ( 'NONE',  ( 13.27586112745766123, 46.98528933053756163, 32.05076398607043586 ) ) ;
#1967 = CARTESIAN_POINT ( 'NONE',  ( -17.79376316526482427, 62.55360487613720011, 27.19685342743022005 ) ) ;
#1968 = ORIENTED_EDGE ( 'NONE', *, *, #1273, .F. ) ;
#1969 = CARTESIAN_POINT ( 'NONE',  ( -10.61266701204294272, 59.41209940301363446, -2.319733822023412273 ) ) ;
#1970 = CARTESIAN_POINT ( 'NONE',  ( -15.18126852826942219, 52.94736842105263719, 78.00000000000000000 ) ) ;
#1971 = CARTESIAN_POINT ( 'NONE',  ( 16.94643865691629614, 57.52323565260635974, 40.91232203945572365 ) ) ;
#1972 = CARTESIAN_POINT ( 'NONE',  ( -12.83748090071065029, 76.14698067188042785, 20.63139340992502468 ) ) ;
#1973 = ORIENTED_EDGE ( 'NONE', *, *, #1522, .T. ) ;
#1974 = ADVANCED_FACE ( 'NONE', ( #1839 ), #1818, .T. ) ;
#1975 = CARTESIAN_POINT ( 'NONE',  ( -31.80462397168664523, 49.77391635645025758, 17.80433931515762680 ) ) ;
#1976 = CARTESIAN_POINT ( 'NONE',  ( 12.13360867849260138, 33.56571946799996198, 30.15083450131659504 ) ) ;
#1977 = CARTESIAN_POINT ( 'NONE',  ( 19.71389030925781682, 73.76755698493404623, 36.14015873456568784 ) ) ;
#1978 = DIRECTION ( 'NONE',  ( -0.3157894736842108419, -0.9488292830168391090, 0.000000000000000000 ) ) ;
#1979 = CARTESIAN_POINT ( 'NONE',  ( -25.23527907896583145, 50.22304003655344928, 8.175385372344285528 ) ) ;
#1980 = ADVANCED_FACE ( 'NONE', ( #2814 ), #2180, .F. ) ;
#1981 = CARTESIAN_POINT ( 'NONE',  ( -32.52717223416620129, 63.24129212085062335, -2.325538816681941956 ) ) ;
#1982 = CARTESIAN_POINT ( 'NONE',  ( 22.40569817089617288, 30.36136751453525662, 29.53891664790695515 ) ) ;
#1983 = CARTESIAN_POINT ( 'NONE',  ( 13.73347144528567831, 83.73600923858968770, 24.21175692384850464 ) ) ;
#1984 = CARTESIAN_POINT ( 'NONE',  ( -19.80465035237381954, 79.61773408138391517, 5.935778287433976175 ) ) ;
#1985 = ORIENTED_EDGE ( 'NONE', *, *, #2788, .F. ) ;
#1986 = B_SPLINE_CURVE_WITH_KNOTS ( 'NONE', 3,
 ( #1055, #3240, #1074, #2321, #1417, #2303, #752, #1997, #448, #2037 ),
 .UNSPECIFIED., .F., .F.,
 ( 4, 2, 2, 2, 4 ),
 ( -3.358916784464687909E-05, 0.004072515979704854211, 0.008178621127254355125, 0.01228472627480385604, 0.01639083142235335522 ),
 .UNSPECIFIED. ) ;
#1987 = DIRECTION ( 'NONE',  ( 0.7071067811865463515, 0.000000000000000000, -0.7071067811865487940 ) ) ;
#1988 = CARTESIAN_POINT ( 'NONE',  ( 29.49966993476606447, 31.40278411887869581, 13.64021061237983368 ) ) ;
#1989 = VERTEX_POINT ( 'NONE', #4032 ) ;
#1990 = DIRECTION ( 'NONE',  ( 1.000000000000000000, 0.000000000000000000, 0.000000000000000000 ) ) ;
#1991 = DIRECTION ( 'NONE',  ( 0.7071067811865462405, 0.000000000000000000, -0.7071067811865487940 ) ) ;
#1992 = CARTESIAN_POINT ( 'NONE',  ( -9.794819600521421421, 79.05472790981808373, 23.21911112722330017 ) ) ;
#1993 = EDGE_CURVE ( 'NONE', #746, #475, #2803, .T. ) ;
#1994 = VERTEX_POINT ( 'NONE', #1490 ) ;
#1995 = CARTESIAN_POINT ( 'NONE',  ( -32.88455923573276607, 49.92051449203508895, 15.02769572468655213 ) ) ;
#1996 = EDGE_CURVE ( 'NONE', #2988, #2858, #2916, .T. ) ;
#1997 = CARTESIAN_POINT ( 'NONE',  ( 15.49551064162561254, 48.06916433268213495, 34.66899961098834382 ) ) ;
#1998 = LINE ( 'NONE', #2322, #1109 ) ;
#1999 = CARTESIAN_POINT ( 'NONE',  ( 49.85102807365171884, 58.00000000000000711, 60.45762979144974736 ) ) ;
#2000 = CARTESIAN_POINT ( 'NONE',  ( -26.48149713767421787, 54.26514199878842248, -1.500797096431913946 ) ) ;
#2001 = CARTESIAN_POINT ( 'NONE',  ( -22.60354967652146030, 78.82928114525215335, 9.404099344910905600 ) ) ;
#2002 = CARTESIAN_POINT ( 'NONE',  ( 4.033784290517147042, 86.84878013572729571, 1.194349065406598909 ) ) ;
#2003 = VECTOR ( 'NONE', #368, 1000.000000000000000 ) ;
#2004 = CARTESIAN_POINT ( 'NONE',  ( -7.917382510630305958, 32.88597638395285117, 35.57059042385353109 ) ) ;
#2005 = ADVANCED_FACE ( 'NONE', ( #1653 ), #2220, .T. ) ;
#2006 = CARTESIAN_POINT ( 'NONE',  ( -20.09530039818567104, 78.39820883135493546, 9.446088712158292822 ) ) ;
#2007 = ORIENTED_EDGE ( 'NONE', *, *, #1185, .F. ) ;
#2008 = CARTESIAN_POINT ( 'NONE',  ( -22.12892785237152893, 58.45665640743214198, 28.65772561289452014 ) ) ;
#2009 = CARTESIAN_POINT ( 'NONE',  ( -15.16545842950680267, 52.85337969812784564, 28.86906410600473905 ) ) ;
#2010 = VERTEX_POINT ( 'NONE', #413 ) ;
#2011 = CARTESIAN_POINT ( 'NONE',  ( 7.148129562882867383, 86.21407111495622644, 0.7825074950114768724 ) ) ;
#2012 = DIRECTION ( 'NONE',  ( -0.000000000000000000, 0.000000000000000000, 1.000000000000000000 ) ) ;
#2013 = DIRECTION ( 'NONE',  ( 0.7071067811865461294, 0.000000000000000000, -0.7071067811865489050 ) ) ;
#2014 = VERTEX_POINT ( 'NONE', #3516 ) ;
#2015 = CARTESIAN_POINT ( 'NONE',  ( -34.28476622612535607, 52.58959325638098647, 6.551785979679921823 ) ) ;
#2016 = CARTESIAN_POINT ( 'NONE',  ( -17.38761475445199878, 56.42338620400760618, 27.58940076187340651 ) ) ;
#2017 = LINE ( 'NONE', #1034, #2734 ) ;
#2018 = FACE_OUTER_BOUND ( 'NONE', #2766, .T. ) ;
#2019 = CARTESIAN_POINT ( 'NONE',  ( 32.72076784744823641, 47.50326538306138957, 13.81363547379342727 ) ) ;
#2020 = CARTESIAN_POINT ( 'NONE',  ( 15.66051869159178622, 82.90805360785049061, 2.258267806192050919 ) ) ;
#2021 = TOROIDAL_SURFACE ( 'NONE', #3723, 30.39696227786822291, 5.000000000000000000 ) ;
#2022 = CARTESIAN_POINT ( 'NONE',  ( 9.115982195566541435, 34.85618542921432805, 34.92021278529077932 ) ) ;
#2023 = CARTESIAN_POINT ( 'NONE',  ( -21.49355855898538081, 78.87346828897585738, 12.36694886268402449 ) ) ;
#2024 = ORIENTED_EDGE ( 'NONE', *, *, #1884, .F. ) ;
#2025 = AXIS2_PLACEMENT_3D ( 'NONE', #1378, #3879, #2013 ) ;
#2027 = EDGE_CURVE ( 'NONE', #2116, #2631, #1748, .T. ) ;
#2026 = CARTESIAN_POINT ( 'NONE',  ( -31.96276064784397164, 49.76789660389811587, 17.45393454564934999 ) ) ;
#2028 = CARTESIAN_POINT ( 'NONE',  ( 13.86025236490097967, 47.24056677655692482, 32.64373809356239775 ) ) ;
#2029 = CIRCLE ( 'NONE', #270, 32.50000000000000000 ) ;
#2030 = CYLINDRICAL_SURFACE ( 'NONE', #521, 16.00000000000001421 ) ;
#2031 = ORIENTED_EDGE ( 'NONE', *, *, #2630, .T. ) ;
#2032 = CARTESIAN_POINT ( 'NONE',  ( 14.58073245478929536, 29.73486503928344149, 29.04651754043869971 ) ) ;
#2033 = CARTESIAN_POINT ( 'NONE',  ( 21.98852173318832826, 24.06405857728133668, 23.94185529239927490 ) ) ;
#2034 = CARTESIAN_POINT ( 'NONE',  ( -9.494045621617788200, 72.99751755167402223, 25.33560576289043809 ) ) ;
#2035 = ORIENTED_EDGE ( 'NONE', *, *, #1874, .T. ) ;
#2036 = CARTESIAN_POINT ( 'NONE',  ( -34.20992678364640938, 51.84739567388624693, 8.121180216240979632 ) ) ;
#2037 = CARTESIAN_POINT ( 'NONE',  ( 13.86025236490097967, 47.24056677655692482, 32.64373809356239775 ) ) ;
#2038 = CARTESIAN_POINT ( 'NONE',  ( -14.91151467740873215, 62.83010671594121987, 20.36389015419249304 ) ) ;
#2039 = CARTESIAN_POINT ( 'NONE',  ( 31.24174191523273336, 35.84210526315789735, 17.82326951104112212 ) ) ;
#2040 = CARTESIAN_POINT ( 'NONE',  ( 15.03888438386927540, 84.04400992540698212, 4.993862636729703652 ) ) ;
#2041 = CARTESIAN_POINT ( 'NONE',  ( -6.709597464873060524, 31.56760365223950515, 36.12859001022428629 ) ) ;
#2042 = CARTESIAN_POINT ( 'NONE',  ( -17.94770237583345462, 77.30923117784040244, 15.00829851091924816 ) ) ;
#2043 = CARTESIAN_POINT ( 'NONE',  ( -5.452626832599725581, 30.61329696470319561, 36.59878470439655018 ) ) ;
#2044 = ORIENTED_EDGE ( 'NONE', *, *, #3246, .T. ) ;
#2045 = CARTESIAN_POINT ( 'NONE',  ( -26.05163476030315550, 52.91450183484582936, 25.66113394306008644 ) ) ;
#2046 = CARTESIAN_POINT ( 'NONE',  ( -48.84233198363151018, 70.90395092580929770, 35.90993114956516763 ) ) ;
#2047 = CARTESIAN_POINT ( 'NONE',  ( 15.32968943819105156, 53.40060591186810512, 48.57450169510004656 ) ) ;
#2048 = CARTESIAN_POINT ( 'NONE',  ( 15.64177428673717962, 45.72809541352408758, 28.48832913954006685 ) ) ;
#2049 = VERTEX_POINT ( 'NONE', #1342 ) ;
#2050 = CARTESIAN_POINT ( 'NONE',  ( 19.23965038933762273, 25.09344813433588683, 26.20182037278941323 ) ) ;
#2051 = CARTESIAN_POINT ( 'NONE',  ( 15.13513206917642329, 28.92299043483976462, 28.76161860170935114 ) ) ;
#2052 = ADVANCED_FACE ( 'NONE', ( #2588 ), #659, .T. ) ;
#2053 = EDGE_LOOP ( 'NONE', ( #2067, #3012 ) ) ;
#2054 = CARTESIAN_POINT ( 'NONE',  ( -34.23431994240296206, 52.02564161630628092, 7.724549646101992018 ) ) ;
#2055 = DIRECTION ( 'NONE',  ( 0.7071067811865462405, 0.000000000000000000, -0.7071067811865487940 ) ) ;
#2056 = CARTESIAN_POINT ( 'NONE',  ( -30.85440640537768431, 67.66938602905096900, -2.758947681945586705 ) ) ;
#2057 = CARTESIAN_POINT ( 'NONE',  ( 17.26443127136546352, 80.64867041099340383, 30.43674827854274767 ) ) ;
#2058 = AXIS2_PLACEMENT_3D ( 'NONE', #1161, #1489, #3086 ) ;
#2059 = CARTESIAN_POINT ( 'NONE',  ( -16.57285354880201567, 79.46037169039949788, 12.67696016969176220 ) ) ;
#2060 = CARTESIAN_POINT ( 'NONE',  ( -0.8488253863397692278, 29.02500659599315469, 32.49508277824355673 ) ) ;
#2061 = CARTESIAN_POINT ( 'NONE',  ( 33.19839116048832750, 52.94736842105261587, 11.72883531378176514 ) ) ;
#2062 = CIRCLE ( 'NONE', #2517, 13.00000000000000000 ) ;
#2063 = CARTESIAN_POINT ( 'NONE',  ( -21.83543507335332379, 59.21909923915152518, 28.85357773670765269 ) ) ;
#2064 = CARTESIAN_POINT ( 'NONE',  ( -17.26869295090647327, 51.36842105263158231, 27.53256696654551305 ) ) ;
#2065 = CARTESIAN_POINT ( 'NONE',  ( 12.66292999364807592, 48.18850567072082924, 40.12446024569307212 ) ) ;
#2066 = LINE ( 'NONE', #708, #3654 ) ;
#2067 = ORIENTED_EDGE ( 'NONE', *, *, #2145, .F. ) ;
#2068 = CARTESIAN_POINT ( 'NONE',  ( 11.06135555682797467, 85.05434602532029942, 1.338316259996883639 ) ) ;
#2069 = CARTESIAN_POINT ( 'NONE',  ( 20.26525428146905483, 32.09344553598275240, 30.49907609413545018 ) ) ;
#2070 = ORIENTED_EDGE ( 'NONE', *, *, #4034, .F. ) ;
#2071 = EDGE_CURVE ( 'NONE', #1000, #3072, #1451, .T. ) ;
#2072 = CARTESIAN_POINT ( 'NONE',  ( -11.31708922435034559, 74.66304542716986248, 23.58773513645938635 ) ) ;
#2073 = CARTESIAN_POINT ( 'NONE',  ( 16.27135386328764355, 83.51260369781859083, 5.512756561433200808 ) ) ;
#2074 = ORIENTED_EDGE ( 'NONE', *, *, #1502, .T. ) ;
#2075 = CARTESIAN_POINT ( 'NONE',  ( -8.673617379884035472E-16, 39.00000000000000711, 78.00000000000000000 ) ) ;
#2076 = CARTESIAN_POINT ( 'NONE',  ( 30.90408607923442474, 33.49080709568515601, 19.07957113718435593 ) ) ;
#2077 = CARTESIAN_POINT ( 'NONE',  ( -7.249717785600171105, 32.10751166617882291, 35.88973187140603471 ) ) ;
#2078 = CARTESIAN_POINT ( 'NONE',  ( -13.76710438201490483, 64.77286349206363525, 27.68350336151878821 ) ) ;
#2079 = CARTESIAN_POINT ( 'NONE',  ( -5.633616073090707665, 30.67922906234971592, 32.11890714960082960 ) ) ;
#2080 = CARTESIAN_POINT ( 'NONE',  ( 31.90609338048446730, 57.22908017384123980, 6.184755871964975782 ) ) ;
#2081 = CARTESIAN_POINT ( 'NONE',  ( -31.61405354078143759, 49.79068547180752091, 18.20643732454504615 ) ) ;
#2082 = AXIS2_PLACEMENT_3D ( 'NONE', #1319, #52, #3448 ) ;
#2083 = CARTESIAN_POINT ( 'NONE',  ( 5.000000000000003553, 39.00000000000000711, 78.00000000000000000 ) ) ;
#2084 = CARTESIAN_POINT ( 'NONE',  ( 16.46942802933288519, 59.43373243399782524, 39.76071651294415688 ) ) ;
#2085 = CARTESIAN_POINT ( 'NONE',  ( 14.57033002181636938, 42.01353076346488535, 29.07661528544286256 ) ) ;
#2086 = VECTOR ( 'NONE', #2188, 1000.000000000000000 ) ;
#2087 = ORIENTED_EDGE ( 'NONE', *, *, #15, .F. ) ;
#2088 = B_SPLINE_CURVE_WITH_KNOTS ( 'NONE', 3,
 ( #240, #220, #3154, #2479, #2206, #1134 ),
 .UNSPECIFIED., .F., .F.,
 ( 4, 2, 4 ),
 ( 0.02506922192678819050, 0.02581211934755032328, 0.02655501676831245259 ),
 .UNSPECIFIED. ) ;
#2089 = CARTESIAN_POINT ( 'NONE',  ( 2.060024306502791891, 86.93828175661558078, 0.2115485809201749223 ) ) ;
#2090 = CARTESIAN_POINT ( 'NONE',  ( 19.06793188326733457, 33.50644506753648955, 30.90772720449757216 ) ) ;
#2091 = CIRCLE ( 'NONE', #598, 32.50000000000000000 ) ;
#2092 = ORIENTED_EDGE ( 'NONE', *, *, #2027, .T. ) ;
#2093 = DIRECTION ( 'NONE',  ( 0.7071067811865460184, 0.000000000000000000, -0.7071067811865490160 ) ) ;
#2094 = CARTESIAN_POINT ( 'NONE',  ( -32.46054559259039962, 53.58672089954838214, 2.247257770245093322 ) ) ;
#2095 = CARTESIAN_POINT ( 'NONE',  ( -15.43271097415302862, 53.75579486019121589, 31.55935540211424950 ) ) ;
#2096 = ADVANCED_FACE ( 'NONE', ( #3578 ), #132, .F. ) ;
#2097 = CARTESIAN_POINT ( 'NONE',  ( -0.4965296646242416956, 86.98843662079418948, 0.9145303259772100679 ) ) ;
#2098 = CARTESIAN_POINT ( 'NONE',  ( -32.03526846259600802, 0.7313019390581739776, -35.14270417725077778 ) ) ;
#2099 = CARTESIAN_POINT ( 'NONE',  ( -32.45295700645035453, 55.05701209686166919, -1.765051025865625567 ) ) ;
#2100 = CARTESIAN_POINT ( 'NONE',  ( -19.31337764816526814, 66.73748529376590000, 28.23154158222522980 ) ) ;
#2101 = CARTESIAN_POINT ( 'NONE',  ( -0.5402983034078729929, 29.00081062407726762, 37.49951362607100691 ) ) ;
#2102 = EDGE_CURVE ( 'NONE', #3138, #3051, #3993, .T. ) ;
#2103 = CARTESIAN_POINT ( 'NONE',  ( 31.25386721617365282, 54.00142489600219875, 9.305136937820419618 ) ) ;
#2104 = CARTESIAN_POINT ( 'NONE',  ( 31.83071973572450375, 57.11092058120133430, 7.607962842731894604 ) ) ;
#2105 = CARTESIAN_POINT ( 'NONE',  ( 12.56485050976056073, 58.00000000000000711, 23.17145222755872780 ) ) ;
#2106 = CARTESIAN_POINT ( 'NONE',  ( 14.80578429402234875, 51.92196119720897940, 46.91442688301057728 ) ) ;
#2107 = CARTESIAN_POINT ( 'NONE',  ( -32.81900220860098472, 62.31274141703376301, -2.028443515724052126 ) ) ;
#2108 = ORIENTED_EDGE ( 'NONE', *, *, #4051, .T. ) ;
#2109 = B_SPLINE_CURVE_WITH_KNOTS ( 'NONE', 3,
 ( #2392, #2251, #1029, #3507, #497, #1745, #1948, #1430, #1643, #2274, #3273, #478, #1244, #3377, #1186, #2143, #3666, #229, #899, #4035, #3416, #2126, #580, #3436, #3396, #251, #2757, #3973 ),
 .UNSPECIFIED., .F., .F.,
 ( 4, 2, 2, 2, 2, 2, 2, 2, 2, 2, 2, 2, 2, 4 ),
 ( 0.000000000000000000, 0.004336214643676837219, 0.006504321965515254961, 0.008672429287353674437, 0.01300864393103048043, 0.01517675125286889470, 0.01734485857470730377, 0.02168107321838410803, 0.02384918054022252057, 0.02601728786206092617, 0.03035350250573775818, 0.03252160982757617419, 0.03360566348849537699, 0.03468971714941457979 ),
 .UNSPECIFIED. ) ;
#2110 = DIRECTION ( 'NONE',  ( 0.7071067811865487940, 0.000000000000000000, 0.7071067811865463515 ) ) ;
#2111 = CARTESIAN_POINT ( 'NONE',  ( 22.43862404381113151, 30.34065395205185567, 29.52151232469318032 ) ) ;
#2112 = ORIENTED_EDGE ( 'NONE', *, *, #281, .F. ) ;
#2113 = CARTESIAN_POINT ( 'NONE',  ( 13.67069883447881651, 63.46301475981550055, 20.94614951181223006 ) ) ;
#2114 = CARTESIAN_POINT ( 'NONE',  ( -33.87060510641848765, 57.40088300125716358, 0.6124099845257265917 ) ) ;
#2115 = FACE_BOUND ( 'NONE', #645, .T. ) ;
#2116 = VERTEX_POINT ( 'NONE', #2768 ) ;
#2117 = FACE_BOUND ( 'NONE', #1326, .T. ) ;
#2118 = CARTESIAN_POINT ( 'NONE',  ( -27.91087774667460053, 44.91538750667736224, 16.67404902935220079 ) ) ;
#2119 = CARTESIAN_POINT ( 'NONE',  ( -17.45732651370677146, 63.20848479793254171, 26.34985893912066501 ) ) ;
#2120 = CARTESIAN_POINT ( 'NONE',  ( 0.2473228212173865237, 28.99961205601688974, 37.50023276613625001 ) ) ;
#2121 = DIRECTION ( 'NONE',  ( -0.000000000000000000, -1.000000000000000000, -0.000000000000000000 ) ) ;
#2122 = DIRECTION ( 'NONE',  ( 0.6709236202095756330, 0.3157894736842114525, -0.6709236202095779644 ) ) ;
#2123 = PLANE ( 'NONE',  #2869 ) ;
#2124 = ADVANCED_FACE ( 'NONE', ( #1195, #4006 ), #2173, .F. ) ;
#2125 = CARTESIAN_POINT ( 'NONE',  ( -20.70062608645469737, 79.21880019978470955, 4.323606863083501395 ) ) ;
#2126 = CARTESIAN_POINT ( 'NONE',  ( -2.272578737423845752, 86.80799600236683489, 2.799087932254295197 ) ) ;
#2127 = EDGE_LOOP ( 'NONE', ( #3984, #2967, #234, #2024 ) ) ;
#2128 = CARTESIAN_POINT ( 'NONE',  ( 13.84518729230606127, 53.76430059169427267, 22.61921426805704982 ) ) ;
#2129 = CARTESIAN_POINT ( 'NONE',  ( 27.92088965137259748, 32.67300438718456235, 16.91253226445514457 ) ) ;
#2130 = EDGE_LOOP ( 'NONE', ( #2621, #2224, #63, #115 ) ) ;
#2131 = DIRECTION ( 'NONE',  ( 0.9488292830168389980, -0.3157894736842110639, 0.000000000000000000 ) ) ;
#2132 = CARTESIAN_POINT ( 'NONE',  ( -9.488292830168385095, 80.15789473684210975, 21.54020109371995773 ) ) ;
#2133 = CARTESIAN_POINT ( 'NONE',  ( -15.18126852826942219, 52.94736842105263719, 31.76834649986019699 ) ) ;
#2134 = ORIENTED_EDGE ( 'NONE', *, *, #2640, .F. ) ;
#2135 = FACE_OUTER_BOUND ( 'NONE', #2802, .T. ) ;
#2136 = CARTESIAN_POINT ( 'NONE',  ( -28.56348223562419264, 44.90160084711845201, 15.51048788661868372 ) ) ;
#2137 = CARTESIAN_POINT ( 'NONE',  ( -18.67095696672525307, 59.74384956755196185, 26.46072816014001461 ) ) ;
#2138 = CARTESIAN_POINT ( 'NONE',  ( 6.506003969456109814, 25.99009695062095915, 31.84806120974662136 ) ) ;
#2139 = DIRECTION ( 'NONE',  ( 0.000000000000000000, -0.000000000000000000, 1.000000000000000000 ) ) ;
#2140 = CARTESIAN_POINT ( 'NONE',  ( 32.63492956182296467, 57.30931626637429588, 9.887887796571760646 ) ) ;
#2141 = LINE ( 'NONE', #600, #3863 ) ;
#2142 = CARTESIAN_POINT ( 'NONE',  ( -23.62777228272931751, 76.86890787851032769, -0.2791923979608663120 ) ) ;
#2143 = CARTESIAN_POINT ( 'NONE',  ( -7.360313420484875024, 84.72708294896824555, 9.454639675032952439 ) ) ;
#2144 = ORIENTED_EDGE ( 'NONE', *, *, #3316, .T. ) ;
#2145 = EDGE_CURVE ( 'NONE', #781, #4044, #1634, .T. ) ;
#2146 = CARTESIAN_POINT ( 'NONE',  ( 22.48357327865049271, 53.41763165824536941, 14.06542694521315617 ) ) ;
#2147 = CARTESIAN_POINT ( 'NONE',  ( 27.22951250544663182, 29.05055885014532890, 25.76067162643684583 ) ) ;
#2148 = AXIS2_PLACEMENT_3D ( 'NONE', #1281, #677, #3555 ) ;
#2149 = ORIENTED_EDGE ( 'NONE', *, *, #70, .T. ) ;
#2150 = CARTESIAN_POINT ( 'NONE',  ( 19.86583948083554318, 64.50241372433815457, 14.53392142157044553 ) ) ;
#2151 = CYLINDRICAL_SURFACE ( 'NONE', #3006, 47.50000000000000711 ) ;
#2152 = AXIS2_PLACEMENT_3D ( 'NONE', #263, #3693, #241 ) ;
#2153 = CARTESIAN_POINT ( 'NONE',  ( 1.993891484428266025, 86.95379644349490889, 0.5913635354530929478 ) ) ;
#2154 = ORIENTED_EDGE ( 'NONE', *, *, #256, .F. ) ;
#2155 = CARTESIAN_POINT ( 'NONE',  ( 15.18126852826943463, 52.94736842105261587, 48.10420699215573137 ) ) ;
#2156 = CARTESIAN_POINT ( 'NONE',  ( -32.33493738357327629, 49.51415966181303219, 3.351026735099922327 ) ) ;
#2157 = CARTESIAN_POINT ( 'NONE',  ( -16.63639176409471432, 56.32135466711326188, 27.98427050557872775 ) ) ;
#2158 = CARTESIAN_POINT ( 'NONE',  ( 5.289124039888680961, 25.29196254503515817, 32.06831548001810717 ) ) ;
#2159 = CARTESIAN_POINT ( 'NONE',  ( -23.45552972855197638, 64.88622764553012701, -6.924363281134343850 ) ) ;
#2160 = CARTESIAN_POINT ( 'NONE',  ( 32.75027037496286653, 57.32501493625491662, 10.05477075590614611 ) ) ;
#2161 = CARTESIAN_POINT ( 'NONE',  ( 12.43721155186544358, 34.61827305196532478, 30.02608480661680801 ) ) ;
#2162 = CARTESIAN_POINT ( 'NONE',  ( -19.84823988515363524, 79.59749183607087275, 5.857902198818927708 ) ) ;
#2163 = CARTESIAN_POINT ( 'NONE',  ( -32.62956820290031601, 62.91932902165657282, -2.226487150376217805 ) ) ;
#2164 = ORIENTED_EDGE ( 'NONE', *, *, #3977, .T. ) ;
#2165 = CARTESIAN_POINT ( 'NONE',  ( 13.28706027138418833, 54.87948078720503275, 22.95095380086533510 ) ) ;
#2166 = CARTESIAN_POINT ( 'NONE',  ( 24.88273144330381115, 29.36936741894964342, 20.96773656874320224 ) ) ;
#2167 = VERTEX_POINT ( 'NONE', #2728 ) ;
#2168 = CARTESIAN_POINT ( 'NONE',  ( 7.500000000000012434, 58.00000000000000711, 25.26938200009383451 ) ) ;
#2169 = CARTESIAN_POINT ( 'NONE',  ( -8.908528163430714741, 28.04947179904383248, 31.25882457022480310 ) ) ;
#2170 = ADVANCED_FACE ( 'NONE', ( #1523 ), #1484, .F. ) ;
#2171 = CARTESIAN_POINT ( 'NONE',  ( -5.422469190888481450, 85.44502989210118926, 8.428297501923188051 ) ) ;
#2172 = ORIENTED_EDGE ( 'NONE', *, *, #291, .T. ) ;
#2173 = PLANE ( 'NONE',  #2152 ) ;
#2174 = CARTESIAN_POINT ( 'NONE',  ( -31.54243873150034005, 46.77745232318008561, 7.874027990416303524 ) ) ;
#2175 = DIRECTION ( 'NONE',  ( 0.000000000000000000, 0.000000000000000000, -1.000000000000000000 ) ) ;
#2176 = CARTESIAN_POINT ( 'NONE',  ( 7.894667858713330766, 27.07641590409387433, 31.52780415892581090 ) ) ;
#2177 = DIRECTION ( 'NONE',  ( 1.000000000000000000, 0.000000000000000000, 0.000000000000000000 ) ) ;
#2178 = B_SPLINE_CURVE_WITH_KNOTS ( 'NONE', 3,
 ( #3971, #2332, #1086, #2964, #3312, #1448 ),
 .UNSPECIFIED., .F., .F.,
 ( 4, 2, 4 ),
 ( 0.0006226340212729898280, 0.003248192447538428198, 0.005873750873803866568 ),
 .UNSPECIFIED. ) ;
#2179 = CARTESIAN_POINT ( 'NONE',  ( 0.000000000000000000, 12.00000000000000000, 0.000000000000000000 ) ) ;
#2180 = CYLINDRICAL_SURFACE ( 'NONE', #64, 7.500000000000011546 ) ;
#2181 = CARTESIAN_POINT ( 'NONE',  ( -29.15522991389166307, 67.95849841100620381, -5.423398793177844013 ) ) ;
#2182 = CARTESIAN_POINT ( 'NONE',  ( -30.93296909571974140, 63.25079878616614337, -5.323539068606563340 ) ) ;
#2183 = VERTEX_POINT ( 'NONE', #3022 ) ;
#2184 = DIRECTION ( 'NONE',  ( 0.7071067811865487940, 0.000000000000000000, 0.7071067811865463515 ) ) ;
#2185 = CARTESIAN_POINT ( 'NONE',  ( 28.64093547565115472, 29.57006580222324743, 23.91980530471643362 ) ) ;
#2186 = VECTOR ( 'NONE', #208, 1000.000000000000114 ) ;
#2187 = ORIENTED_EDGE ( 'NONE', *, *, #2467, .T. ) ;
#2188 = DIRECTION ( 'NONE',  ( 0.000000000000000000, 0.000000000000000000, 1.000000000000000000 ) ) ;
#2189 = CARTESIAN_POINT ( 'NONE',  ( 15.60761951344821341, 61.54344710314080658, 49.45516630126218161 ) ) ;
#2190 = CARTESIAN_POINT ( 'NONE',  ( -3.630895170808245975, 86.51646088262262424, 4.494979385296808516 ) ) ;
#2191 = ORIENTED_EDGE ( 'NONE', *, *, #3450, .T. ) ;
#2192 = CARTESIAN_POINT ( 'NONE',  ( -29.98525508304956233, 50.25124267344425277, 21.05379487359277135 ) ) ;
#2193 = CARTESIAN_POINT ( 'NONE',  ( -7.120654756444073641, 60.40511595343958362, 24.92406612047334846 ) ) ;
#2194 = DIRECTION ( 'NONE',  ( -0.7071067811865476838, 0.000000000000000000, -0.7071067811865473507 ) ) ;
#2195 = CARTESIAN_POINT ( 'NONE',  ( 5.600205166055175710, 25.45753543778394246, 32.01533967828039806 ) ) ;
#2196 = CARTESIAN_POINT ( 'NONE',  ( 23.28003304440149535, 52.94736842105263719, 44.74958889110783389 ) ) ;
#2197 = CARTESIAN_POINT ( 'NONE',  ( 31.39543232803671913, 57.04256726995652826, 8.804363441853285011 ) ) ;
#2198 = CARTESIAN_POINT ( 'NONE',  ( 13.25084324535642821, 47.06877324829015663, 32.32896202021690613 ) ) ;
#2199 = CARTESIAN_POINT ( 'NONE',  ( -15.65916285895703552, 78.81860717987187570, 14.92496859459187597 ) ) ;
#2200 = CARTESIAN_POINT ( 'NONE',  ( -24.06252810128310315, 76.41724826133084036, 1.800896306077683695 ) ) ;
#2201 = ORIENTED_EDGE ( 'NONE', *, *, #1807, .T. ) ;
#2202 = CARTESIAN_POINT ( 'NONE',  ( 12.63269618483139922, 41.44165570527118803, 30.49802645875876550 ) ) ;
#2203 = CARTESIAN_POINT ( 'NONE',  ( 27.12041957428488459, 25.99009695061957714, 17.91954052382734019 ) ) ;
#2204 = ORIENTED_EDGE ( 'NONE', *, *, #3119, .F. ) ;
#2205 = FACE_OUTER_BOUND ( 'NONE', #1415, .T. ) ;
#2206 = CARTESIAN_POINT ( 'NONE',  ( 23.22615158135715774, 56.76469512926130534, 12.75849365817256853 ) ) ;
#2207 = AXIS2_PLACEMENT_3D ( 'NONE', #348, #1872, #2175 ) ;
#2208 = CARTESIAN_POINT ( 'NONE',  ( 23.63887193288705646, 62.30385474243560395, 45.43935993684414143 ) ) ;
#2209 = CARTESIAN_POINT ( 'NONE',  ( -3.466336224826385592, 86.40729409646573345, 6.469466120080483940 ) ) ;
#2210 = ORIENTED_EDGE ( 'NONE', *, *, #3477, .F. ) ;
#2211 = AXIS2_PLACEMENT_3D ( 'NONE', #138, #2340, #506 ) ;
#2212 =( BOUNDED_SURFACE ( )  B_SPLINE_SURFACE ( 3, 2, ( 
 ( #444, #1685, #2931 ),
 ( #2656, #2377, #3034 ),
 ( #1434, #233, #1089 ),
 ( #3917, #1455, #3669 ),
 ( #2090, #3646, #2356 ),
 ( #2698, #826, #845 ),
 ( #3897, #150, #809 ),
 ( #1108, #1749, #2051 ),
 ( #2069, #481, #3626 ),
 ( #1475, #3295, #2395 ),
 ( #2335, #3362, #2417 ),
 ( #866, #1725, #3342 ),
 ( #2678, #1130, #3587 ),
 ( #2111, #2990, #565 ),
 ( #3318, #520, #3015 ),
 ( #2969, #3609, #192 ),
 ( #172, #3955, #1768 ),
 ( #3938, #2949, #214 ),
 ( #1147, #1167, #1394 ),
 ( #501, #1413, #2720 ),
 ( #545, #1788, #3976 ),
 ( #2637, #787, #2033 ),
 ( #3277, #3131, #3999 ),
 ( #1516, #317, #2513 ),
 ( #942, #2495, #1208 ),
 ( #2147, #3461, #3748 ),
 ( #2761, #2782, #3687 ),
 ( #923, #4038, #3074 ),
 ( #1808, #584, #2476 ),
 ( #2185, #2166, #605 ),
 ( #3707, #1822, #3440 ),
 ( #3769, #278, #644 ),
 ( #1534, #1228, #1189 ),
 ( #962, #1844, #2203 ),
 ( #3728, #3419, #1863 ),
 ( #4017, #2454, #3092 ),
 ( #903, #1882, #1555 ),
 ( #3054, #255, #3400 ),
 ( #297, #2801, #339 ),
 ( #1495, #623, #3111 ),
 ( #23, #2741, #4 ),
 ( #2436, #2129, #1248 ),
 ( #1576, #884, #2819 ),
 ( #1268, #3381, #1988 ),
 ( #3811, #42, #1369 ),
 ( #1681, #2313, #3543 ),
 ( #1592, #983, #1614 ),
 ( #2928, #1922, #3233 ) ),
 .UNSPECIFIED., .F., .F., .F. ) 
 B_SPLINE_SURFACE_WITH_KNOTS ( ( 4, 2, 2, 2, 2, 2, 2, 2, 2, 2, 2, 2, 2, 2, 2, 2, 2, 2, 2, 2, 2, 2, 2, 4 ),
 ( 3, 3 ),
 ( 0.000000000000000000, 0.002359253772100161975, 0.004718507544200323950, 0.005898134430250404937, 0.007077761316300485925, 0.009437015088400647900, 0.01061664197445072802, 0.01179626886050080987, 0.01415552263260097185, 0.01533514951865105370, 0.01651477640470113556, 0.01887403017680129580, 0.02005365706285137592, 0.02123328394890145604, 0.02359253772100161975, 0.02477216460705169987, 0.02595179149310178346, 0.02831104526520194370, 0.02949067215125202729, 0.03067029903730210741, 0.03302955280940227112, 0.03420917969545235471, 0.03538880658150243136, 0.03774806035360259160 ),
 ( 0.000000000000000000, 1.000000000000000000 ),
 .UNSPECIFIED. ) 
 GEOMETRIC_REPRESENTATION_ITEM ( )  RATIONAL_B_SPLINE_SURFACE ( (
 ( 1.000000000000000000, 0.8246547166311791743, 1.000000000000000000),
 ( 1.000000000000000000, 0.8208181550330025944, 1.000000000000000000),
 ( 1.000000000000000000, 0.8162164725888754191, 1.000000000000000000),
 ( 1.000000000000000000, 0.8058178796745325556, 1.000000000000000000),
 ( 1.000000000000000000, 0.8000195206746214538, 1.000000000000000000),
 ( 1.000000000000000000, 0.7906637784151712145, 1.000000000000000000),
 ( 1.000000000000000000, 0.7874331997423832386, 1.000000000000000000),
 ( 1.000000000000000000, 0.7809124452976642372, 1.000000000000000000),
 ( 1.000000000000000000, 0.7776090037119625098, 1.000000000000000000),
 ( 1.000000000000000000, 0.7676516041947568647, 1.000000000000000000),
 ( 1.000000000000000000, 0.7609480753112595197, 1.000000000000000000),
 ( 1.000000000000000000, 0.7511494018608293466, 1.000000000000000000),
 ( 1.000000000000000000, 0.7479126458399782962, 1.000000000000000000),
 ( 1.000000000000000000, 0.7416726727313529555, 1.000000000000000000),
 ( 1.000000000000000000, 0.7386714648085516144, 1.000000000000000000),
 ( 1.000000000000000000, 0.7301105082454755202, 1.000000000000000000),
 ( 1.000000000000000000, 0.7249920863293110029, 1.000000000000000000),
 ( 1.000000000000000000, 0.7185600259135747070, 1.000000000000000000),
 ( 1.000000000000000000, 0.7166238892318540499, 1.000000000000000000),
 ( 1.000000000000000000, 0.7132323769606517816, 1.000000000000000000),
 ( 1.000000000000000000, 0.7117919984170704151, 1.000000000000000000),
 ( 1.000000000000000000, 0.7083246170544382769, 1.000000000000000000),
 ( 1.000000000000000000, 0.7071297090585791922, 1.000000000000000000),
 ( 1.000000000000000000, 0.7070958084929274134, 1.000000000000000000),
 ( 1.000000000000000000, 0.7073770797169820490, 1.000000000000000000),
 ( 1.000000000000000000, 0.7085325800184756329, 1.000000000000000000),
 ( 1.000000000000000000, 0.7094108146988842289, 1.000000000000000000),
 ( 1.000000000000000000, 0.7128498258599893500, 1.000000000000000000),
 ( 1.000000000000000000, 0.7162225262939152515, 1.000000000000000000),
 ( 1.000000000000000000, 0.7226134807902775403, 1.000000000000000000),
 ( 1.000000000000000000, 0.7249657322172673446, 1.000000000000000000),
 ( 1.000000000000000000, 0.7300652623624817039, 1.000000000000000000),
 ( 1.000000000000000000, 0.7328133987086988821, 1.000000000000000000),
 ( 1.000000000000000000, 0.7414133387436350198, 1.000000000000000000),
 ( 1.000000000000000000, 0.7476615933981390905, 1.000000000000000000),
 ( 1.000000000000000000, 0.7574176027392479638, 1.000000000000000000),
 ( 1.000000000000000000, 0.7607341934049222099, 1.000000000000000000),
 ( 1.000000000000000000, 0.7674370747503497237, 1.000000000000000000),
 ( 1.000000000000000000, 0.7708271262986083894, 1.000000000000000000),
 ( 1.000000000000000000, 0.7808494120618009182, 1.000000000000000000),
 ( 1.000000000000000000, 0.7873870140308860677, 1.000000000000000000),
 ( 1.000000000000000000, 0.7966741355582817041, 1.000000000000000000),
 ( 1.000000000000000000, 0.7996837067600923721, 1.000000000000000000),
 ( 1.000000000000000000, 0.8054816568025073842, 1.000000000000000000),
 ( 1.000000000000000000, 0.8082787283829995229, 1.000000000000000000),
 ( 1.000000000000000000, 0.8161909488638077192, 1.000000000000000000),
 ( 1.000000000000000000, 0.8208191621742281230, 1.000000000000000000),
 ( 1.000000000000000000, 0.8246547166311790633, 1.000000000000000000) ) ) 
 REPRESENTATION_ITEM ( '' )  SURFACE ( )  );
#2213 = CARTESIAN_POINT ( 'NONE',  ( -18.38513234678113761, 52.87405513506050880, 26.80759279672056294 ) ) ;
#2214 = VECTOR ( 'NONE', #1463, 1000.000000000000000 ) ;
#2215 = CARTESIAN_POINT ( 'NONE',  ( -2.424028225977026274, 65.11480961268668466, 24.23337678840276865 ) ) ;
#2216 = CARTESIAN_POINT ( 'NONE',  ( 4.424005486373022933, 51.92850797222676107, 26.14973591205957248 ) ) ;
#2217 = CARTESIAN_POINT ( 'NONE',  ( 9.638889005801951626, 28.90506500206063123, 31.04173105629217488 ) ) ;
#2218 = CARTESIAN_POINT ( 'NONE',  ( -20.28586326272128204, 71.18297185866288146, -3.868074641523929103 ) ) ;
#2219 = CARTESIAN_POINT ( 'NONE',  ( 32.09222044059282553, 63.05263157894739834, 10.62266459388628093 ) ) ;
#2220 = PLANE ( 'NONE',  #3401 ) ;
#2221 = CARTESIAN_POINT ( 'NONE',  ( 2.082348419563941455, 86.83605815607347722, 7.540850694136867816 ) ) ;
#2222 = EDGE_CURVE ( 'NONE', #3382, #3947, #2497, .T. ) ;
#2223 = CARTESIAN_POINT ( 'NONE',  ( -23.25800082159740256, 77.11899395909722443, 3.141323817726312306 ) ) ;
#2224 = ORIENTED_EDGE ( 'NONE', *, *, #382, .T. ) ;
#2225 = LINE ( 'NONE', #41, #949 ) ;
#2226 = DIRECTION ( 'NONE',  ( -0.7071067811865487940, -0.000000000000000000, -0.7071067811865463515 ) ) ;
#2227 = VERTEX_POINT ( 'NONE', #2441 ) ;
#2228 = B_SPLINE_CURVE_WITH_KNOTS ( 'NONE', 3,
 ( #1671, #139, #737, #389, #2000, #3514, #1933, #98, #3886, #714, #3823, #2625, #1077, #1958, #2306, #1979, #2895, #3868, #3225, #2546, #2919, #119, #2325, #3803, #1651, #3575, #1360, #1058, #756, #3243, #2850, #1191, #2458, #2438, #1810, #3383 ),
 .UNSPECIFIED., .F., .F.,
 ( 4, 2, 2, 2, 2, 2, 2, 2, 2, 2, 2, 2, 2, 2, 2, 2, 2, 4 ),
 ( -0.009018379455214687104, -0.007133946038504759661, -0.005249512621794832218, -0.003365079205084904775, -0.001480645788374976464, 0.0004037876283349509793, 0.002288221045044877555, 0.004172654461754805866, 0.006057087878464734176, 0.009825954711884592532, 0.01076817142023956710, 0.01171038812859454166, 0.01359482154530448385, 0.01453703825365945147, 0.01547925496201441910, 0.01736368837872435955, 0.01924812179543430174, 0.02113255521214424393 ),
 .UNSPECIFIED. ) ;
#2229 = DIRECTION ( 'NONE',  ( 0.7071067811865475727, 0.000000000000000000, 0.7071067811865474617 ) ) ;
#2230 = DIRECTION ( 'NONE',  ( 0.000000000000000000, 1.000000000000000000, 0.000000000000000000 ) ) ;
#2231 = CARTESIAN_POINT ( 'NONE',  ( -11.36126208917555225, 31.55781720401860824, 30.45978851641692486 ) ) ;
#2232 = CARTESIAN_POINT ( 'NONE',  ( -0.9240506633994474139, 87.00000000000000000, 1.134343400515137157 ) ) ;
#2233 = EDGE_LOOP ( 'NONE', ( #571, #128, #867, #299 ) ) ;
#2234 = CARTESIAN_POINT ( 'NONE',  ( -24.67488308623211779, 50.76561344507106810, 21.22572611793919961 ) ) ;
#2235 = CARTESIAN_POINT ( 'NONE',  ( 1.812979469592412629, 24.14077376015445253, 32.45134418938811649 ) ) ;
#2236 = CARTESIAN_POINT ( 'NONE',  ( -16.97160777573292734, 55.67177021775087553, 27.80949835220768662 ) ) ;
#2237 = CYLINDRICAL_SURFACE ( 'NONE', #2601, 32.50000000000000000 ) ;
#2238 = CARTESIAN_POINT ( 'NONE',  ( 31.90417678744224261, 57.00091842932943820, 6.194635059116237130 ) ) ;
#2239 = CARTESIAN_POINT ( 'NONE',  ( 19.06638184705837347, 33.50898061122037319, 30.90814087694174717 ) ) ;
#2240 = CARTESIAN_POINT ( 'NONE',  ( -33.56086425606923029, 58.49886507824195547, -0.3315208302874572688 ) ) ;
#2241 = CARTESIAN_POINT ( 'NONE',  ( -26.05588998749174579, 73.77870632110105475, -3.273064240043439099 ) ) ;
#2242 = EDGE_LOOP ( 'NONE', ( #2087, #3812, #2149, #2878, #3167, #550, #3582, #2164, #2187 ) ) ;
#2244 = ADVANCED_FACE ( 'NONE', ( #2135 ), #592, .F. ) ;
#2243 = CARTESIAN_POINT ( 'NONE',  ( 12.43721155183974325, 34.88050130342379873, 30.02608480662746260 ) ) ;
#2245 = CARTESIAN_POINT ( 'NONE',  ( -9.488292830168388647, 35.84210526315791157, 78.00000000000000000 ) ) ;
#2246 = VERTEX_POINT ( 'NONE', #1216 ) ;
#2247 = CARTESIAN_POINT ( 'NONE',  ( 15.72472664194134140, 61.41974316652159160, 49.82623842470426467 ) ) ;
#2248 = CARTESIAN_POINT ( 'NONE',  ( 6.363961030678932929, 58.00000000000000711, 6.363961030678912500 ) ) ;
#2249 = CARTESIAN_POINT ( 'NONE',  ( 24.47171842778848472, 59.21809452468552593, 47.04028284727383635 ) ) ;
#2250 = AXIS2_PLACEMENT_3D ( 'NONE', #65, #3485, #3504 ) ;
#2251 = CARTESIAN_POINT ( 'NONE',  ( -12.89248917037562769, 71.92344740006947745, 24.32555501366221407 ) ) ;
#2252 = CARTESIAN_POINT ( 'NONE',  ( -8.681522364482843201, 81.97797754529608483, 18.46417686844875661 ) ) ;
#2253 = VERTEX_POINT ( 'NONE', #2155 ) ;
#2254 = CIRCLE ( 'NONE', #1148, 16.00000000000001421 ) ;
#2255 = CARTESIAN_POINT ( 'NONE',  ( -23.10405224007972436, 56.58671907108446675, 27.99763606488393464 ) ) ;
#2256 = CYLINDRICAL_SURFACE ( 'NONE', #568, 7.500000000000010658 ) ;
#2257 = CARTESIAN_POINT ( 'NONE',  ( 6.202735545290518182, 53.76183067899589219, 25.78458826878523169 ) ) ;
#2258 = LINE ( 'NONE', #3573, #3437 ) ;
#2259 = B_SPLINE_CURVE_WITH_KNOTS ( 'NONE', 3,
 ( #1322, #412, #1262, #1037, #351, #55, #3515, #2830, #1302, #715, #1569, #2813 ),
 .UNSPECIFIED., .F., .F.,
 ( 4, 2, 2, 2, 2, 4 ),
 ( 1.734723475976807094E-18, 0.003365361731391088625, 0.005048042597086631854, 0.006730723462782175516, 0.01009608519417318391, 0.01346144692556419317 ),
 .UNSPECIFIED. ) ;
#2260 = DIRECTION ( 'NONE',  ( -0.000000000000000000, -1.000000000000000000, -0.000000000000000000 ) ) ;
#2261 = CARTESIAN_POINT ( 'NONE',  ( 31.23745902481295289, 58.98262359448158776, 8.607381751157898719 ) ) ;
#2262 = CARTESIAN_POINT ( 'NONE',  ( -2.330514422331867674, 50.86802061135691844, 26.41735326758253777 ) ) ;
#2263 = CARTESIAN_POINT ( 'NONE',  ( 6.669713807599538136, 84.46900070104503300, 24.15317029718740116 ) ) ;
#2264 = CARTESIAN_POINT ( 'NONE',  ( -22.77929935904241887, 77.47325944133012854, 3.985545835794933378 ) ) ;
#2265 = ORIENTED_EDGE ( 'NONE', *, *, #784, .F. ) ;
#2266 = PLANE ( 'NONE',  #1929 ) ;
#2267 = CARTESIAN_POINT ( 'NONE',  ( -15.85385858304261575, 60.19982056209754262, 31.19746011219629267 ) ) ;
#2268 = EDGE_CURVE ( 'NONE', #1514, #1498, #3656, .T. ) ;
#2269 = EDGE_CURVE ( 'NONE', #672, #475, #284, .T. ) ;
#2270 = ORIENTED_EDGE ( 'NONE', *, *, #1007, .T. ) ;
#2271 = CARTESIAN_POINT ( 'NONE',  ( 0.000000000000000000, 57.00000000000000000, -32.50000000000000000 ) ) ;
#2272 = DIRECTION ( 'NONE',  ( 1.000000000000000000, 0.000000000000000000, 0.000000000000000000 ) ) ;
#2273 = CARTESIAN_POINT ( 'NONE',  ( 21.09334723062277916, 49.81797036427008152, 40.54627478867439550 ) ) ;
#2274 = CARTESIAN_POINT ( 'NONE',  ( -11.24380077252557086, 80.54958447926055953, 15.90955684091660949 ) ) ;
#2275 = ADVANCED_FACE ( 'NONE', ( #612, #1541, #2117, #1177 ), #1851, .T. ) ;
#2276 = CARTESIAN_POINT ( 'NONE',  ( -12.99735996384014314, 74.53013938556895823, 22.10980994324112103 ) ) ;
#2277 = ORIENTED_EDGE ( 'NONE', *, *, #256, .T. ) ;
#2278 = CIRCLE ( 'NONE', #4047, 5.000000000000007994 ) ;
#2279 = CARTESIAN_POINT ( 'NONE',  ( -25.21650767209323263, 45.82724054029284133, 20.52362104316910774 ) ) ;
#2280 = CARTESIAN_POINT ( 'NONE',  ( 7.335283605123832373, 26.59172568403900883, 31.66618701055493190 ) ) ;
#2281 = AXIS2_PLACEMENT_3D ( 'NONE', #2860, #727, #463 ) ;
#2282 = CARTESIAN_POINT ( 'NONE',  ( -16.37785623620922593, 58.69273452537668589, 20.55922829294125620 ) ) ;
#2283 = LINE ( 'NONE', #754, #953 ) ;
#2284 = ADVANCED_FACE ( 'NONE', ( #3675 ), #930, .T. ) ;
#2285 = CARTESIAN_POINT ( 'NONE',  ( 0.000000000000000000, 56.52076677316293996, 0.000000000000000000 ) ) ;
#2286 = CARTESIAN_POINT ( 'NONE',  ( -29.54706061964827057, 70.51835916410789196, -2.170298832217083529 ) ) ;
#2287 = AXIS2_PLACEMENT_3D ( 'NONE', #1152, #2399, #927 ) ;
#2288 = CARTESIAN_POINT ( 'NONE',  ( 18.77085756367910818, 33.94472182612308586, 30.99455651955988600 ) ) ;
#2289 = CARTESIAN_POINT ( 'NONE',  ( 7.509772356813991578, 86.15729003906294281, 13.23953550863759077 ) ) ;
#2290 = CARTESIAN_POINT ( 'NONE',  ( -29.68295977542678088, 67.42394366111849990, -3.873935956187537055 ) ) ;
#2291 = AXIS2_PLACEMENT_3D ( 'NONE', #1184, #3069, #3763 ) ;
#2292 = ORIENTED_EDGE ( 'NONE', *, *, #1246, .T. ) ;
#2293 = CARTESIAN_POINT ( 'NONE',  ( 0.000000000000000000, 58.00000000000000711, 78.00000000000000000 ) ) ;
#2294 = CARTESIAN_POINT ( 'NONE',  ( -18.19892119521678353, 58.61593069364948150, 26.92673892068082253 ) ) ;
#2295 = ORIENTED_EDGE ( 'NONE', *, *, #830, .F. ) ;
#2296 = DIRECTION ( 'NONE',  ( -0.000000000000000000, -0.000000000000000000, 1.000000000000000000 ) ) ;
#2297 = FACE_OUTER_BOUND ( 'NONE', #3708, .T. ) ;
#2298 = CARTESIAN_POINT ( 'NONE',  ( 24.48126829160925766, 56.86644356899464015, 47.05863988650573049 ) ) ;
#2299 = CARTESIAN_POINT ( 'NONE',  ( -10.13963383851190514, 75.76815407370112609, 22.65089029316571256 ) ) ;
#2300 = ORIENTED_EDGE ( 'NONE', *, *, #3736, .T. ) ;
#2301 = ADVANCED_FACE ( 'NONE', ( #3964 ), #1156, .T. ) ;
#2302 = CARTESIAN_POINT ( 'NONE',  ( -32.49414211253500895, 51.88901289227690938, 0.7058077762081009787 ) ) ;
#2303 = CARTESIAN_POINT ( 'NONE',  ( 17.93183929398309573, 49.34550351348110553, 37.70607396077876672 ) ) ;
#2304 = CARTESIAN_POINT ( 'NONE',  ( -19.30724730465965067, 58.39125056853742990, 27.53093509004966677 ) ) ;
#2305 = DIRECTION ( 'NONE',  ( -0.6916548014802254007, 0.2079116908177597867, 0.6916548014802255118 ) ) ;
#2306 = CARTESIAN_POINT ( 'NONE',  ( -25.59209217054254637, 50.40765234898623959, 6.978614082616007686 ) ) ;
#2307 = CARTESIAN_POINT ( 'NONE',  ( 37.47665940288707986, 77.00000000000000000, 37.47665940288695197 ) ) ;
#2308 = CARTESIAN_POINT ( 'NONE',  ( 18.91245778300587688, 82.19516191864993004, 6.735319360206720951 ) ) ;
#2309 = CARTESIAN_POINT ( 'NONE',  ( 16.00226356027767594, 82.05312486061463062, 28.21157906770040569 ) ) ;
#2310 = CARTESIAN_POINT ( 'NONE',  ( -19.48977631346679829, 76.91865684459115471, 19.23111342329853102 ) ) ;
#2311 = VERTEX_POINT ( 'NONE', #552 ) ;
#2312 = CARTESIAN_POINT ( 'NONE',  ( -32.59018377268067468, 49.82206142207900967, 15.90465387763354954 ) ) ;
#2313 = CARTESIAN_POINT ( 'NONE',  ( 28.50269761483768960, 34.33711698227953235, 15.94028005594744002 ) ) ;
#2314 = ORIENTED_EDGE ( 'NONE', *, *, #2268, .T. ) ;
#2315 = EDGE_CURVE ( 'NONE', #2116, #2253, #3770, .T. ) ;
#2316 = CARTESIAN_POINT ( 'NONE',  ( 29.30710986739042312, 30.62344558834452712, 14.04927643799103976 ) ) ;
#2317 = DIRECTION ( 'NONE',  ( 0.7071067811865487940, 0.000000000000000000, 0.7071067811865463515 ) ) ;
#2318 = CARTESIAN_POINT ( 'NONE',  ( -19.37335393871818923, 66.41481953406940875, 28.36126332143482642 ) ) ;
#2319 = ORIENTED_EDGE ( 'NONE', *, *, #1698, .T. ) ;
#2320 = CARTESIAN_POINT ( 'NONE',  ( -31.99746265479260643, 47.93368670715338453, 5.709097467733400322 ) ) ;
#2321 = CARTESIAN_POINT ( 'NONE',  ( 20.31917677224174668, 50.71979903081661689, 40.74026309999160134 ) ) ;
#2322 = CARTESIAN_POINT ( 'NONE',  ( 1.060660171779827854, 58.00000000000000711, 11.66726188957803600 ) ) ;
#2323 = VECTOR ( 'NONE', #2623, 1000.000000000000000 ) ;
#2324 = ADVANCED_FACE ( 'NONE', ( #11 ), #1957, .F. ) ;
#2325 = CARTESIAN_POINT ( 'NONE',  ( -22.45982923296960010, 50.78528266401461622, 14.10362067343386805 ) ) ;
#2326 = CARTESIAN_POINT ( 'NONE',  ( -32.01812802274211123, 64.71818544144021246, -2.646755058189076859 ) ) ;
#2327 = CARTESIAN_POINT ( 'NONE',  ( 31.19615500132663399, 35.33852782483712218, 18.01470578340602557 ) ) ;
#2328 = CARTESIAN_POINT ( 'NONE',  ( -1.867563578039634464, 29.17232963864152850, 37.39730632858716319 ) ) ;
#2329 = CARTESIAN_POINT ( 'NONE',  ( -19.55847625065851858, 77.06816141114558150, 18.93235787692999850 ) ) ;
#2330 = ORIENTED_EDGE ( 'NONE', *, *, #2644, .T. ) ;
#2331 = LINE ( 'NONE', #539, #1535 ) ;
#2332 = CARTESIAN_POINT ( 'NONE',  ( 33.13042976661850503, 58.86270802475108610, 10.50301276864674627 ) ) ;
#2333 = ORIENTED_EDGE ( 'NONE', *, *, #2913, .T. ) ;
#2334 = CARTESIAN_POINT ( 'NONE',  ( 15.80034575198503077, 28.05392286420421044, 28.40465627751073185 ) ) ;
#2335 = CARTESIAN_POINT ( 'NONE',  ( 21.21119449404657331, 31.21583983965384235, 30.11908750715036476 ) ) ;
#2336 = CARTESIAN_POINT ( 'NONE',  ( -12.56297378010596866, 70.63056851344273923, 25.33054968728206191 ) ) ;
#2337 = ORIENTED_EDGE ( 'NONE', *, *, #3503, .T. ) ;
#2338 = CARTESIAN_POINT ( 'NONE',  ( -30.66583167334815485, 45.65553915567497967, 10.80114010057591578 ) ) ;
#2339 = FACE_OUTER_BOUND ( 'NONE', #2865, .T. ) ;
#2340 = DIRECTION ( 'NONE',  ( 0.2511310285135393561, -0.7545548334713103600, 0.6062839349700891445 ) ) ;
#2341 = CARTESIAN_POINT ( 'NONE',  ( 7.352677679636265395, 56.52076677316293996, 25.47949122026282609 ) ) ;
#2342 = CARTESIAN_POINT ( 'NONE',  ( 19.89638937373640459, 79.70360175001165715, 5.966655899762156601 ) ) ;
#2343 = CIRCLE ( 'NONE', #590, 26.51916932907348468 ) ;
#2344 = CARTESIAN_POINT ( 'NONE',  ( 8.361194699765198024, 33.49080709568517022, 35.34378296623363980 ) ) ;
#2345 = CARTESIAN_POINT ( 'NONE',  ( -17.47528942551734232, 79.79833226605445873, 10.62662821368853550 ) ) ;
#2346 = CARTESIAN_POINT ( 'NONE',  ( -0.4322262490421535097, 29.00048636079151620, 32.49990272749878528 ) ) ;
#2347 = CARTESIAN_POINT ( 'NONE',  ( -13.94945712262459381, 69.93230851165827744, 16.49575418550985617 ) ) ;
#2348 = AXIS2_PLACEMENT_3D ( 'NONE', #2841, #856, #625 ) ;
#2349 = CARTESIAN_POINT ( 'NONE',  ( -33.78658767352627734, 58.24374310540154198, 0.04886271733844035209 ) ) ;
#2350 = CARTESIAN_POINT ( 'NONE',  ( -17.78772582785166279, 53.52020932720134283, 27.20047916164056900 ) ) ;
#2351 = ADVANCED_FACE ( 'NONE', ( #3365 ), #4002, .T. ) ;
#2352 = AXIS2_PLACEMENT_3D ( 'NONE', #147, #1391, #3932 ) ;
#2353 = CARTESIAN_POINT ( 'NONE',  ( 0.000000000000000000, 57.00000000000000000, 0.000000000000000000 ) ) ;
#2354 = ORIENTED_EDGE ( 'NONE', *, *, #3224, .T. ) ;
#2355 = CARTESIAN_POINT ( 'NONE',  ( 26.18234767590742962, 25.07798451279498764, 19.26624541931963819 ) ) ;
#2356 = CARTESIAN_POINT ( 'NONE',  ( 13.96025197899489001, 30.75966760118964771, 29.35198589664521762 ) ) ;
#2357 = CARTESIAN_POINT ( 'NONE',  ( 41.01219330881981762, 77.00000000000000000, 33.94112549695420000 ) ) ;
#2358 = ORIENTED_EDGE ( 'NONE', *, *, #2821, .F. ) ;
#2359 = CARTESIAN_POINT ( 'NONE',  ( -27.12543071051484489, 45.07635993022921639, 17.90750372616694364 ) ) ;
#2360 = DIRECTION ( 'NONE',  ( -0.000000000000000000, -0.000000000000000000, 1.000000000000000000 ) ) ;
#2361 = CARTESIAN_POINT ( 'NONE',  ( -12.60524699876894594, 70.79261300504165888, 25.20486160496137984 ) ) ;
#2362 = PRODUCT_CONTEXT ( 'NONE', #1594, 'mechanical' ) ;
#2363 = B_SPLINE_CURVE_WITH_KNOTS ( 'NONE', 3,
 ( #2238, #2564, #1916, #2896 ),
 .UNSPECIFIED., .F., .F.,
 ( 4, 4 ),
 ( -9.104689959143206953E-07, 0.005735431474035206090 ),
 .UNSPECIFIED. ) ;
#2364 = CARTESIAN_POINT ( 'NONE',  ( -18.71859242919888544, 73.14934682297020174, 24.28193726537288555 ) ) ;
#2365 = CARTESIAN_POINT ( 'NONE',  ( 16.95444071686933896, 82.12865391290826267, 2.594877249266755559 ) ) ;
#2366 = CARTESIAN_POINT ( 'NONE',  ( -6.323102203286782519, 31.23580121537612087, 36.28638176669713999 ) ) ;
#2367 = CARTESIAN_POINT ( 'NONE',  ( -24.42022433900092793, 77.82306219950019965, 5.259330428120089884 ) ) ;
#2368 = CARTESIAN_POINT ( 'NONE',  ( -7.411831562148992525, 32.28199362326984811, 35.81502700536545092 ) ) ;
#2369 = CARTESIAN_POINT ( 'NONE',  ( 33.27929389861203902, 56.64128568547582887, 10.70720164969339727 ) ) ;
#2370 = CARTESIAN_POINT ( 'NONE',  ( -34.23644211148837968, 52.04558230347760883, 7.682038943687685695 ) ) ;
#2371 = CARTESIAN_POINT ( 'NONE',  ( -20.40090051176320785, 62.79245174807039831, 29.05627200760044815 ) ) ;
#2372 = CARTESIAN_POINT ( 'NONE',  ( 14.95035791885147702, 52.28680454145196421, 47.37253086565208804 ) ) ;
#2373 = DIRECTION ( 'NONE',  ( 0.7071067811865487940, 0.000000000000000000, 0.7071067811865463515 ) ) ;
#2374 = VERTEX_POINT ( 'NONE', #907 ) ;
#2375 = ADVANCED_FACE ( 'NONE', ( #569 ), #2151, .T. ) ;
#2376 = CARTESIAN_POINT ( 'NONE',  ( 17.19100355846256889, 26.60394857783283840, 27.58664447236630579 ) ) ;
#2377 = CARTESIAN_POINT ( 'NONE',  ( 15.70889394719656629, 34.86513655100601028, 28.63270351300531047 ) ) ;
#2378 = VERTEX_POINT ( 'NONE', #3405 ) ;
#2379 = CARTESIAN_POINT ( 'NONE',  ( -32.07074048102305852, 51.32422962511439124, 5.510453811117212553 ) ) ;
#2380 = DIRECTION ( 'NONE',  ( 0.000000000000000000, 0.000000000000000000, -1.000000000000000000 ) ) ;
#2381 = DIRECTION ( 'NONE',  ( -0.000000000000000000, 0.000000000000000000, 1.000000000000000000 ) ) ;
#2382 = CARTESIAN_POINT ( 'NONE',  ( 16.52900517050667517, 82.39481730048483143, 2.479356577284531404 ) ) ;
#2383 = CARTESIAN_POINT ( 'NONE',  ( 11.23214716476028840, 74.91826455324937228, 27.11680201973475945 ) ) ;
#2384 = VECTOR ( 'NONE', #3379, 1000.000000000000000 ) ;
#2385 = CARTESIAN_POINT ( 'NONE',  ( -18.99114841369950568, 68.53778418359644320, 27.47713484895509950 ) ) ;
#2386 = CARTESIAN_POINT ( 'NONE',  ( -2.101153921957622295, 29.21965660908964679, 37.36932690359044784 ) ) ;
#2387 = CARTESIAN_POINT ( 'NONE',  ( -12.33478067921891252, 34.26315789473686380, 30.06830865871188152 ) ) ;
#2388 = VECTOR ( 'NONE', #3066, 1000.000000000000000 ) ;
#2389 = CARTESIAN_POINT ( 'NONE',  ( 14.97583137650233454, 84.39071459774223172, 26.40200552823970526 ) ) ;
#2390 = CARTESIAN_POINT ( 'NONE',  ( -20.95516846592046534, 61.23568746375895699, 29.11615728109070034 ) ) ;
#2391 = CARTESIAN_POINT ( 'NONE',  ( 16.75859687951084709, 59.12813005219103246, 40.45883187285759419 ) ) ;
#2392 = CARTESIAN_POINT ( 'NONE',  ( -12.60524699876894594, 70.79261300504165888, 25.20486160496137984 ) ) ;
#2393 = VERTEX_POINT ( 'NONE', #236 ) ;
#2394 = CARTESIAN_POINT ( 'NONE',  ( 26.56758260308483344, 25.40811814295395976, 18.72958552401950527 ) ) ;
#2395 = CARTESIAN_POINT ( 'NONE',  ( 15.99598056588648731, 27.82434456078068408, 28.29527021355396599 ) ) ;
#2396 = EDGE_CURVE ( 'NONE', #3490, #3138, #980, .T. ) ;
#2397 = ORIENTED_EDGE ( 'NONE', *, *, #1824, .T. ) ;
#2398 = CARTESIAN_POINT ( 'NONE',  ( 21.22612872098292769, 63.11620558361568101, 13.46286091101016424 ) ) ;
#2399 = DIRECTION ( 'NONE',  ( 0.000000000000000000, 1.000000000000000000, 0.000000000000000000 ) ) ;
#2400 = EDGE_CURVE ( 'NONE', #847, #3270, #608, .T. ) ;
#2401 = CARTESIAN_POINT ( 'NONE',  ( -15.63687496943571453, 54.58386380968827467, 31.38575479191441175 ) ) ;
#2402 = ORIENTED_EDGE ( 'NONE', *, *, #3199, .T. ) ;
#2403 = CARTESIAN_POINT ( 'NONE',  ( 55.15432893255080415, 39.00000000000000711, 55.15432893255061231 ) ) ;
#2404 = DIRECTION ( 'NONE',  ( -0.9488292830168389980, -0.3157894736842113970, 0.000000000000000000 ) ) ;
#2405 = CARTESIAN_POINT ( 'NONE',  ( 3.373739105097051549, 29.58262605708605975, 37.15888397044118108 ) ) ;
#2406 = CARTESIAN_POINT ( 'NONE',  ( -16.33618304411792721, 72.33834597899131325, 22.02276046719536140 ) ) ;
#2407 = CARTESIAN_POINT ( 'NONE',  ( -7.248154725659221143, 32.06001069541157023, 31.82102909832562432 ) ) ;
#2408 = CARTESIAN_POINT ( 'NONE',  ( -14.30839335676304280, 65.45014020743550986, 19.52310929314565158 ) ) ;
#2409 = CARTESIAN_POINT ( 'NONE',  ( -21.57282212043443081, 59.41209940301363446, -13.27988893041489860 ) ) ;
#2410 = AXIS2_PLACEMENT_3D ( 'NONE', #1604, #367, #1955 ) ;
#2411 = CARTESIAN_POINT ( 'NONE',  ( 2.197288865933739732, 0.7313019390581739776, -47.50200000000000244 ) ) ;
#2412 = CARTESIAN_POINT ( 'NONE',  ( 13.75529699022937891, 49.81797036427060732, 43.58579471961927965 ) ) ;
#2413 = CARTESIAN_POINT ( 'NONE',  ( -30.90461596430962388, 64.23300629472672085, -3.796610523422351502 ) ) ;
#2414 = AXIS2_PLACEMENT_3D ( 'NONE', #1707, #2575, #1352 ) ;
#2415 = ORIENTED_EDGE ( 'NONE', *, *, #2566, .T. ) ;
#2416 = CARTESIAN_POINT ( 'NONE',  ( 33.28148890653714176, 57.38503517176154389, 10.67079151525652847 ) ) ;
#2417 = CARTESIAN_POINT ( 'NONE',  ( 16.45299174175482548, 27.32375975929490508, 28.03325265885329642 ) ) ;
#2418 = VECTOR ( 'NONE', #3682, 1000.000000000000000 ) ;
#2419 = ORIENTED_EDGE ( 'NONE', *, *, #2396, .F. ) ;
#2420 = CARTESIAN_POINT ( 'NONE',  ( 14.81349353089408716, 64.73325495644736804, 19.53783610030816931 ) ) ;
#2421 = CARTESIAN_POINT ( 'NONE',  ( -32.53587654548685748, 56.61439638627006588, -0.4889409765150327103 ) ) ;
#2422 = DIRECTION ( 'NONE',  ( 0.7071067811865467956, 0.000000000000000000, -0.7071067811865481278 ) ) ;
#2423 = ORIENTED_EDGE ( 'NONE', *, *, #3296, .F. ) ;
#2424 = EDGE_CURVE ( 'NONE', #968, #1346, #2029, .T. ) ;
#2425 = CARTESIAN_POINT ( 'NONE',  ( 33.26499737147882030, 57.59007873783787801, 10.64314644705311963 ) ) ;
#2426 = FACE_OUTER_BOUND ( 'NONE', #3850, .T. ) ;
#2427 = CARTESIAN_POINT ( 'NONE',  ( -17.21454488158004636, 64.08874102088576308, 26.19693925416707003 ) ) ;
#2428 = CARTESIAN_POINT ( 'NONE',  ( -5.008358333799549200, 30.34065395205251292, 36.74136477754711194 ) ) ;
#2429 = CARTESIAN_POINT ( 'NONE',  ( 31.67927469333137225, 51.36842105263155389, 7.257654917702693886 ) ) ;
#2430 = CARTESIAN_POINT ( 'NONE',  ( -25.26498559615854234, 60.17547075829076419, -6.021681289992667274 ) ) ;
#2431 = DIRECTION ( 'NONE',  ( 0.7071067811865463515, 0.000000000000000000, -0.7071067811865486830 ) ) ;
#2432 = CARTESIAN_POINT ( 'NONE',  ( -28.66773861202522511, 69.02927507737737756, -5.235428865634703222 ) ) ;
#2433 = CARTESIAN_POINT ( 'NONE',  ( 29.98351201410986633, 34.26315789473684248, 12.53949788866081150 ) ) ;
#2434 = EDGE_LOOP ( 'NONE', ( #3315, #909 ) ) ;
#2435 = CARTESIAN_POINT ( 'NONE',  ( -5.000000000000007994, 77.00000000000000000, 53.00000000000000000 ) ) ;
#2436 = CARTESIAN_POINT ( 'NONE',  ( 30.85095416242087651, 33.28135341876746622, 19.24377518645058061 ) ) ;
#2437 = EDGE_LOOP ( 'NONE', ( #3979, #3828, #21 ) ) ;
#2438 = CARTESIAN_POINT ( 'NONE',  ( -18.02778497991750939, 55.47362756430923980, 19.45350895622836873 ) ) ;
#2439 = DIRECTION ( 'NONE',  ( -0.000000000000000000, 0.000000000000000000, 1.000000000000000000 ) ) ;
#2440 = CARTESIAN_POINT ( 'NONE',  ( 0.000000000000000000, 0.000000000000000000, -32.50000000000000000 ) ) ;
#2441 = CARTESIAN_POINT ( 'NONE',  ( 19.92541494335365115, 61.49979532019346351, 44.20652417892441832 ) ) ;
#2442 = CARTESIAN_POINT ( 'NONE',  ( -32.49391542606678485, 51.89304541113300928, 0.7040336241626755642 ) ) ;
#2443 = EDGE_CURVE ( 'NONE', #1042, #3055, #3595, .T. ) ;
#2444 = CARTESIAN_POINT ( 'NONE',  ( -20.99107990142269742, 61.17413094648648553, 29.08912177153271728 ) ) ;
#2445 = CARTESIAN_POINT ( 'NONE',  ( 4.339846106339321885, 24.85509870335076954, 32.21058206591765583 ) ) ;
#2446 = FACE_BOUND ( 'NONE', #3340, .T. ) ;
#2447 = CARTESIAN_POINT ( 'NONE',  ( 12.87809717829923351, 60.45727968503415184, -12.87809717829927791 ) ) ;
#2448 = PLANE ( 'NONE',  #135 ) ;
#2449 = CARTESIAN_POINT ( 'NONE',  ( -13.21700253109509049, 68.95451638849942810, 26.00744654555735380 ) ) ;
#2450 = CARTESIAN_POINT ( 'NONE',  ( 33.19839116048832750, 52.94736842105263719, 11.72883531378177224 ) ) ;
#2451 = CIRCLE ( 'NONE', #698, 5.000000000000007994 ) ;
#2452 = VERTEX_POINT ( 'NONE', #300 ) ;
#2453 = CARTESIAN_POINT ( 'NONE',  ( 18.13686369986929847, 50.53703842768835131, 19.35199273307577883 ) ) ;
#2454 = CARTESIAN_POINT ( 'NONE',  ( 26.55442071221257905, 30.53914585524020353, 18.91426568917893647 ) ) ;
#2455 = EDGE_CURVE ( 'NONE', #1266, #1561, #2784, .T. ) ;
#2456 = EDGE_CURVE ( 'NONE', #1994, #771, #1229, .T. ) ;
#2457 = VERTEX_POINT ( 'NONE', #2701 ) ;
#2458 = CARTESIAN_POINT ( 'NONE',  ( -18.63019080338618139, 54.51469980400455739, 18.87739475196780958 ) ) ;
#2459 = CARTESIAN_POINT ( 'NONE',  ( -33.76780331535010049, 58.45513073327752096, -0.07404416498024730953 ) ) ;
#2460 = CARTESIAN_POINT ( 'NONE',  ( 7.911836958807346498, 86.22636169105734893, 2.411167511204121094 ) ) ;
#2461 = VERTEX_POINT ( 'NONE', #3959 ) ;
#2462 = CARTESIAN_POINT ( 'NONE',  ( 32.55982592247264762, 10.83656509695296144, -47.50200000000000244 ) ) ;
#2463 = CARTESIAN_POINT ( 'NONE',  ( -23.25578113738392361, 47.15084299949357671, 22.70611061204058956 ) ) ;
#2464 = CARTESIAN_POINT ( 'NONE',  ( -21.75619332487477564, 59.37598736127827692, 28.89649151590160159 ) ) ;
#2465 = CARTESIAN_POINT ( 'NONE',  ( 9.138547342008175534, 34.86522665710595703, 31.35423439320588201 ) ) ;
#2466 = CARTESIAN_POINT ( 'NONE',  ( -14.76138838779323059, 73.53050242682188298, 11.13757166097688689 ) ) ;
#2467 = EDGE_CURVE ( 'NONE', #3873, #437, #724, .T. ) ;
#2468 = DIRECTION ( 'NONE',  ( 0.000000000000000000, 0.000000000000000000, 1.000000000000000000 ) ) ;
#2469 = DIRECTION ( 'NONE',  ( 0.3157894736842113970, -0.9488292830168389980, 0.000000000000000000 ) ) ;
#2470 = DIRECTION ( 'NONE',  ( 0.7071067811865475727, 0.000000000000000000, 0.7071067811865474617 ) ) ;
#2471 = CARTESIAN_POINT ( 'NONE',  ( -31.75660334434322607, 61.35326704530594810, -3.050106992123397198 ) ) ;
#2472 = ORIENTED_EDGE ( 'NONE', *, *, #77, .F. ) ;
#2473 = CIRCLE ( 'NONE', #3129, 5.000000000000000000 ) ;
#2475 = EDGE_CURVE ( 'NONE', #3072, #2393, #3155, .T. ) ;
#2474 = CARTESIAN_POINT ( 'NONE',  ( 15.65498921458896930, 51.68491942184594734, 21.40860551241582144 ) ) ;
#2476 = CARTESIAN_POINT ( 'NONE',  ( 25.24545642765817988, 24.49198576477214573, 20.47780200038352660 ) ) ;
#2477 = AXIS2_PLACEMENT_3D ( 'NONE', #1945, #1312, #1330 ) ;
#2478 = ORIENTED_EDGE ( 'NONE', *, *, #1705, .F. ) ;
#2479 = CARTESIAN_POINT ( 'NONE',  ( 23.22755531279186769, 57.01003460177653892, 12.70791171925733209 ) ) ;
#2480 = CARTESIAN_POINT ( 'NONE',  ( 2.635143519590905823E-11, 24.00000000000001421, 32.50000000000000000 ) ) ;
#2481 = VECTOR ( 'NONE', #2567, 1000.000000000000000 ) ;
#2482 = CARTESIAN_POINT ( 'NONE',  ( -8.482567319969499309, 82.30947540147458596, 17.84541619481832342 ) ) ;
#2483 = ORIENTED_EDGE ( 'NONE', *, *, #3307, .F. ) ;
#2484 = CARTESIAN_POINT ( 'NONE',  ( 0.000000000000000000, 57.00000000000000000, 0.000000000000000000 ) ) ;
#2485 = DIRECTION ( 'NONE',  ( 0.7071067811865463515, 0.000000000000000000, -0.7071067811865485719 ) ) ;
#2486 = FACE_OUTER_BOUND ( 'NONE', #585, .T. ) ;
#2487 = CARTESIAN_POINT ( 'NONE',  ( 4.751207588672683002, 30.14795850894378759, 32.24150879010117166 ) ) ;
#2488 = CARTESIAN_POINT ( 'NONE',  ( -24.76638172545947825, 61.60694766614139439, -6.550795419456947322 ) ) ;
#2489 = CARTESIAN_POINT ( 'NONE',  ( 32.16315003848081489, 57.22755790060409709, 8.986040262110151389 ) ) ;
#2490 = CARTESIAN_POINT ( 'NONE',  ( -18.38945964386684651, 73.62106305977275156, 4.098707616750175808E-12 ) ) ;
#2491 = DIRECTION ( 'NONE',  ( -0.6916548014802255118, 0.2079116908177598144, 0.6916548014802256228 ) ) ;
#2492 = CARTESIAN_POINT ( 'NONE',  ( 31.67927469333137225, 51.36842105263158231, 7.257654917702697439 ) ) ;
#2493 = ORIENTED_EDGE ( 'NONE', *, *, #1650, .T. ) ;
#2494 = CARTESIAN_POINT ( 'NONE',  ( 20.19825485185936387, 50.79519203024463536, 17.18906337486632552 ) ) ;
#2495 = CARTESIAN_POINT ( 'NONE',  ( 23.26886411591981485, 29.00567990635073556, 22.69147843805502873 ) ) ;
#2496 = EDGE_CURVE ( 'NONE', #2988, #3234, #946, .T. ) ;
#2497 = B_SPLINE_CURVE_WITH_KNOTS ( 'NONE', 3,
 ( #3098, #2425, #1506, #305 ),
 .UNSPECIFIED., .F., .F.,
 ( 4, 4 ),
 ( 0.000000000000000000, 0.0006226340212729898280 ),
 .UNSPECIFIED. ) ;
#2498 = EDGE_LOOP ( 'NONE', ( #3096, #1456, #3839, #83, #3585, #1679, #731, #3279, #1031 ) ) ;
#2499 = CARTESIAN_POINT ( 'NONE',  ( 9.488292830168386871, 35.84210526315789735, 34.69420229851370863 ) ) ;
#2500 = CARTESIAN_POINT ( 'NONE',  ( -9.809367719380842843, 29.14941185272813229, 30.98506674433290087 ) ) ;
#2501 = CARTESIAN_POINT ( 'NONE',  ( -8.536188857672744490, 83.85177593969832799, 11.16281719533333217 ) ) ;
#2502 = EDGE_LOOP ( 'NONE', ( #1620, #1728, #921, #1923, #341 ) ) ;
#2503 = CARTESIAN_POINT ( 'NONE',  ( -26.05453827339912110, 45.44095789354147286, 19.43248196538640471 ) ) ;
#2504 = CARTESIAN_POINT ( 'NONE',  ( -32.48729115823832814, 53.93876283280388151, -1.032088923273999814 ) ) ;
#2505 = CARTESIAN_POINT ( 'NONE',  ( 1.711091175022723343, 50.68523117732556926, 26.46728513366852553 ) ) ;
#2506 = CARTESIAN_POINT ( 'NONE',  ( 1.694501163096580054, 24.12271406013103814, 32.45756815892131186 ) ) ;
#2507 = CARTESIAN_POINT ( 'NONE',  ( 0.000000000000000000, 77.00000000000000000, 53.00000000000000000 ) ) ;
#2508 = CARTESIAN_POINT ( 'NONE',  ( -0.8617028571611008436, 50.53733035212587765, 26.50854212373697649 ) ) ;
#2509 = CARTESIAN_POINT ( 'NONE',  ( -24.21925137330201139, 76.20534843179578388, -1.077759267841960966 ) ) ;
#2510 = CARTESIAN_POINT ( 'NONE',  ( -29.26957029390050735, 68.36288407363201713, -3.745411279971231355 ) ) ;
#2511 = ORIENTED_EDGE ( 'NONE', *, *, #49, .F. ) ;
#2512 = DIRECTION ( 'NONE',  ( -0.000000000000000000, 0.000000000000000000, 1.000000000000000000 ) ) ;
#2513 = CARTESIAN_POINT ( 'NONE',  ( 23.20846177092122531, 23.99941808408576804, 22.75376429645677590 ) ) ;
#2514 = AXIS2_PLACEMENT_3D ( 'NONE', #3738, #3099, #573 ) ;
#2515 = VERTEX_POINT ( 'NONE', #8 ) ;
#2516 = DIRECTION ( 'NONE',  ( 0.000000000000000000, 1.000000000000000000, 0.000000000000000000 ) ) ;
#2517 = AXIS2_PLACEMENT_3D ( 'NONE', #775, #2872, #2585 ) ;
#2518 = CARTESIAN_POINT ( 'NONE',  ( -8.415104845323313043, 27.54033372605960039, 31.39650272202377224 ) ) ;
#2519 = ORIENTED_EDGE ( 'NONE', *, *, #418, .F. ) ;
#2520 = EDGE_CURVE ( 'NONE', #1766, #2905, #2687, .T. ) ;
#2521 = CARTESIAN_POINT ( 'NONE',  ( -25.53914969227351150, 50.12670762664208013, 20.15793425295779429 ) ) ;
#2522 = CARTESIAN_POINT ( 'NONE',  ( -4.960546657246392321, 63.63058534426155433, 24.45311971040469601 ) ) ;
#2523 = CARTESIAN_POINT ( 'NONE',  ( 6.836455775718233596, 54.88626884623895563, 25.62332764839000987 ) ) ;
#2524 = CARTESIAN_POINT ( 'NONE',  ( 6.671831078145392446, 31.54654390528426688, 36.14124154781021048 ) ) ;
#2525 = CARTESIAN_POINT ( 'NONE',  ( 23.28003304440150245, 63.05263157894739123, 44.74958889110786231 ) ) ;
#2526 = CARTESIAN_POINT ( 'NONE',  ( 30.73368549455274490, 63.27059338095934748, 6.301658039497001873 ) ) ;
#2527 = CARTESIAN_POINT ( 'NONE',  ( 3.248311656775644468E-15, 50.49999999999999289, 26.51916932907348468 ) ) ;
#2528 = CARTESIAN_POINT ( 'NONE',  ( -8.595295215790332855E-15, 87.00000000000000000, 2.866363527659818342E-16 ) ) ;
#2529 = CARTESIAN_POINT ( 'NONE',  ( -27.47531907328971101, 71.84911826045112093, -2.542221249784050396 ) ) ;
#2530 = ORIENTED_EDGE ( 'NONE', *, *, #1644, .F. ) ;
#2531 = DIRECTION ( 'NONE',  ( 0.000000000000000000, 1.000000000000000000, 0.000000000000000000 ) ) ;
#2532 = CARTESIAN_POINT ( 'NONE',  ( -15.97559088162914520, 59.01019967453582638, 28.42687976527015081 ) ) ;
#2533 = VERTEX_POINT ( 'NONE', #966 ) ;
#2534 = CARTESIAN_POINT ( 'NONE',  ( -17.69875245946393960, 53.02897544527092322, 27.25867524343786741 ) ) ;
#2535 = CARTESIAN_POINT ( 'NONE',  ( -15.18126852826942219, 52.94736842105263719, 31.76834649986019699 ) ) ;
#2536 = AXIS2_PLACEMENT_3D ( 'NONE', #1321, #54, #1339 ) ;
#2537 = CARTESIAN_POINT ( 'NONE',  ( 15.41527290077412005, 62.30385474243561106, 48.84568618746232715 ) ) ;
#2538 = CARTESIAN_POINT ( 'NONE',  ( -9.617957140795187095E-15, 87.00000000000000000, 0.000000000000000000 ) ) ;
#2539 = ORIENTED_EDGE ( 'NONE', *, *, #2269, .T. ) ;
#2540 = CIRCLE ( 'NONE', #1562, 4.999999999999998224 ) ;
#2541 = CARTESIAN_POINT ( 'NONE',  ( -17.03149622252530548, 55.53110882981186336, 27.68475650836083091 ) ) ;
#2542 = CARTESIAN_POINT ( 'NONE',  ( 12.33478067921890364, 34.26315789473684248, 30.06830865871188152 ) ) ;
#2543 =( BOUNDED_CURVE ( )  B_SPLINE_CURVE ( 3, ( #2525, #16, #3698, #2196 ),
 .UNSPECIFIED., .F., .T. ) 
 B_SPLINE_CURVE_WITH_KNOTS ( ( 4, 4 ),
 ( 5.961896717914775046, 6.604473896444396530 ),
 .UNSPECIFIED. ) 
 CURVE ( )  GEOMETRIC_REPRESENTATION_ITEM ( )  RATIONAL_B_SPLINE_CURVE ( ( 1.000000000000000000, 0.9658861886778927763, 0.9658861886778927763, 1.000000000000000000 ) ) 
 REPRESENTATION_ITEM ( '' )  );
#2544 = CARTESIAN_POINT ( 'NONE',  ( 6.647671760916172623, 54.50079043247927046, 25.67347620784347484 ) ) ;
#2545 = ADVANCED_FACE ( 'NONE', ( #1618 ), #2787, .F. ) ;
#2546 = CARTESIAN_POINT ( 'NONE',  ( -23.09016652265163216, 50.46802758463883265, 13.04634286139864408 ) ) ;
#2547 = CARTESIAN_POINT ( 'NONE',  ( -8.643730035309605597, 33.94503157712951236, 35.18932314629245184 ) ) ;
#2548 = CARTESIAN_POINT ( 'NONE',  ( -5.949745787139598008, 53.41395227608582985, 25.84469446460694897 ) ) ;
#2549 = CARTESIAN_POINT ( 'NONE',  ( -1.418485180613181247E-14, 87.00000000000000000, -2.026328281869761123E-15 ) ) ;
#2550 = CARTESIAN_POINT ( 'NONE',  ( -24.55234285812584361, 75.90750450665285598, 1.049221392814408960 ) ) ;
#2551 = ORIENTED_EDGE ( 'NONE', *, *, #405, .F. ) ;
#2552 = CARTESIAN_POINT ( 'NONE',  ( 12.45355212744575368, 36.72923139287740923, 30.06553444579982681 ) ) ;
#2553 = CARTESIAN_POINT ( 'NONE',  ( -14.98164430519598511, 63.64520775376658435, 28.96447499754797050 ) ) ;
#2554 = ORIENTED_EDGE ( 'NONE', *, *, #1874, .F. ) ;
#2555 = FACE_OUTER_BOUND ( 'NONE', #3237, .T. ) ;
#2556 = DIRECTION ( 'NONE',  ( 0.2511310285135382458, -0.7545548334713083616, 0.6062839349700918090 ) ) ;
#2557 = CARTESIAN_POINT ( 'NONE',  ( 3.247661583489650966E-15, 0.000000000000000000, 26.51916932907348468 ) ) ;
#2558 = CARTESIAN_POINT ( 'NONE',  ( -11.03203699915213676, 80.89971939329785755, 15.47261847364302945 ) ) ;
#2559 = ORIENTED_EDGE ( 'NONE', *, *, #2972, .T. ) ;
#2560 = CARTESIAN_POINT ( 'NONE',  ( -20.42001251991740318, 55.95432004548275984, 25.46658730299885676 ) ) ;
#2561 = CARTESIAN_POINT ( 'NONE',  ( 3.565936045111894437, 24.55240403222513379, 32.31078176444561478 ) ) ;
#2562 = CARTESIAN_POINT ( 'NONE',  ( 15.18126852826943463, 52.94736842105261587, -47.50200000000000244 ) ) ;
#2563 = CARTESIAN_POINT ( 'NONE',  ( -56.61226002395732593, 10.83656509695292591, -10.56571261588937283 ) ) ;
#2564 = CARTESIAN_POINT ( 'NONE',  ( 31.88586882793260813, 55.07208442245593005, 6.288926388829523262 ) ) ;
#2565 = CARTESIAN_POINT ( 'NONE',  ( 24.91483871875094636, 29.22597793806732369, 27.92810051236665458 ) ) ;
#2566 = EDGE_CURVE ( 'NONE', #1989, #358, #3966, .T. ) ;
#2567 = DIRECTION ( 'NONE',  ( 0.7071067811865487940, 0.000000000000000000, 0.7071067811865463515 ) ) ;
#2568 = CARTESIAN_POINT ( 'NONE',  ( -29.73119817114784169, 70.13039208207518982, -2.274538749416516126 ) ) ;
#2569 = ORIENTED_EDGE ( 'NONE', *, *, #1482, .F. ) ;
#2570 = DIRECTION ( 'NONE',  ( 0.2511310285135382458, -0.7545548334713083616, 0.6062839349700918090 ) ) ;
#2571 = CARTESIAN_POINT ( 'NONE',  ( -15.43562738839809256, 62.29841531697869783, 31.55934357409194391 ) ) ;
#2572 = ADVANCED_FACE ( 'NONE', ( #4055 ), #1491, .T. ) ;
#2573 = EDGE_LOOP ( 'NONE', ( #2511, #2962, #215, #1683 ) ) ;
#2574 = CARTESIAN_POINT ( 'NONE',  ( 31.24174191523273336, 35.84210526315789735, 17.82326951104112212 ) ) ;
#2575 = DIRECTION ( 'NONE',  ( -0.000000000000000000, 0.000000000000000000, 1.000000000000000000 ) ) ;
#2576 = CARTESIAN_POINT ( 'NONE',  ( 16.35867470144093971, 54.19402761950343006, 39.49333432666774968 ) ) ;
#2577 = CIRCLE ( 'NONE', #1407, 30.39696227786822291 ) ;
#2578 = CARTESIAN_POINT ( 'NONE',  ( 10.62910554883911374, 39.26982089051249147, 30.89763383011553088 ) ) ;
#2579 = CARTESIAN_POINT ( 'NONE',  ( -9.501284736045844781, 80.21981047969566703, 21.47405489210231977 ) ) ;
#2580 = EDGE_LOOP ( 'NONE', ( #1864, #1687 ) ) ;
#2581 =( GEOMETRIC_REPRESENTATION_CONTEXT ( 3 ) GLOBAL_UNCERTAINTY_ASSIGNED_CONTEXT ( ( #2758 ) ) GLOBAL_UNIT_ASSIGNED_CONTEXT ( ( #97, #3885, #3822 ) ) REPRESENTATION_CONTEXT ( 'NONE', 'WORKASPACE' ) );
#2582 = CARTESIAN_POINT ( 'NONE',  ( -21.10453156060692237, 49.15960327052680157, 24.72610522432393410 ) ) ;
#2583 = DIRECTION ( 'NONE',  ( 0.000000000000000000, 0.000000000000000000, 1.000000000000000000 ) ) ;
#2584 = CARTESIAN_POINT ( 'NONE',  ( -20.46617252750428051, 58.82437372790658969, 27.88756421096045202 ) ) ;
#2585 = DIRECTION ( 'NONE',  ( -0.7071067811865476838, 0.000000000000000000, -0.7071067811865473507 ) ) ;
#2586 = DIRECTION ( 'NONE',  ( 0.000000000000000000, 0.000000000000000000, -1.000000000000000000 ) ) ;
#2587 = CARTESIAN_POINT ( 'NONE',  ( 33.20738855653750932, 58.32485792991466411, 10.54262555538353929 ) ) ;
#2588 = FACE_OUTER_BOUND ( 'NONE', #742, .T. ) ;
#2589 = CARTESIAN_POINT ( 'NONE',  ( -32.42210579244466828, 57.32263188927051800, -2.305529749566288977 ) ) ;
#2590 = CARTESIAN_POINT ( 'NONE',  ( -30.20695919384368366, 66.15053498892473272, -3.944829262662367775 ) ) ;
#2591 = VERTEX_POINT ( 'NONE', #1243 ) ;
#2592 = DIRECTION ( 'NONE',  ( 0.7071067811865460184, 0.000000000000000000, -0.7071067811865487940 ) ) ;
#2593 = CARTESIAN_POINT ( 'NONE',  ( -15.98010159403066410, 58.90797416879713211, 31.08616280703570922 ) ) ;
#2594 = VERTEX_POINT ( 'NONE', #3721 ) ;
#2595 = EDGE_CURVE ( 'NONE', #603, #3775, #1550, .T. ) ;
#2596 = CYLINDRICAL_SURFACE ( 'NONE', #887, 15.50000000000000178 ) ;
#2597 = DIRECTION ( 'NONE',  ( -0.3157894736842114525, -0.9488292830168389980, 0.000000000000000000 ) ) ;
#2598 = CARTESIAN_POINT ( 'NONE',  ( 24.19349984618918725, 55.30899335236856729, 46.50548261203565659 ) ) ;
#2599 = CARTESIAN_POINT ( 'NONE',  ( -10.08623944534368277, 78.50701610861491986, 19.70063544533840627 ) ) ;
#2600 = ORIENTED_EDGE ( 'NONE', *, *, #3853, .F. ) ;
#2601 = AXIS2_PLACEMENT_3D ( 'NONE', #369, #3536, #2586 ) ;
#2602 = CARTESIAN_POINT ( 'NONE',  ( -34.28806592143556031, 53.00418321292757895, 5.792530316597950701 ) ) ;
#2603 = CARTESIAN_POINT ( 'NONE',  ( -39.64994382820638918, 70.90395092580929770, 45.10231930499028152 ) ) ;
#2604 = AXIS2_PLACEMENT_3D ( 'NONE', #2885, #2317, #3566 ) ;
#2605 = DIRECTION ( 'NONE',  ( 0.000000000000000000, -0.6263567254349980962, -0.7795365626462600339 ) ) ;
#2606 = SURFACE_STYLE_FILL_AREA ( #3802 ) ;
#2607 = DIRECTION ( 'NONE',  ( 0.7071067811865487940, 0.000000000000000000, 0.7071067811865463515 ) ) ;
#2608 = CARTESIAN_POINT ( 'NONE',  ( -20.66203951220436608, 78.49457250454192092, 14.88909546250687299 ) ) ;
#2609 = AXIS2_PLACEMENT_3D ( 'NONE', #3104, #936, #3394 ) ;
#2610 = CARTESIAN_POINT ( 'NONE',  ( 8.146062688160057519, 85.96961156108255864, 0.9106367128351829932 ) ) ;
#2611 = CARTESIAN_POINT ( 'NONE',  ( 15.49328837315951013, 82.49545021645542420, 27.31426890400536323 ) ) ;
#2612 = CARTESIAN_POINT ( 'NONE',  ( -21.05742278184241556, 78.73008259672272402, 13.64902230466904776 ) ) ;
#2613 = ORIENTED_EDGE ( 'NONE', *, *, #1639, .T. ) ;
#2614 = CYLINDRICAL_SURFACE ( 'NONE', #1741, 10.00000000000000000 ) ;
#2615 = FACE_OUTER_BOUND ( 'NONE', #2835, .T. ) ;
#2616 = EDGE_LOOP ( 'NONE', ( #295, #1065, #2911, #2483, #1245, #1379, #1154, #2108 ) ) ;
#2617 = DIRECTION ( 'NONE',  ( -0.6709236202095756330, -0.3157894736842114525, 0.6709236202095779644 ) ) ;
#2618 = CARTESIAN_POINT ( 'NONE',  ( 55.15432893255080415, 39.00000000000000711, 55.15432893255061231 ) ) ;
#2619 = EDGE_CURVE ( 'NONE', #2167, #1989, #843, .T. ) ;
#2620 = CARTESIAN_POINT ( 'NONE',  ( -13.37159863227961409, 47.50998708634027423, 32.90338900480190176 ) ) ;
#2621 = ORIENTED_EDGE ( 'NONE', *, *, #503, .F. ) ;
#2622 = CARTESIAN_POINT ( 'NONE',  ( -29.59598147156723513, 48.90460941712280629, 13.44489547926165329 ) ) ;
#2623 = DIRECTION ( 'NONE',  ( 0.7071067811865487940, 0.000000000000000000, 0.7071067811865463515 ) ) ;
#2624 = CARTESIAN_POINT ( 'NONE',  ( -15.68665224308299067, 60.45959886749930234, 20.61651635079455502 ) ) ;
#2625 = CARTESIAN_POINT ( 'NONE',  ( -26.12402396424894491, 51.01981187622669012, 4.599865369127121184 ) ) ;
#2626 = CARTESIAN_POINT ( 'NONE',  ( -25.37638230691510799, 76.94369050625178375, 3.363470200297758783 ) ) ;
#2627 = CARTESIAN_POINT ( 'NONE',  ( 8.004463794167010704, 86.20773114704432771, 2.441122415919877220 ) ) ;
#2628 = CARTESIAN_POINT ( 'NONE',  ( 3.619955879647786645, 29.67448437249782600, 37.10662698161605277 ) ) ;
#2629 = CARTESIAN_POINT ( 'NONE',  ( -14.70935676628582733, 77.56373570044711130, 17.60842186503418816 ) ) ;
#2630 = EDGE_CURVE ( 'NONE', #3775, #3502, #532, .T. ) ;
#2631 = VERTEX_POINT ( 'NONE', #898 ) ;
#2632 = CARTESIAN_POINT ( 'NONE',  ( -33.33921807060796993, 50.14455850250592306, 13.52425200239610170 ) ) ;
#2633 =( BOUNDED_CURVE ( )  B_SPLINE_CURVE ( 3, ( #2039, #3906, #2019, #1095 ),
 .UNSPECIFIED., .F., .F. ) 
 B_SPLINE_CURVE_WITH_KNOTS ( ( 4, 4 ),
 ( 1.960086412494429497, 2.130983059017995451 ),
 .UNSPECIFIED. ) 
 CURVE ( )  GEOMETRIC_REPRESENTATION_ITEM ( )  RATIONAL_B_SPLINE_CURVE ( ( 1.000000000000000000, 0.9975676751756321625, 0.9975676751756321625, 1.000000000000000000 ) ) 
 REPRESENTATION_ITEM ( '' )  );
#2634 = CARTESIAN_POINT ( 'NONE',  ( 12.69845421198465374, 57.01250463941192237, 23.23661781302809359 ) ) ;
#2635 = VERTEX_POINT ( 'NONE', #1878 ) ;
#2636 = CARTESIAN_POINT ( 'NONE',  ( 20.30634533543097575, 24.57598863963570679, 25.37764405144742597 ) ) ;
#2637 = CARTESIAN_POINT ( 'NONE',  ( 25.74701229967223526, 29.04270571828989489, 27.24957657596264937 ) ) ;
#2638 = CARTESIAN_POINT ( 'NONE',  ( -9.967689731396642827, 77.83009344161563092, 24.93819005128807831 ) ) ;
#2639 = ORIENTED_EDGE ( 'NONE', *, *, #2957, .T. ) ;
#2640 = EDGE_CURVE ( 'NONE', #3947, #345, #434, .T. ) ;
#2641 = CARTESIAN_POINT ( 'NONE',  ( -31.44086945523152110, 49.81337860137779927, 18.55802420805915887 ) ) ;
#2642 = CARTESIAN_POINT ( 'NONE',  ( 16.00000000000001421, 58.00000000000000711, -47.50200000000000244 ) ) ;
#2643 = FACE_OUTER_BOUND ( 'NONE', #2825, .T. ) ;
#2644 = EDGE_CURVE ( 'NONE', #566, #2167, #3232, .T. ) ;
#2645 = CARTESIAN_POINT ( 'NONE',  ( 15.18126852826943640, 63.05263157894739834, 78.00000000000000000 ) ) ;
#2646 = CARTESIAN_POINT ( 'NONE',  ( 28.66089263599146264, 29.58262605708605619, 23.88970503765463960 ) ) ;
#2647 = CARTESIAN_POINT ( 'NONE',  ( 6.098286941430698604, 31.07052035091708575, 36.36862375270746384 ) ) ;
#2648 = CARTESIAN_POINT ( 'NONE',  ( -17.11768686280821328, 75.84641195007918668, 17.85155598707759594 ) ) ;
#2649 = CARTESIAN_POINT ( 'NONE',  ( -5.316863908412466699, 25.28986718055325156, 32.06794366351625314 ) ) ;
#2650 = CARTESIAN_POINT ( 'NONE',  ( 33.28157237466348306, 57.41263251340285478, 10.66940753200896097 ) ) ;
#2651 = CARTESIAN_POINT ( 'NONE',  ( -33.75603452234029334, 58.61349321854931560, -0.1515328258611157719 ) ) ;
#2652 = CARTESIAN_POINT ( 'NONE',  ( -19.75920675388831071, 64.89813746466553823, 28.74711613660493370 ) ) ;
#2653 = DIRECTION ( 'NONE',  ( 0.000000000000000000, 1.000000000000000000, 0.000000000000000000 ) ) ;
#2654 = ORIENTED_EDGE ( 'NONE', *, *, #2566, .F. ) ;
#2655 = CARTESIAN_POINT ( 'NONE',  ( 23.22638815438957849, 23.99953548346570997, 22.73578035681326170 ) ) ;
#2656 = CARTESIAN_POINT ( 'NONE',  ( 18.01365380790376847, 35.34129507159170913, 31.19640550999656980 ) ) ;
#2657 = CARTESIAN_POINT ( 'NONE',  ( -10.16096019484464819, 76.00244985792392072, 22.41135347143881162 ) ) ;
#2658 = VERTEX_POINT ( 'NONE', #3185 ) ;
#2659 = CARTESIAN_POINT ( 'NONE',  ( -29.42852526734337104, 48.88339360547404766, 13.80467863841071363 ) ) ;
#2660 = ADVANCED_FACE ( 'NONE', ( #3517 ), #3057, .F. ) ;
#2661 = CARTESIAN_POINT ( 'NONE',  ( 4.593776320033302163, 63.94922503014640824, 24.40613331880565440 ) ) ;
#2662 = CARTESIAN_POINT ( 'NONE',  ( 5.000000000000007994, 77.00000000000000000, 53.00000000000000000 ) ) ;
#2663 = CARTESIAN_POINT ( 'NONE',  ( -31.26403480300143300, 66.68527168186602694, -2.802178887016887110 ) ) ;
#2664 = CARTESIAN_POINT ( 'NONE',  ( 31.24174191523273336, 35.84210526315789735, 17.82326951104112212 ) ) ;
#2665 = CARTESIAN_POINT ( 'NONE',  ( -4.818690915052190604, 30.23374868692196671, 36.79848561190435419 ) ) ;
#2666 = EDGE_CURVE ( 'NONE', #3016, #2374, #3574, .T. ) ;
#2667 = CARTESIAN_POINT ( 'NONE',  ( -22.19023911582005582, 78.90817681350443991, 10.46144237255979093 ) ) ;
#2668 = CARTESIAN_POINT ( 'NONE',  ( -6.689931625793036574, 31.54956304054726246, 36.13689666128789924 ) ) ;
#2669 = CARTESIAN_POINT ( 'NONE',  ( -14.03874396319193352, 67.36166059512589754, 18.51717104861445762 ) ) ;
#2670 = AXIS2_PLACEMENT_3D ( 'NONE', #3174, #2012, #2272 ) ;
#2671 = CARTESIAN_POINT ( 'NONE',  ( -34.21375245030662882, 51.87428608810866848, 8.060961922171159699 ) ) ;
#2672 = CARTESIAN_POINT ( 'NONE',  ( -21.83543507335332379, 59.21909923915152518, 28.85357773670765269 ) ) ;
#2673 = CARTESIAN_POINT ( 'NONE',  ( 15.83819091714137883, 55.69663013793205408, 50.18576760174440210 ) ) ;
#2674 = ADVANCED_FACE ( 'NONE', ( #3908 ), #2960, .T. ) ;
#2675 = CARTESIAN_POINT ( 'NONE',  ( -9.488292830168385095, 80.15789473684210975, 78.00000000000000000 ) ) ;
#2676 = ORIENTED_EDGE ( 'NONE', *, *, #2456, .F. ) ;
#2677 = CARTESIAN_POINT ( 'NONE',  ( 25.36175611999177448, 24.54875243509749438, 20.33432735276999992 ) ) ;
#2678 = CARTESIAN_POINT ( 'NONE',  ( 22.02365943905356360, 30.61329696470384931, 29.73483825627698707 ) ) ;
#2679 = ORIENTED_EDGE ( 'NONE', *, *, #3171, .F. ) ;
#2680 = CARTESIAN_POINT ( 'NONE',  ( -32.36925107237669152, 52.74951369523201805, 3.301958104109345982 ) ) ;
#2681 = DIRECTION ( 'NONE',  ( 0.000000000000000000, 0.000000000000000000, 1.000000000000000000 ) ) ;
#2682 = CARTESIAN_POINT ( 'NONE',  ( -15.98130170459527477, 58.88577099227293132, 31.08509772928911374 ) ) ;
#2683 = APPLICATION_PROTOCOL_DEFINITION ( 'draft international standard', 'automotive_design', 1998, #769 ) ;
#2684 = CARTESIAN_POINT ( 'NONE',  ( -28.62132825444417605, 72.25895074609056223, -1.339560051585395595 ) ) ;
#2685 = CARTESIAN_POINT ( 'NONE',  ( 20.56400653931766342, 79.50087210339484045, 3.771225970089198576 ) ) ;
#2686 = CARTESIAN_POINT ( 'NONE',  ( 8.635147999008793818, 33.92983731797919944, 35.19411597734005426 ) ) ;
#2687 = B_SPLINE_CURVE_WITH_KNOTS ( 'NONE', 3,
 ( #2480, #2842, #670, #3751, #1927, #3733, #1253, #362, #2886, #3175, #46, #2518, #2169, #343, #2500, #381, #3487, #2231, #1907, #3796 ),
 .UNSPECIFIED., .F., .F.,
 ( 4, 2, 2, 2, 2, 2, 2, 2, 2, 4 ),
 ( 0.01747232387591040464, 0.01966008402008424111, 0.02075396409217115934, 0.02184784416425808104, 0.02403560430843191750, 0.02622336445260575744, 0.02841112459677960084, 0.02950500466886653295, 0.03059888474095345812, 0.03497440502930117268 ),
 .UNSPECIFIED. ) ;
#2688 = CARTESIAN_POINT ( 'NONE',  ( -16.97927314419028377, 75.49707616084450024, 18.39835405629004583 ) ) ;
#2689 = CARTESIAN_POINT ( 'NONE',  ( -3.727952388122499183, 24.62465752802315322, 32.28711712406186507 ) ) ;
#2691 = EDGE_CURVE ( 'NONE', #3502, #3775, #1240, .T. ) ;
#2690 = CARTESIAN_POINT ( 'NONE',  ( 8.268882237694066717, 87.00000000000000000, 14.57782670379869394 ) ) ;
#2692 = CARTESIAN_POINT ( 'NONE',  ( 13.68570573732688622, 47.15212588379493752, 32.42756421940434564 ) ) ;
#2693 = CARTESIAN_POINT ( 'NONE',  ( 17.85351759403058836, 46.99699357330381844, 34.31857553936359295 ) ) ;
#2694 = DIRECTION ( 'NONE',  ( 0.7071067811865487940, 0.000000000000000000, 0.7071067811865463515 ) ) ;
#2695 = ORIENTED_EDGE ( 'NONE', *, *, #836, .T. ) ;
#2697 = EDGE_CURVE ( 'NONE', #1329, #1266, #1771, .T. ) ;
#2696 = CARTESIAN_POINT ( 'NONE',  ( 28.85167934877437901, 29.13731139510502999, 14.96856593479172126 ) ) ;
#2698 = CARTESIAN_POINT ( 'NONE',  ( 19.55992571336548735, 32.87839192785322240, 30.74860706695701040 ) ) ;
#2699 = ORIENTED_EDGE ( 'NONE', *, *, #1865, .T. ) ;
#2700 = CARTESIAN_POINT ( 'NONE',  ( 48.44509273045504472, 35.84210526315791157, 61.86356513464639306 ) ) ;
#2701 = CARTESIAN_POINT ( 'NONE',  ( 12.43721155186544358, 34.61827305196532478, 30.02608480661680801 ) ) ;
#2702 = CARTESIAN_POINT ( 'NONE',  ( 1.246935253438967273, 86.98150436084063131, 0.3694705132824082083 ) ) ;
#2703 = ORIENTED_EDGE ( 'NONE', *, *, #924, .T. ) ;
#2704 = LINE ( 'NONE', #1793, #2086 ) ;
#2705 = DIRECTION ( 'NONE',  ( 0.000000000000000000, 0.000000000000000000, -1.000000000000000000 ) ) ;
#2706 = CARTESIAN_POINT ( 'NONE',  ( -1.079113214471282944, 29.04414200239224897, 37.47337900439749347 ) ) ;
#2707 = AXIS2_PLACEMENT_3D ( 'NONE', #3834, #2930, #422 ) ;
#2708 = CARTESIAN_POINT ( 'NONE',  ( -16.31827002005880090, 72.09350680402582157, 22.23572658092009391 ) ) ;
#2709 = CARTESIAN_POINT ( 'NONE',  ( 1.303462433160335499, 29.08180937333884941, 37.45104018327658224 ) ) ;
#2710 = DIRECTION ( 'NONE',  ( 0.7071067811865487940, 0.000000000000000000, 0.7071067811865463515 ) ) ;
#2711 = VECTOR ( 'NONE', #1605, 999.9999999999998863 ) ;
#2712 = DIRECTION ( 'NONE',  ( -0.2232968782694363385, -0.9488292830168389980, 0.2232968782694371157 ) ) ;
#2713 = CARTESIAN_POINT ( 'NONE',  ( -18.12364794465017681, 55.76574529899949084, 26.97812740891847483 ) ) ;
#2714 = CARTESIAN_POINT ( 'NONE',  ( 16.09608037411011239, 45.92426228945075195, 30.94037616380775191 ) ) ;
#2715 = B_SPLINE_CURVE_WITH_KNOTS ( 'NONE', 3,
 ( #2790, #306, #891, #858, #2809, #3676, #553, #1813, #4046, #1236, #1796, #2463, #633, #265, #4007, #2729, #2750, #1196, #2118, #2136, #1485, #3388, #3082, #12, #3062, #931, #285, #1524, #912, #2174, #3428, #1871, #2769, #2156, #3118, #325, #1507, #2442, #4025, #1258, #2504, #2099, #3694, #3042, #3988, #1178 ),
 .UNSPECIFIED., .F., .F.,
 ( 4, 2, 2, 2, 2, 2, 2, 2, 2, 2, 2, 2, 2, 2, 2, 2, 2, 2, 2, 2, 2, 2, 4 ),
 ( 0.003511045830301220538, 0.004848004216472016903, 0.006184962602642812834, 0.008858879374984399493, 0.01153279614732598615, 0.01286975453349677688, 0.01420671291966756587, 0.01688062969200913518, 0.01955454646435070276, 0.02222846323669227034, 0.02356542162286305239, 0.02490238000903383098, 0.02623933839520460956, 0.02757629678137539508, 0.03025021355371695225, 0.03292413032605850942, 0.03559804709840007353, 0.03827196387074163070, 0.03960892225691240581, 0.04094588064308319481, 0.04361979741542475197, 0.04495675580159552709, 0.04629371418776630914 ),
 .UNSPECIFIED. ) ;
#2716 = B_SPLINE_CURVE_WITH_KNOTS ( 'NONE', 3,
 ( #3700, #3414, #1570, #3743, #312, #2755 ),
 .UNSPECIFIED., .F., .F.,
 ( 4, 2, 4 ),
 ( 0.05747559654087781855, 0.05983771939839768739, 0.06219984225591754928 ),
 .UNSPECIFIED. ) ;
#2717 = CARTESIAN_POINT ( 'NONE',  ( -30.45035560034626343, 65.51213788214279532, -3.926008042178493973 ) ) ;
#2718 = VERTEX_POINT ( 'NONE', #3351 ) ;
#2719 = CARTESIAN_POINT ( 'NONE',  ( 2.572830212993487020, 86.90135535190437110, 0.2650256857865289639 ) ) ;
#2720 = CARTESIAN_POINT ( 'NONE',  ( 20.96942829126352237, 24.32948491381569056, 24.83235277621062664 ) ) ;
#2721 = EDGE_CURVE ( 'NONE', #358, #771, #1736, .T. ) ;
#2722 = ORIENTED_EDGE ( 'NONE', *, *, #1078, .T. ) ;
#2723 = CARTESIAN_POINT ( 'NONE',  ( 15.73897593402662842, 65.25767876856637884, 18.50211356882763525 ) ) ;
#2724 = CARTESIAN_POINT ( 'NONE',  ( 0.000000000000000000, 4.999999999999997335, 0.000000000000000000 ) ) ;
#2725 = CARTESIAN_POINT ( 'NONE',  ( 0.4990067441138626436, 86.99768622851600242, 0.1477623721047837402 ) ) ;
#2726 = EDGE_LOOP ( 'NONE', ( #446, #3767 ) ) ;
#2727 = CARTESIAN_POINT ( 'NONE',  ( -7.269242038555529639, 83.95068928610631076, 14.48899421822000200 ) ) ;
#2728 = CARTESIAN_POINT ( 'NONE',  ( -32.37812303379445211, 57.04155847145282365, -2.811965292899038626 ) ) ;
#2729 = CARTESIAN_POINT ( 'NONE',  ( -25.93842054489048721, 45.47700942733793283, 19.60023904013425877 ) ) ;
#2730 = CARTESIAN_POINT ( 'NONE',  ( -16.86679127127270306, 65.54412095066788879, 25.84117994044201083 ) ) ;
#2731 = CARTESIAN_POINT ( 'NONE',  ( -3.611583785594237650, 29.66036004564093531, 37.11420484082622551 ) ) ;
#2732 = DIRECTION ( 'NONE',  ( 0.7071067811865487940, 0.000000000000000000, 0.7071067811865463515 ) ) ;
#2733 = LINE ( 'NONE', #3994, #2388 ) ;
#2734 = VECTOR ( 'NONE', #813, 1000.000000000000000 ) ;
#2735 = FACE_OUTER_BOUND ( 'NONE', #1226, .T. ) ;
#2736 = CARTESIAN_POINT ( 'NONE',  ( -21.57194594540799315, 78.68467685526509570, 2.845111905013854692 ) ) ;
#2737 = CARTESIAN_POINT ( 'NONE',  ( -32.53039089290292907, 63.22594344351807649, -2.315389501547798101 ) ) ;
#2738 = CIRCLE ( 'NONE', #3262, 32.50000000000000000 ) ;
#2739 = EDGE_LOOP ( 'NONE', ( #1366, #3936, #2539, #2191 ) ) ;
#2740 = CARTESIAN_POINT ( 'NONE',  ( -17.66670240233286648, 55.09428949332743741, 27.27973354597934730 ) ) ;
#2741 = CARTESIAN_POINT ( 'NONE',  ( 27.62565868259481050, 32.03965874932435298, 17.37937924891590313 ) ) ;
#2742 = AXIS2_PLACEMENT_3D ( 'NONE', #2046, #1162, #1409 ) ;
#2743 = ORIENTED_EDGE ( 'NONE', *, *, #3736, .F. ) ;
#2744 = CARTESIAN_POINT ( 'NONE',  ( 12.54032566808609594, 58.24317054335175925, 23.14692738588426479 ) ) ;
#2745 = EDGE_CURVE ( 'NONE', #1053, #1087, #372, .T. ) ;
#2746 = CARTESIAN_POINT ( 'NONE',  ( -33.73934141166799350, 58.82176712755984482, -0.2610918354935763963 ) ) ;
#2747 = CARTESIAN_POINT ( 'NONE',  ( 0.000000000000000000, 5.000000000000000000, 0.000000000000000000 ) ) ;
#2748 = ORIENTED_EDGE ( 'NONE', *, *, #2315, .F. ) ;
#2749 = CARTESIAN_POINT ( 'NONE',  ( 9.163183779048629055E-15, 87.00000000000000000, 3.839715152064887997E-14 ) ) ;
#2750 = CARTESIAN_POINT ( 'NONE',  ( -26.46301578683857869, 45.26740727832882527, 18.88740547298951356 ) ) ;
#2751 = CARTESIAN_POINT ( 'NONE',  ( -20.53553761280662471, 62.39735696749088589, 29.08413924803613071 ) ) ;
#2752 = CARTESIAN_POINT ( 'NONE',  ( 8.285090426708361377, 33.35286776204636539, 31.58117101864852927 ) ) ;
#2753 = CARTESIAN_POINT ( 'NONE',  ( -22.30175496283061065, 67.43631186723087012, -6.392984673286830066 ) ) ;
#2754 = CARTESIAN_POINT ( 'NONE',  ( 33.00090952392076815, 57.35563436626554079, 10.37398836647519573 ) ) ;
#2755 = CARTESIAN_POINT ( 'NONE',  ( -33.75603452234029334, 58.61349321854931560, -0.1515328258611157719 ) ) ;
#2756 = CARTESIAN_POINT ( 'NONE',  ( -24.51679111593679394, 75.84760163488559215, -1.461507882829560900 ) ) ;
#2757 = CARTESIAN_POINT ( 'NONE',  ( -0.2282218055537676149, 87.00000000000002842, 0.2801598687465860493 ) ) ;
#2758 = UNCERTAINTY_MEASURE_WITH_UNIT (LENGTH_MEASURE( 1.000000000000000082E-05 ), #97, 'distance_accuracy_value', 'NONE');
#2759 = EDGE_LOOP ( 'NONE', ( #624, #3403, #1638, #3112 ) ) ;
#2760 = CARTESIAN_POINT ( 'NONE',  ( 23.11150982716889146, 55.68280370039380500, 13.00577338796064986 ) ) ;
#2761 = CARTESIAN_POINT ( 'NONE',  ( 27.40357160159389238, 29.08180937333866822, 25.56019735057621389 ) ) ;
#2762 = ORIENTED_EDGE ( 'NONE', *, *, #836, .F. ) ;
#2763 = CARTESIAN_POINT ( 'NONE',  ( 18.85268343501726207, 65.10101295035717328, 15.42136838376462293 ) ) ;
#2764 = CARTESIAN_POINT ( 'NONE',  ( -34.08799158263695972, 55.52135719097765332, 2.294086474644490892 ) ) ;
#2765 = CYLINDRICAL_SURFACE ( 'NONE', #1765, 9.999999999999996447 ) ;
#2766 = EDGE_LOOP ( 'NONE', ( #110, #3116, #1615, #125 ) ) ;
#2767 = PRODUCT_DEFINITION ( 'UNKNOWN', '', #217, #3704 ) ;
#2768 = CARTESIAN_POINT ( 'NONE',  ( 13.28193013305731895, 47.24056677655700298, 32.88328700541416083 ) ) ;
#2769 = CARTESIAN_POINT ( 'NONE',  ( -32.15294650693243739, 48.49329157331970919, 4.792242345843940932 ) ) ;
#2770 = CARTESIAN_POINT ( 'NONE',  ( -19.15767651897666113, 58.62887750673873200, 26.31439992961063723 ) ) ;
#2771 = CARTESIAN_POINT ( 'NONE',  ( 6.859416348317781242, 31.65829855503224266, 31.90298326516911942 ) ) ;
#2772 = ADVANCED_FACE ( 'NONE', ( #1542 ), #1217, .F. ) ;
#2773 = CARTESIAN_POINT ( 'NONE',  ( -14.35064664422735170, 72.61226519824397485, 13.08422351130622729 ) ) ;
#2774 = CARTESIAN_POINT ( 'NONE',  ( 33.28148890653714176, 57.38503517176154389, 10.67079151525652847 ) ) ;
#2775 = CARTESIAN_POINT ( 'NONE',  ( 0.000000000000000000, 12.00000000000000000, 0.000000000000000000 ) ) ;
#2776 = AXIS2_PLACEMENT_3D ( 'NONE', #1944, #2296, #87 ) ;
#2777 = CARTESIAN_POINT ( 'NONE',  ( -22.74505682026765641, 77.74214035759173669, 0.9981547288040717447 ) ) ;
#2778 = FACE_OUTER_BOUND ( 'NONE', #3992, .T. ) ;
#2779 = AXIS2_PLACEMENT_3D ( 'NONE', #577, #1241, #3742 ) ;
#2780 = EDGE_LOOP ( 'NONE', ( #1127, #882, #404, #1965, #2397 ) ) ;
#2781 = CARTESIAN_POINT ( 'NONE',  ( 19.92657564646069801, 50.68575350380499600, 17.50361339268769001 ) ) ;
#2782 = CARTESIAN_POINT ( 'NONE',  ( 23.71478842218658301, 29.04950349543712207, 22.23302282147724185 ) ) ;
#2783 = ORIENTED_EDGE ( 'NONE', *, *, #3603, .F. ) ;
#2784 = LINE ( 'NONE', #850, #4058 ) ;
#2785 = CYLINDRICAL_SURFACE ( 'NONE', #1828, 32.50000000000000000 ) ;
#2786 = ORIENTED_EDGE ( 'NONE', *, *, #1372, .F. ) ;
#2787 =( BOUNDED_SURFACE ( )  B_SPLINE_SURFACE ( 3, 2, ( 
 ( #2823, #1867, #3773 ),
 ( #1292, #689, #3423 ),
 ( #2208, #26, #2537 ),
 ( #2862, #626, #2189 ),
 ( #3114, #3467, #1642 ),
 ( #67, #3443, #707 ),
 ( #1313, #3815, #1006 ),
 ( #2249, #3506, #401 ),
 ( #1946, #3194, #89 ),
 ( #321, #1560, #647 ),
 ( #1887, #2805, #3136 ),
 ( #2298, #3313, #3358 ),
 ( #3950, #516, #1450 ),
 ( #1353, #803, #2673 ),
 ( #2598, #2084, #1142 ),
 ( #1331, #561, #113 ),
 ( #3605, #2391, #3337 ),
 ( #3009, #1163, #2047 ),
 ( #3217, #3291, #496 ),
 ( #3934, #1971, #2372 ),
 ( #840, #3525, #2106 ),
 ( #1125, #1763, #3030 ),
 ( #3859, #1050, #1744 ),
 ( #3642, #541, #1662 ),
 ( #2273, #2576, #2412 ),
 ( #1784, #1429, #210 ),
 ( #3836, #228, #2065 ),
 ( #2693, #2986, #1469 ),
 ( #188, #3622, #728 ),
 ( #2714, #822, #3972 ) ),
 .UNSPECIFIED., .F., .F., .T. ) 
 B_SPLINE_SURFACE_WITH_KNOTS ( ( 4, 2, 2, 2, 2, 2, 2, 2, 2, 2, 2, 2, 2, 2, 4 ),
 ( 3, 3 ),
 ( 5.961896717914775046, 6.035430252056317002, 6.108963786197859847, 6.182497320339401803, 6.256030854480943759, 6.329564388622485716, 6.403097922764027672, 6.476631456905570516, 6.550164991047112473, 6.623698525188654429, 6.697232059330197274, 6.770765593471739230, 6.844299127613281186, 6.991366195896365099, 7.138433264179449900 ),
 ( 0.000000000000000000, 1.000000000000000000 ),
 .UNSPECIFIED. ) 
 GEOMETRIC_REPRESENTATION_ITEM ( )  RATIONAL_B_SPLINE_SURFACE ( (
 ( 1.000000000000000000, 0.4812125383690857294, 1.000000000000000000),
 ( 1.000000000000000000, 0.4681870389902617613, 1.000000000000000000),
 ( 1.000000000000000000, 0.4559051793587499124, 1.000000000000000000),
 ( 1.000000000000000000, 0.4335365140782739268, 1.000000000000000000),
 ( 1.000000000000000000, 0.4234513579097100577, 1.000000000000000000),
 ( 1.000000000000000000, 0.4062318640443279283, 1.000000000000000000),
 ( 1.000000000000000000, 0.3991036358855641897, 1.000000000000000000),
 ( 1.000000000000000000, 0.3884769394128567699, 1.000000000000000000),
 ( 1.000000000000000000, 0.3849853211787919727, 1.000000000000000000),
 ( 1.000000000000000000, 0.3820240256414408342, 1.000000000000000000),
 ( 1.000000000000000000, 0.3825568809255971980, 1.000000000000000000),
 ( 1.000000000000000000, 0.3875893469585434681, 1.000000000000000000),
 ( 1.000000000000000000, 0.3920848342737254244, 1.000000000000000000),
 ( 1.000000000000000000, 0.4045610607695766525, 1.000000000000000000),
 ( 1.000000000000000000, 0.4125347107531676660, 1.000000000000000000),
 ( 1.000000000000000000, 0.4312456823105211834, 1.000000000000000000),
 ( 1.000000000000000000, 0.4419776125762159280, 1.000000000000000000),
 ( 1.000000000000000000, 0.4654461505881488659, 1.000000000000000000),
 ( 1.000000000000000000, 0.4781803683380067005, 1.000000000000000000),
 ( 1.000000000000000000, 0.5049757995883134010, 1.000000000000000000),
 ( 1.000000000000000000, 0.5190366577865436204, 1.000000000000000000),
 ( 1.000000000000000000, 0.5479256949730368920, 1.000000000000000000),
 ( 1.000000000000000000, 0.5627543851410335973, 1.000000000000000000),
 ( 1.000000000000000000, 0.5927309357054474370, 1.000000000000000000),
 ( 1.000000000000000000, 0.6078795007992974231, 1.000000000000000000),
 ( 1.000000000000000000, 0.6532684000540341929, 1.000000000000000000),
 ( 1.000000000000000000, 0.6834271448015751815, 1.000000000000000000),
 ( 1.000000000000000000, 0.7414600994564171099, 1.000000000000000000),
 ( 1.000000000000000000, 0.7693537923595858974, 1.000000000000000000),
 ( 1.000000000000000000, 0.7953930453281536916, 1.000000000000000000) ) ) 
 REPRESENTATION_ITEM ( '' )  SURFACE ( )  );
#2788 = EDGE_CURVE ( 'NONE', #2533, #2167, #2715, .T. ) ;
#2789 = DIRECTION ( 'NONE',  ( -0.000000000000000000, 0.000000000000000000, 1.000000000000000000 ) ) ;
#2790 = CARTESIAN_POINT ( 'NONE',  ( -17.84640881626929954, 53.88064118444087569, 27.16165849801122789 ) ) ;
#2791 = CARTESIAN_POINT ( 'NONE',  ( -18.69143095728465553, 71.38719646237153427, 25.81126596843824572 ) ) ;
#2792 = CARTESIAN_POINT ( 'NONE',  ( 11.21433123281325983, 31.40278411887732091, 30.50450207446386486 ) ) ;
#2793 = CARTESIAN_POINT ( 'NONE',  ( 25.29507656463492538, 81.73684210526316463, 5.167367958347589330 ) ) ;
#2794 = CARTESIAN_POINT ( 'NONE',  ( 31.82600045003240652, 57.03085932689798909, 6.597265991449697609 ) ) ;
#2795 = CARTESIAN_POINT ( 'NONE',  ( 4.461097414111931947, 87.00000000000001421, 16.15506282032484719 ) ) ;
#2796 = ADVANCED_FACE ( 'NONE', ( #2426 ), #2256, .F. ) ;
#2797 = CARTESIAN_POINT ( 'NONE',  ( -13.41705700340288843, 73.75910307567076529, 22.54857763231162338 ) ) ;
#2798 = CARTESIAN_POINT ( 'NONE',  ( 3.980102097228897837E-15, 12.00000000000000355, 32.50000000000000000 ) ) ;
#2799 = ORIENTED_EDGE ( 'NONE', *, *, #1778, .T. ) ;
#2800 = CARTESIAN_POINT ( 'NONE',  ( 14.54885018459842350, 52.76920239708423566, 22.17382987255635030 ) ) ;
#2801 = CARTESIAN_POINT ( 'NONE',  ( 27.05795093797878081, 31.14497352617280512, 18.21739705412222321 ) ) ;
#2802 = EDGE_LOOP ( 'NONE', ( #546, #230, #4000, #1389 ) ) ;
#2803 = CIRCLE ( 'NONE', #1046, 5.000000000000007994 ) ;
#2804 = CARTESIAN_POINT ( 'NONE',  ( -3.410138149269868801, 86.41377793349185765, 6.369961585639409840 ) ) ;
#2805 = CARTESIAN_POINT ( 'NONE',  ( 15.99807603937692591, 58.29679364107730066, 38.62277214613695264 ) ) ;
#2806 = VECTOR ( 'NONE', #987, 1000.000000000000000 ) ;
#2807 = DIRECTION ( 'NONE',  ( 0.3157894736842105643, -0.9488292830168392200, 0.000000000000000000 ) ) ;
#2808 = ORIENTED_EDGE ( 'NONE', *, *, #3296, .T. ) ;
#2809 = CARTESIAN_POINT ( 'NONE',  ( -18.91031666030586322, 52.05218568044161742, 26.43353930860966727 ) ) ;
#2810 = CARTESIAN_POINT ( 'NONE',  ( 2.939726432453393379, 51.08660954909316132, 26.35889818095284909 ) ) ;
#2811 = CARTESIAN_POINT ( 'NONE',  ( 7.750032640485192914, 32.65950502594675697, 35.65587988913645745 ) ) ;
#2812 = DIRECTION ( 'NONE',  ( 0.000000000000000000, 1.000000000000000000, 0.000000000000000000 ) ) ;
#2813 = CARTESIAN_POINT ( 'NONE',  ( -17.38761475445199878, 56.42338620400760618, 27.58940076187340651 ) ) ;
#2814 = FACE_OUTER_BOUND ( 'NONE', #3939, .T. ) ;
#2815 = CARTESIAN_POINT ( 'NONE',  ( -18.48288752567070858, 79.90477283689725141, 8.491833669733976464 ) ) ;
#2816 = CARTESIAN_POINT ( 'NONE',  ( -23.84277853846589323, 76.63025818925983401, -0.5714042456719421459 ) ) ;
#2817 = ORIENTED_EDGE ( 'NONE', *, *, #108, .F. ) ;
#2818 = CARTESIAN_POINT ( 'NONE',  ( 12.44127739925469456, 35.67476155735983667, 30.03590063052655168 ) ) ;
#2819 = CARTESIAN_POINT ( 'NONE',  ( 29.33869101447623606, 30.74241613242323723, 13.98309984829228370 ) ) ;
#2820 = EDGE_LOOP ( 'NONE', ( #1091, #904, #1540, #257 ) ) ;
#2821 = EDGE_CURVE ( 'NONE', #720, #2378, #3841, .T. ) ;
#2822 = CARTESIAN_POINT ( 'NONE',  ( -2.001726997164020626E-14, 87.00000000000000000, 0.000000000000000000 ) ) ;
#2823 = CARTESIAN_POINT ( 'NONE',  ( 23.28003304440149890, 63.05263157894739834, 44.74958889110784099 ) ) ;
#2824 = CARTESIAN_POINT ( 'NONE',  ( -5.390496214468011082, 85.43051388467314666, 10.33654773540978233 ) ) ;
#2825 = EDGE_LOOP ( 'NONE', ( #1206, #2044, #40, #3544 ) ) ;
#2826 = CARTESIAN_POINT ( 'NONE',  ( 13.83909492506184513, 48.91463863193662576, 38.05386827834909980 ) ) ;
#2827 = CARTESIAN_POINT ( 'NONE',  ( -5.665355420303367140, 62.93925441155953848, 24.55484702086835114 ) ) ;
#2828 = CARTESIAN_POINT ( 'NONE',  ( 7.352677679636265395, 56.52076677316293996, 25.47949122026282609 ) ) ;
#2829 = CARTESIAN_POINT ( 'NONE',  ( 5.402405426102843577, 30.53914585523953207, 32.15121648606765348 ) ) ;
#2830 = CARTESIAN_POINT ( 'NONE',  ( -15.62572378167589449, 61.71720974077543076, 27.86389234180597541 ) ) ;
#2831 = CARTESIAN_POINT ( 'NONE',  ( -4.069750156261928709, 51.68578326021379610, 26.20771079225568201 ) ) ;
#2832 = CARTESIAN_POINT ( 'NONE',  ( 16.68419760027129328, 81.36419886385786526, 29.41381124040618644 ) ) ;
#2833 = B_SPLINE_CURVE_WITH_KNOTS ( 'NONE', 3,
 ( #2828, #3120, #1279, #2523, #2544, #2257, #326, #3512, #971, #2216, #3801, #1566, #2810, #1259, #2505, #3160, #954, #1893, #178, #774 ),
 .UNSPECIFIED., .F., .F.,
 ( 4, 2, 2, 2, 2, 2, 2, 2, 2, 4 ),
 ( 0.000000000000000000, 0.001287664445509031138, 0.002575328891018062276, 0.003862993336527093414, 0.005150657782036124552, 0.006438322227545156123, 0.007725986673054186828, 0.009013651118563217532, 0.009657483341317734185, 0.01030131556407224910 ),
 .UNSPECIFIED. ) ;
#2834 = CARTESIAN_POINT ( 'NONE',  ( -27.63004072910579723, 71.08296730005045561, -4.614373515982588714 ) ) ;
#2835 = EDGE_LOOP ( 'NONE', ( #606, #3688, #2519, #1453, #989 ) ) ;
#2836 = CARTESIAN_POINT ( 'NONE',  ( 12.50365650197777434, 38.83142904232612125, 30.18649710632918115 ) ) ;
#2837 = CARTESIAN_POINT ( 'NONE',  ( -15.99905160023984685, 58.46928052849560942, 31.06931413924654706 ) ) ;
#2838 = AXIS2_PLACEMENT_3D ( 'NONE', #3903, #197, #2055 ) ;
#2839 = ORIENTED_EDGE ( 'NONE', *, *, #3252, .T. ) ;
#2840 = CARTESIAN_POINT ( 'NONE',  ( 65.88910685590401783, 52.94736842105261587, 44.41955100919736310 ) ) ;
#2841 = CARTESIAN_POINT ( 'NONE',  ( 55.15432893255080415, 58.00000000000000711, 55.15432893255061231 ) ) ;
#2842 = CARTESIAN_POINT ( 'NONE',  ( -0.7240319369104802893, 23.99999999999831601, 32.50000000000057554 ) ) ;
#2843 = EDGE_CURVE ( 'NONE', #2515, #1766, #1064, .T. ) ;
#2844 = CARTESIAN_POINT ( 'NONE',  ( -8.055045981029799407, 82.93807305614993197, 16.60819378199939678 ) ) ;
#2845 = ORIENTED_EDGE ( 'NONE', *, *, #70, .F. ) ;
#2846 = CARTESIAN_POINT ( 'NONE',  ( 13.98249857361757620, 49.34551297190019170, 39.34197376318986272 ) ) ;
#2847 = CARTESIAN_POINT ( 'NONE',  ( 0.9845195173848307890, 65.45145945386843778, 24.18324358345054037 ) ) ;
#2848 = DIRECTION ( 'NONE',  ( 1.000000000000000000, 0.000000000000000000, 0.000000000000000000 ) ) ;
#2849 =( NAMED_UNIT ( * ) PLANE_ANGLE_UNIT ( ) SI_UNIT ( $, .RADIAN. ) );
#2850 = CARTESIAN_POINT ( 'NONE',  ( -19.59760974332426997, 53.24280020861822749, 17.87246735098921135 ) ) ;
#2851 = CARTESIAN_POINT ( 'NONE',  ( 31.34796341847151524, 58.01489550520287963, 8.674488705009308021 ) ) ;
#2852 = CARTESIAN_POINT ( 'NONE',  ( -5.392452111698711192, 52.77001253532669978, 25.96669341913803208 ) ) ;
#2853 = CARTESIAN_POINT ( 'NONE',  ( 1.930164198908042250, 87.00000000000000000, 3.402829837535428670 ) ) ;
#2854 = CARTESIAN_POINT ( 'NONE',  ( -28.13007613789025285, 70.13569704229205115, -4.954653313544037374 ) ) ;
#2855 = VERTEX_POINT ( 'NONE', #1953 ) ;
#2856 = DIRECTION ( 'NONE',  ( 1.000000000000000000, 0.000000000000000000, 0.000000000000000000 ) ) ;
#2857 = DIRECTION ( 'NONE',  ( 0.7071067811865463515, 0.000000000000000000, -0.7071067811865489050 ) ) ;
#2858 = VERTEX_POINT ( 'NONE', #2915 ) ;
#2859 = CARTESIAN_POINT ( 'NONE',  ( 12.40309193435168567, 34.49998456115274337, 30.04021761493399723 ) ) ;
#2860 = CARTESIAN_POINT ( 'NONE',  ( 0.000000000000000000, 12.00000000000000355, 0.000000000000000000 ) ) ;
#2861 = CIRCLE ( 'NONE', #1559, 16.00000000000001421 ) ;
#2862 = CARTESIAN_POINT ( 'NONE',  ( 23.93382986019139125, 61.54344710314081368, 46.00633705246869454 ) ) ;
#2863 = CARTESIAN_POINT ( 'NONE',  ( 12.33478067921891075, 34.26315789473685669, 30.06830865871187797 ) ) ;
#2864 = CARTESIAN_POINT ( 'NONE',  ( -6.563501975788251563, 84.57932079713498297, 12.87468692498060463 ) ) ;
#2865 = EDGE_LOOP ( 'NONE', ( #2551, #1396, #2639, #3561 ) ) ;
#2866 = CIRCLE ( 'NONE', #2414, 5.000000000000004441 ) ;
#2867 = EDGE_CURVE ( 'NONE', #2658, #1329, #1912, .T. ) ;
#2868 = CARTESIAN_POINT ( 'NONE',  ( -16.30136824448673849, 57.47516217409144446, 28.11610558661421777 ) ) ;
#2869 = AXIS2_PLACEMENT_3D ( 'NONE', #918, #3124, #4054 ) ;
#2870 = CARTESIAN_POINT ( 'NONE',  ( -0.9874607863585417311, 65.43884482460481422, 24.18511953411555382 ) ) ;
#2871 = CARTESIAN_POINT ( 'NONE',  ( 0.000000000000000000, 77.00000000000000000, 53.00000000000000000 ) ) ;
#2872 = DIRECTION ( 'NONE',  ( 0.6916548014802254007, -0.2079116908177597867, -0.6916548014802256228 ) ) ;
#2873 = CYLINDRICAL_SURFACE ( 'NONE', #2536, 5.000000000000012434 ) ;
#2874 = CARTESIAN_POINT ( 'NONE',  ( -7.975149478213431564, 32.89915864970329551, 31.65883220298722023 ) ) ;
#2875 = CARTESIAN_POINT ( 'NONE',  ( 13.27586112745766123, 46.98528933053756163, 32.05076398607043586 ) ) ;
#2876 = CARTESIAN_POINT ( 'NONE',  ( 11.03017792229282179, 78.43179515085465425, 26.62920513539022238 ) ) ;
#2877 = CARTESIAN_POINT ( 'NONE',  ( -27.94521969427626829, 71.01805044817335499, -2.945448590189272853 ) ) ;
#2878 = ORIENTED_EDGE ( 'NONE', *, *, #3119, .T. ) ;
#2879 = DIRECTION ( 'NONE',  ( -0.000000000000000000, -1.000000000000000000, -0.000000000000000000 ) ) ;
#2880 = EDGE_CURVE ( 'NONE', #2991, #1194, #3254, .T. ) ;
#2881 = CARTESIAN_POINT ( 'NONE',  ( 13.83602508331929215, 47.30704278194527745, 32.65079965339556622 ) ) ;
#2882 = ADVANCED_FACE ( 'NONE', ( #2339 ), #2993, .T. ) ;
#2883 = ORIENTED_EDGE ( 'NONE', *, *, #1372, .T. ) ;
#2884 = CARTESIAN_POINT ( 'NONE',  ( -2.001726997164020626E-14, 87.00000000000000000, 0.000000000000000000 ) ) ;
#2885 = CARTESIAN_POINT ( 'NONE',  ( 55.15432893255080415, 39.00000000000000711, 55.15432893255061231 ) ) ;
#2886 = CARTESIAN_POINT ( 'NONE',  ( -5.548722126470690519, 25.41171032760430748, 32.02879397582259458 ) ) ;
#2887 = CARTESIAN_POINT ( 'NONE',  ( -33.58898631992344974, 58.00000000000000711, -33.58898631992332895 ) ) ;
#2888 = B_SPLINE_CURVE_WITH_KNOTS ( 'NONE', 3,
 ( #3323, #260, #2994, #1440, #4021, #2682, #3983, #3059, #831, #1153, #2401, #2095, #3348, #3673 ),
 .UNSPECIFIED., .F., .F.,
 ( 4, 2, 2, 2, 2, 2, 4 ),
 ( 0.000000000000000000, 0.002578367489540499529, 0.003867551234310749077, 0.005156734979080999058, 0.007735102468621518970, 0.009024286213391786299, 0.01031346995816205536 ),
 .UNSPECIFIED. ) ;
#2889 = FACE_OUTER_BOUND ( 'NONE', #3420, .T. ) ;
#2890 = VERTEX_POINT ( 'NONE', #3591 ) ;
#2891 = CARTESIAN_POINT ( 'NONE',  ( -24.23584135197165068, 51.13015727120978227, 21.74004295850125956 ) ) ;
#2892 = DIRECTION ( 'NONE',  ( 1.000000000000000000, 0.000000000000000000, 0.000000000000000000 ) ) ;
#2893 = PLANE ( 'NONE',  #2082 ) ;
#2894 = CARTESIAN_POINT ( 'NONE',  ( 0.000000000000000000, 0.000000000000000000, 0.000000000000000000 ) ) ;
#2895 = CARTESIAN_POINT ( 'NONE',  ( -25.03158290880296377, 50.16205486844270212, 8.779768675363788688 ) ) ;
#2896 = CARTESIAN_POINT ( 'NONE',  ( 31.67927469333137935, 51.36842105263156100, 7.257654917702714314 ) ) ;
#2897 = DIRECTION ( 'NONE',  ( 1.000000000000000000, 0.000000000000000000, 0.000000000000000000 ) ) ;
#2898 = CARTESIAN_POINT ( 'NONE',  ( 9.231773109451793857, 85.68705157031175190, 16.27537854449188259 ) ) ;
#2899 = B_SPLINE_CURVE_WITH_KNOTS ( 'NONE', 3,
 ( #2651, #2349, #3640, #3583, #1102, #801, #3874, #3948, #1140, #1368, #2963, #1680, #2945, #2370, #2671, #1408, #2926, #839, #457, #1066, #2632, #3912, #2312, #2026, #2081, #3602, #1122, #3620, #3562, #126, #476, #514, #186, #763, #2045, #494, #3335, #146, #3931, #1742, #2984, #820, #2008, #2063 ),
 .UNSPECIFIED., .F., .F.,
 ( 4, 2, 2, 2, 2, 2, 2, 2, 2, 2, 2, 2, 2, 2, 2, 2, 2, 2, 2, 2, 2, 4 ),
 ( 0.000000000000000000, 0.001264095663060945578, 0.002528191326121891156, 0.005056382652243797925, 0.006320478315304744153, 0.007584573978365689514, 0.01011276530448757156, 0.01137686096754850565, 0.01264095663060943973, 0.01516914795673129576, 0.01769733928285315006, 0.02022553060897500435, 0.02275372193509685864, 0.02401781759815778752, 0.02528191326121871293, 0.02781010458734056029, 0.03033829591346240764, 0.03286648723958425500, 0.03539467856570609888, 0.03665877422876703123, 0.03792286989182796358, 0.04045106121794982829 ),
 .UNSPECIFIED. ) ;
#2900 = ADVANCED_FACE ( 'NONE', ( #1439 ), #3612, .F. ) ;
#2901 = CARTESIAN_POINT ( 'NONE',  ( -28.91903531730352128, 68.48093197870053928, -5.335899764279184332 ) ) ;
#2902 = ORIENTED_EDGE ( 'NONE', *, *, #1738, .T. ) ;
#2903 = DIRECTION ( 'NONE',  ( 0.7071067811865487940, -0.000000000000000000, 0.7071067811865463515 ) ) ;
#2904 = CARTESIAN_POINT ( 'NONE',  ( 17.82326951104122514, 35.84210526315793999, 31.24174191523269783 ) ) ;
#2905 = VERTEX_POINT ( 'NONE', #773 ) ;
#2906 = DIRECTION ( 'NONE',  ( -0.000000000000000000, -0.000000000000000000, 1.000000000000000000 ) ) ;
#2907 = DIRECTION ( 'NONE',  ( -0.9488292830168389980, 0.3157894736842114525, 0.000000000000000000 ) ) ;
#2908 = CARTESIAN_POINT ( 'NONE',  ( -31.01919749045916319, 62.96687571405655603, -5.265920218937475639 ) ) ;
#2909 = AXIS2_PLACEMENT_3D ( 'NONE', #594, #1834, #3713 ) ;
#2910 = CARTESIAN_POINT ( 'NONE',  ( -17.26869295090648748, 51.36842105263163916, 27.53256696654549884 ) ) ;
#2911 = ORIENTED_EDGE ( 'NONE', *, *, #232, .F. ) ;
#2912 = VECTOR ( 'NONE', #861, 1000.000000000000000 ) ;
#2913 = EDGE_CURVE ( 'NONE', #1557, #3469, #2936, .T. ) ;
#2914 = CARTESIAN_POINT ( 'NONE',  ( -31.45055964120467706, 46.60913925408740965, 8.238175775382018173 ) ) ;
#2916 = B_SPLINE_CURVE_WITH_KNOTS ( 'NONE', 3,
 ( #2527, #3538, #2508, #56, #100, #3825, #2262, #1587, #3783, #2831, #3184, #1917, #2852, #2548, #433, #1674, #1304, #1935, #1283, #977 ),
 .UNSPECIFIED., .F., .F.,
 ( 4, 2, 2, 2, 2, 2, 2, 2, 2, 4 ),
 ( 0.01030131556407224910, 0.01158829988161545754, 0.01223179204038706350, 0.01287528419915867119, 0.01416226851670189350, 0.01544925283424511409, 0.01673623715178833640, 0.01802322146933155872, 0.01931020578687477757, 0.02059719010441799988 ),
 .UNSPECIFIED. ) ;
#2915 = CARTESIAN_POINT ( 'NONE',  ( -7.352677679636265395, 56.52076677316293996, 25.47949122026282964 ) ) ;
#2917 = CARTESIAN_POINT ( 'NONE',  ( -21.83543507335332379, 59.21909923915152518, 28.85357773670765269 ) ) ;
#2918 = LINE ( 'NONE', #3223, #2003 ) ;
#2919 = CARTESIAN_POINT ( 'NONE',  ( -22.93516004175258161, 50.53794176475393130, 13.31688851536541307 ) ) ;
#2920 =( BOUNDED_CURVE ( )  B_SPLINE_CURVE ( 3, ( #2387, #1740, #1799, #1467 ),
 .UNSPECIFIED., .F., .T. ) 
 B_SPLINE_CURVE_WITH_KNOTS ( ( 4, 4 ),
 ( 1.960086412494430608, 2.130983059017995895 ),
 .UNSPECIFIED. ) 
 CURVE ( )  GEOMETRIC_REPRESENTATION_ITEM ( )  RATIONAL_B_SPLINE_CURVE ( ( 1.000000000000000000, 0.9975676751756321625, 0.9975676751756321625, 1.000000000000000000 ) ) 
 REPRESENTATION_ITEM ( '' )  );
#2921 = CARTESIAN_POINT ( 'NONE',  ( 15.72472664194133785, 54.58025683347843682, 49.82623842470425757 ) ) ;
#2922 = CARTESIAN_POINT ( 'NONE',  ( 25.73463213636245683, 29.04414200239225963, 27.26072867960367674 ) ) ;
#2923 = CARTESIAN_POINT ( 'NONE',  ( 7.750360263155560148, 83.34058116727170784, 28.06653729087414817 ) ) ;
#2924 = CARTESIAN_POINT ( 'NONE',  ( -16.86774263123000495, 79.60161811743965643, 11.98939496673446037 ) ) ;
#2925 = ORIENTED_EDGE ( 'NONE', *, *, #3224, .F. ) ;
#2926 = CARTESIAN_POINT ( 'NONE',  ( -34.11477717063481663, 51.39594917708261335, 9.217358094223977005 ) ) ;
#2927 =( BOUNDED_SURFACE ( )  B_SPLINE_SURFACE ( 3, 2, ( 
 ( #730, #1949, #426 ),
 ( #789, #3278, #1395 ),
 ( #3918, #3257, #2620 ),
 ( #2910, #3547, #403 ) ),
 .UNSPECIFIED., .F., .F., .T. ) 
 B_SPLINE_SURFACE_WITH_KNOTS ( ( 4, 4 ),
 ( 3, 3 ),
 ( 1.960086412494429720, 2.130983059017995451 ),
 ( 0.000000000000000000, 1.000000000000000000 ),
 .UNSPECIFIED. ) 
 GEOMETRIC_REPRESENTATION_ITEM ( )  RATIONAL_B_SPLINE_SURFACE ( (
 ( 1.000000000000000000, 0.8246547166311788413, 1.000000000000000000),
 ( 1.000000000000000000, 0.8398147048842790063, 1.000000000000000000),
 ( 1.000000000000000000, 0.8540242749848656612, 1.000000000000000000),
 ( 1.000000000000000000, 0.8672240554360043374, 1.000000000000000000) ) ) 
 REPRESENTATION_ITEM ( '' )  SURFACE ( )  );
#2928 = CARTESIAN_POINT ( 'NONE',  ( 31.24174191523274047, 35.84210526315789025, 17.82326951104112567 ) ) ;
#2929 = ORIENTED_EDGE ( 'NONE', *, *, #1996, .T. ) ;
#2930 = DIRECTION ( 'NONE',  ( -0.000000000000000000, 0.000000000000000000, 1.000000000000000000 ) ) ;
#2931 = CARTESIAN_POINT ( 'NONE',  ( 12.53949788866090032, 34.26315789473686380, 29.98351201410983435 ) ) ;
#2932 = CARTESIAN_POINT ( 'NONE',  ( -9.659709338910024812, 74.41349357476640591, 29.21510682782372115 ) ) ;
#2933 = ORIENTED_EDGE ( 'NONE', *, *, #1171, .F. ) ;
#2934 = VECTOR ( 'NONE', #3821, 1000.000000000000000 ) ;
#2935 = CARTESIAN_POINT ( 'NONE',  ( -31.47717237198381213, 50.09566583202827417, 8.195541417475615376 ) ) ;
#2936 = LINE ( 'NONE', #2642, #3105 ) ;
#2937 = DIRECTION ( 'NONE',  ( 0.000000000000000000, 0.000000000000000000, 1.000000000000000000 ) ) ;
#2938 = CARTESIAN_POINT ( 'NONE',  ( -40.29822252201920918, 35.84210526315791157, -26.87975011782755530 ) ) ;
#2939 = CARTESIAN_POINT ( 'NONE',  ( -29.99267283416076069, 69.60177280562159297, -2.455637802850521911 ) ) ;
#2940 = CIRCLE ( 'NONE', #3464, 47.50000000000000711 ) ;
#2941 = CARTESIAN_POINT ( 'NONE',  ( 30.99196977209155079, 33.92983731797919944, 18.78002635879434123 ) ) ;
#2942 = CARTESIAN_POINT ( 'NONE',  ( -8.373388111207626494, 33.50898061122037319, 35.33732390470166962 ) ) ;
#2943 = CARTESIAN_POINT ( 'NONE',  ( -20.93815399319195336, 78.32642847868476110, 7.586486289121348925 ) ) ;
#2944 = VERTEX_POINT ( 'NONE', #2603 ) ;
#2945 = CARTESIAN_POINT ( 'NONE',  ( -34.28376995043560527, 52.58642216046134621, 6.560576703300790236 ) ) ;
#2946 = CARTESIAN_POINT ( 'NONE',  ( -15.55730053487855535, 54.21368274506103546, 28.65904091811258070 ) ) ;
#2947 = ORIENTED_EDGE ( 'NONE', *, *, #1185, .T. ) ;
#2948 = CARTESIAN_POINT ( 'NONE',  ( 24.21976598438540051, 24.13863513132177729, 21.67440599027143477 ) ) ;
#2949 = CARTESIAN_POINT ( 'NONE',  ( 21.27570320139994564, 29.26438005728071801, 24.60761096830030326 ) ) ;
#2950 = EDGE_CURVE ( 'NONE', #864, #691, #1986, .T. ) ;
#2951 = CARTESIAN_POINT ( 'NONE',  ( -18.78688605022983182, 70.22101232812248384, 26.55433795347001791 ) ) ;
#2952 = EDGE_LOOP ( 'NONE', ( #1406, #3481, #1595, #2530, #323, #642, #3386 ) ) ;
#2953 = CARTESIAN_POINT ( 'NONE',  ( -32.29870903194389342, 49.79237680555951329, 16.63358952479358166 ) ) ;
#2954 = CARTESIAN_POINT ( 'NONE',  ( -15.51826675585874682, 62.04007792118592590, 30.90838276207850654 ) ) ;
#2955 = CARTESIAN_POINT ( 'NONE',  ( 19.92541494335362984, 64.63157894736845321, 48.10420699215573848 ) ) ;
#2956 = CARTESIAN_POINT ( 'NONE',  ( 16.74703358999865799, 65.48782459330624306, 17.44556632226506565 ) ) ;
#2957 = EDGE_CURVE ( 'NONE', #864, #981, #1689, .T. ) ;
#2958 = CARTESIAN_POINT ( 'NONE',  ( -18.90265701199952630, 74.95731316808613087, 22.33186766767322240 ) ) ;
#2959 = CARTESIAN_POINT ( 'NONE',  ( 30.69490648101014330, 32.66772635633673616, 19.72557707889051315 ) ) ;
#2960 = CYLINDRICAL_SURFACE ( 'NONE', #3010, 9.999999999999998224 ) ;
#2961 = CARTESIAN_POINT ( 'NONE',  ( -19.13132634434841606, 75.92310971396513253, 20.96144038277554955 ) ) ;
#2962 = ORIENTED_EDGE ( 'NONE', *, *, #2424, .F. ) ;
#2963 = CARTESIAN_POINT ( 'NONE',  ( -34.26097911035797949, 53.63751779226736005, 4.776535491545495837 ) ) ;
#2964 = CARTESIAN_POINT ( 'NONE',  ( 32.61185590930745093, 61.39919220921314036, 10.46808709537303095 ) ) ;
#2965 = CARTESIAN_POINT ( 'NONE',  ( -13.21700253109509049, 68.95451638849942810, 26.00744654555735380 ) ) ;
#2966 =( BOUNDED_SURFACE ( )  B_SPLINE_SURFACE ( 3, 2, ( 
 ( #729, #3292, #2863 ),
 ( #69, #2578, #3623 ),
 ( #3935, #3195, #2085 ),
 ( #189, #1452, #2048 ) ),
 .UNSPECIFIED., .F., .F., .F. ) 
 B_SPLINE_SURFACE_WITH_KNOTS ( ( 4, 4 ),
 ( 3, 3 ),
 ( 1.960086412494429720, 2.072916814827335585 ),
 ( 0.000000000000000000, 1.000000000000000000 ),
 .UNSPECIFIED. ) 
 GEOMETRIC_REPRESENTATION_ITEM ( )  RATIONAL_B_SPLINE_SURFACE ( (
 ( 1.000000000000000000, 0.8246547166311788413, 1.000000000000000000),
 ( 1.000000000000000000, 0.8346636526279122004, 1.000000000000000000),
 ( 1.000000000000000000, 0.8442585452015537451, 1.000000000000000000),
 ( 1.000000000000000000, 0.8534218316833624973, 1.000000000000000000) ) ) 
 REPRESENTATION_ITEM ( '' )  SURFACE ( )  );
#2967 = ORIENTED_EDGE ( 'NONE', *, *, #49, .T. ) ;
#2968 = CARTESIAN_POINT ( 'NONE',  ( 1.288881205652891326, 86.97527452241580193, 0.1319494127657750981 ) ) ;
#2969 = CARTESIAN_POINT ( 'NONE',  ( 23.27200008486724059, 29.85991145373657218, 29.05598550677734337 ) ) ;
#2970 = CARTESIAN_POINT ( 'NONE',  ( -18.75190175290371997, 70.66528365608270690, 26.26761128831767067 ) ) ;
#2971 = VERTEX_POINT ( 'NONE', #486 ) ;
#2972 = EDGE_CURVE ( 'NONE', #2246, #3035, #1249, .T. ) ;
#2973 = CARTESIAN_POINT ( 'NONE',  ( -30.07898255428199263, 49.00656415826383494, 12.35543186451335806 ) ) ;
#2974 = CARTESIAN_POINT ( 'NONE',  ( -15.39081248104305644, 62.42303035712343018, 31.22672632187950015 ) ) ;
#2975 = CARTESIAN_POINT ( 'NONE',  ( -17.73544573244229028, 57.70213038558044616, 27.52417558098549932 ) ) ;
#2976 =( NAMED_UNIT ( * ) SI_UNIT ( $, .STERADIAN. ) SOLID_ANGLE_UNIT ( ) );
#2977 = AXIS2_PLACEMENT_3D ( 'NONE', #3168, #2879, #22 ) ;
#2978 = DIRECTION ( 'NONE',  ( -0.9488292830168389980, -0.3157894736842110639, 0.000000000000000000 ) ) ;
#2979 = CARTESIAN_POINT ( 'NONE',  ( 27.92113944378523271, 29.21101766822753376, 24.93414978541231619 ) ) ;
#2980 = CARTESIAN_POINT ( 'NONE',  ( 9.111788493619204843, 81.12832579678421041, 32.99670503815438138 ) ) ;
#2981 = CARTESIAN_POINT ( 'NONE',  ( -18.81674911568042319, 74.31683356822244946, 23.07344280139826509 ) ) ;
#2982 = CARTESIAN_POINT ( 'NONE',  ( 1.047766504391188347, 29.04950349543781130, 32.49000891107557010 ) ) ;
#2983 = ORIENTED_EDGE ( 'NONE', *, *, #2691, .T. ) ;
#2984 = CARTESIAN_POINT ( 'NONE',  ( -23.04949345365026403, 56.70396048503835829, 28.03364686919737991 ) ) ;
#2985 = CARTESIAN_POINT ( 'NONE',  ( 31.05916956119749983, 62.25255426940366021, 6.147972755795011679 ) ) ;
#2986 = CARTESIAN_POINT ( 'NONE',  ( 14.34129061622147105, 49.84753605034845947, 34.62293830761480962 ) ) ;
#2987 = CARTESIAN_POINT ( 'NONE',  ( 22.09672272888109035, 61.74033204524668150, 12.87708675211403708 ) ) ;
#2988 = VERTEX_POINT ( 'NONE', #1311 ) ;
#2989 = CARTESIAN_POINT ( 'NONE',  ( 21.93174228457267461, 78.10147251785974731, 4.480294102389990485 ) ) ;
#2990 = CARTESIAN_POINT ( 'NONE',  ( 19.77423791419800025, 29.94529895452515689, 25.88918281901245066 ) ) ;
#2991 = VERTEX_POINT ( 'NONE', #1660 ) ;
#2992 = CARTESIAN_POINT ( 'NONE',  ( -32.19145678839795721, 51.75578522362774692, 4.760290854554551920 ) ) ;
#2993 = CYLINDRICAL_SURFACE ( 'NONE', #2838, 16.00000000000000355 ) ;
#2994 = CARTESIAN_POINT ( 'NONE',  ( -15.65078906320564656, 61.43181795739287310, 31.37415067269956737 ) ) ;
#2995 = SHAPE_DEFINITION_REPRESENTATION ( #1732, #68 ) ;
#2996 = ADVANCED_FACE ( 'NONE', ( #2205 ), #3153, .F. ) ;
#2997 = VECTOR ( 'NONE', #2710, 1000.000000000000000 ) ;
#2998 = CARTESIAN_POINT ( 'NONE',  ( -23.20792742892801286, 78.61022715684636353, 7.935398263311877365 ) ) ;
#2999 = CARTESIAN_POINT ( 'NONE',  ( 29.74896458720142789, 30.61734299034562312, 22.00376401401156912 ) ) ;
#3000 = CIRCLE ( 'NONE', #2281, 32.50000000000000000 ) ;
#3001 = CARTESIAN_POINT ( 'NONE',  ( -7.423114619035233730, 32.29455661661310728, 35.80974739889367697 ) ) ;
#3002 = CARTESIAN_POINT ( 'NONE',  ( -15.74023245673406635, 78.92018167491633562, 14.69999579362758091 ) ) ;
#3003 = CARTESIAN_POINT ( 'NONE',  ( -8.188481022388483410, 27.32375975929627288, 31.45652508519242119 ) ) ;
#3004 = ADVANCED_FACE ( 'NONE', ( #2555 ), #2596, .T. ) ;
#3005 = CARTESIAN_POINT ( 'NONE',  ( 33.27274670493048347, 55.88418096232313559, 10.81857027532718973 ) ) ;
#3006 = AXIS2_PLACEMENT_3D ( 'NONE', #3017, #1232, #1791 ) ;
#3007 = CARTESIAN_POINT ( 'NONE',  ( 56.70804678987824587, 0.7313019390581739776, 53.60061107522317059 ) ) ;
#3008 = CARTESIAN_POINT ( 'NONE',  ( 31.84268415998698387, 58.07215460369925353, 6.060177497802694546 ) ) ;
#3009 = CARTESIAN_POINT ( 'NONE',  ( 23.50763218613514383, 53.40060591186872330, 45.18708689659263911 ) ) ;
#3010 = AXIS2_PLACEMENT_3D ( 'NONE', #1735, #1097, #182 ) ;
#3011 = CARTESIAN_POINT ( 'NONE',  ( 21.36098329688586617, 62.93443671050244603, 13.36576090979412612 ) ) ;
#3012 = ORIENTED_EDGE ( 'NONE', *, *, #1246, .F. ) ;
#3013 = ADVANCED_FACE ( 'NONE', ( #3856 ), #1925, .F. ) ;
#3014 = CARTESIAN_POINT ( 'NONE',  ( 5.124790766285695298, 86.60689165930558886, 0.5408982140946447803 ) ) ;
#3015 = CARTESIAN_POINT ( 'NONE',  ( 18.16194011703988664, 25.82045270851207874, 26.95342175572175947 ) ) ;
#3016 = VERTEX_POINT ( 'NONE', #1905 ) ;
#3017 = CARTESIAN_POINT ( 'NONE',  ( 0.000000000000000000, 12.00000000000000000, 0.000000000000000000 ) ) ;
#3018 = B_SPLINE_CURVE_WITH_KNOTS ( 'NONE', 3,
 ( #1071, #2318, #3568, #770, #483, #2951, #2970, #709, #1714, #3594, #2364, #3577, #2958, #3557, #508, #3537, #1079, #1116, #795, #3283, #2608, #1755, #140, #757, #1693, #2001, #200, #2998, #3614, #180, #1385, #1672, #1442, #2626, #3304, #3942, #814, #1420, #3226, #3869, #3244, #2684, #120, #2286, #2939, #738, #2056, #2663, #3887, #471, #2326, #3924, #1981, #452 ),
 .UNSPECIFIED., .F., .F.,
 ( 4, 2, 2, 2, 2, 2, 2, 2, 2, 2, 2, 2, 2, 2, 2, 2, 2, 2, 2, 2, 2, 2, 2, 2, 2, 2, 4 ),
 ( 0.006604230111677723489, 0.009783690513502696362, 0.01137342071441518367, 0.01296315091532767097, 0.01455288111624015654, 0.01614261131715264558, 0.01932207171897764447, 0.02091180191989015433, 0.02250153212080266418, 0.02568099252262766308, 0.02727072272354016252, 0.02886045292445265503, 0.03203991332627765393, 0.03362964352719014643, 0.03521937372810264588, 0.03680910392901514533, 0.03839883412992764478, 0.04157829453175264367, 0.04316802473266515006, 0.04475775493357765644, 0.04634748513449016977, 0.04793721533540267615, 0.05111667573722773056, 0.05270640593814025776, 0.05429613613905277802, 0.05588586633996529829, 0.05747559654087781855 ),
 .UNSPECIFIED. ) ;
#3019 = CARTESIAN_POINT ( 'NONE',  ( 3.979765745884743300, 86.81551395911650104, 1.186022383562987281 ) ) ;
#3020 = VERTEX_POINT ( 'NONE', #2840 ) ;
#3021 = DIRECTION ( 'NONE',  ( 1.000000000000000000, 0.000000000000000000, 0.000000000000000000 ) ) ;
#3022 = CARTESIAN_POINT ( 'NONE',  ( 29.98351201410986988, 34.26315789473684248, 12.53949788866080972 ) ) ;
#3023 = CARTESIAN_POINT ( 'NONE',  ( -9.488292830168388647, 35.84210526315791157, 34.69420229851370863 ) ) ;
#3024 = CARTESIAN_POINT ( 'NONE',  ( -13.33912230638360263, 73.21602048840769328, 23.04436678521740234 ) ) ;
#3025 = CARTESIAN_POINT ( 'NONE',  ( 1.038627346031688603, 29.05055885014532180, 37.46971853598023472 ) ) ;
#3026 = CARTESIAN_POINT ( 'NONE',  ( 31.18006489334717912, 53.19632440761877490, 9.554210996386775179 ) ) ;
#3027 = DIRECTION ( 'NONE',  ( -0.6916548014802255118, 0.2079116908177598144, 0.6916548014802256228 ) ) ;
#3028 = CARTESIAN_POINT ( 'NONE',  ( 12.47133116937919262, 34.49998456115277179, 30.01195199829963300 ) ) ;
#3029 = EDGE_CURVE ( 'NONE', #1612, #2855, #1144, .T. ) ;
#3030 = CARTESIAN_POINT ( 'NONE',  ( 14.49022353304559374, 51.20388153342485538, 45.91452360507739883 ) ) ;
#3031 = CARTESIAN_POINT ( 'NONE',  ( -30.70382594426122935, 63.95488403730448113, -5.430317902822534570 ) ) ;
#3032 = ORIENTED_EDGE ( 'NONE', *, *, #1865, .F. ) ;
#3033 = CARTESIAN_POINT ( 'NONE',  ( 29.60583054515310408, 31.89520627765040572, 13.40779069655785882 ) ) ;
#3034 = CARTESIAN_POINT ( 'NONE',  ( 12.75556536971112997, 33.51196020658534991, 29.89314976030972559 ) ) ;
#3035 = VERTEX_POINT ( 'NONE', #1048 ) ;
#3036 = DIRECTION ( 'NONE',  ( 0.000000000000000000, 0.000000000000000000, 1.000000000000000000 ) ) ;
#3037 = CARTESIAN_POINT ( 'NONE',  ( -4.336808689942017736E-16, 58.00000000000000711, -47.50200000000000244 ) ) ;
#3038 = CARTESIAN_POINT ( 'NONE',  ( 23.28003304440149535, 52.94736842105263719, 44.74958889110783389 ) ) ;
#3039 = ORIENTED_EDGE ( 'NONE', *, *, #318, .F. ) ;
#3040 = CARTESIAN_POINT ( 'NONE',  ( -9.078357951363770439, 81.23012559537924915, 19.80011734407661805 ) ) ;
#3041 = DIRECTION ( 'NONE',  ( 0.7071067811865487940, 0.000000000000000000, 0.7071067811865463515 ) ) ;
#3042 = CARTESIAN_POINT ( 'NONE',  ( -32.40992756292653354, 56.22558601846673554, -2.427639483949994847 ) ) ;
#3043 = AXIS2_PLACEMENT_3D ( 'NONE', #1591, #2531, #1267 ) ;
#3044 = CARTESIAN_POINT ( 'NONE',  ( -16.99503182272825086, 64.96384545121955512, 26.00302438166045604 ) ) ;
#3045 = CARTESIAN_POINT ( 'NONE',  ( -7.749106111954141340, 32.67400511783878869, 35.65404623540359808 ) ) ;
#3046 = CARTESIAN_POINT ( 'NONE',  ( -13.96719799992273536, 68.27148541647495961, 17.90162818262373179 ) ) ;
#3047 = CARTESIAN_POINT ( 'NONE',  ( 32.32898608879696667, 57.26060168361177460, 9.356942366897314400 ) ) ;
#3048 = CARTESIAN_POINT ( 'NONE',  ( -9.488292830168385095, 80.15789473684210975, -47.50200000000000244 ) ) ;
#3049 = CARTESIAN_POINT ( 'NONE',  ( -31.64380141186956408, 60.73085465388582804, -4.682189214205979333 ) ) ;
#3050 = CARTESIAN_POINT ( 'NONE',  ( -31.62821501873282060, 60.78310668083320678, -4.693700324059523865 ) ) ;
#3051 = VERTEX_POINT ( 'NONE', #726 ) ;
#3052 = EDGE_CURVE ( 'NONE', #1557, #3735, #3479, .T. ) ;
#3053 = CARTESIAN_POINT ( 'NONE',  ( 18.90718929233160495, 50.50008004434129560, 18.59654762119579985 ) ) ;
#3054 = CARTESIAN_POINT ( 'NONE',  ( 30.27341397724507743, 31.54654390528448360, 20.83801998066911665 ) ) ;
#3055 = VERTEX_POINT ( 'NONE', #3465 ) ;
#3056 = CARTESIAN_POINT ( 'NONE',  ( 12.50915922540130154, 59.21919317241417957, 22.98040284624273610 ) ) ;
#3057 =( BOUNDED_SURFACE ( )  B_SPLINE_SURFACE ( 3, 2, ( 
 ( #2549, #3539, #2528 ),
 ( #2853, #3826, #3228 ),
 ( #1631, #1677, #2221 ),
 ( #57, #1654, #3871 ),
 ( #2289, #3847, #3806 ),
 ( #2898, #1019, #1040 ),
 ( #38, #353, #3496 ),
 ( #1305, #1936, #699 ),
 ( #3146, #1918, #2263 ),
 ( #1983, #718, #102 ),
 ( #122, #1962, #2923 ),
 ( #1061, #3165, #1364 ),
 ( #2611, #2876, #3478 ),
 ( #2309, #3208, #3559 ),
 ( #414, #1344, #759 ),
 ( #2832, #680, #1610 ),
 ( #1444, #1136, #2980 ),
 ( #2057, #3927, #222 ),
 ( #3636, #3247, #142 ),
 ( #816, #2383, #490 ) ),
 .UNSPECIFIED., .F., .F., .F. ) 
 B_SPLINE_SURFACE_WITH_KNOTS ( ( 4, 2, 2, 2, 2, 2, 2, 2, 2, 4 ),
 ( 3, 3 ),
 ( 4.712388980384689674, 5.024765914767210795, 5.180954381958471799, 5.337142849149731916, 5.493331316340992920, 5.649519783532253925, 5.727614017127883983, 5.805708250723514041, 5.883802484319144099, 5.961896717914775046 ),
 ( 0.000000000000000000, 1.000000000000000000 ),
 .UNSPECIFIED. ) 
 GEOMETRIC_REPRESENTATION_ITEM ( )  RATIONAL_B_SPLINE_SURFACE ( (
 ( 1.000000000000000000, 1.000000000000000000, 1.000000000000000000),
 ( 1.000000000000000000, 1.000062505086895426, 1.000000000000000000),
 ( 1.000000000000000000, 0.9859531234904900243, 1.000000000000000000),
 ( 1.000000000000000000, 0.9452918618351087154, 1.000000000000000000),
 ( 1.000000000000000000, 0.9285032797746883837, 1.000000000000000000),
 ( 1.000000000000000000, 0.8890983394504022863, 1.000000000000000000),
 ( 1.000000000000000000, 0.8664797284679145450, 1.000000000000000000),
 ( 1.000000000000000000, 0.8163689191433618486, 1.000000000000000000),
 ( 1.000000000000000000, 0.7888717815918708798, 1.000000000000000000),
 ( 1.000000000000000000, 0.7303734796908984972, 1.000000000000000000),
 ( 1.000000000000000000, 0.6993616581550314848, 1.000000000000000000),
 ( 1.000000000000000000, 0.6517195303473475310, 1.000000000000000000),
 ( 1.000000000000000000, 0.6356573257498512319, 1.000000000000000000),
 ( 1.000000000000000000, 0.6035182426169425352, 1.000000000000000000),
 ( 1.000000000000000000, 0.5874405006477633195, 1.000000000000000000),
 ( 1.000000000000000000, 0.5557084166772753298, 1.000000000000000000),
 ( 1.000000000000000000, 0.5400531302904715281, 1.000000000000000000),
 ( 1.000000000000000000, 0.5097229328459231823, 1.000000000000000000),
 ( 1.000000000000000000, 0.4950498066026711719, 1.000000000000000000),
 ( 1.000000000000000000, 0.4812125383690843972, 1.000000000000000000) ) ) 
 REPRESENTATION_ITEM ( '' )  SURFACE ( )  );
#3058 = CARTESIAN_POINT ( 'NONE',  ( 0.000000000000000000, 58.00000000000000711, 78.00000000000000000 ) ) ;
#3059 = CARTESIAN_POINT ( 'NONE',  ( -16.00070399981314750, 57.14408261393042920, 31.06784821031682142 ) ) ;
#3060 = VERTEX_POINT ( 'NONE', #44 ) ;
#3061 = CARTESIAN_POINT ( 'NONE',  ( 55.15432893255080415, 58.00000000000000711, 55.15432893255061231 ) ) ;
#3062 = CARTESIAN_POINT ( 'NONE',  ( -29.92287144671264087, 45.20308694615325606, 12.69116554534828900 ) ) ;
#3063 = CARTESIAN_POINT ( 'NONE',  ( -14.93080682828468753, 60.47012586721159977, 28.35075315974706456 ) ) ;
#3064 = CARTESIAN_POINT ( 'NONE',  ( -6.510865834004345487, 26.01098092799327688, 31.84251614063120783 ) ) ;
#3065 = LINE ( 'NONE', #3373, #2997 ) ;
#3066 = DIRECTION ( 'NONE',  ( -0.000000000000000000, -0.000000000000000000, 1.000000000000000000 ) ) ;
#3067 = AXIS2_PLACEMENT_3D ( 'NONE', #2563, #1301, #3844 ) ;
#3068 = DIRECTION ( 'NONE',  ( -0.000000000000000000, 0.000000000000000000, 1.000000000000000000 ) ) ;
#3069 = DIRECTION ( 'NONE',  ( 0.6916548014802254007, -0.2079116908177597867, -0.6916548014802256228 ) ) ;
#3070 = CARTESIAN_POINT ( 'NONE',  ( -32.49861081333601476, 57.46755813106238264, -1.040238772499774145 ) ) ;
#3071 = AXIS2_PLACEMENT_3D ( 'NONE', #870, #526, #2422 ) ;
#3072 = VERTEX_POINT ( 'NONE', #2574 ) ;
#3073 = CARTESIAN_POINT ( 'NONE',  ( 23.17270923277473926, 56.09450766292527391, 12.89573011597609842 ) ) ;
#3074 = CARTESIAN_POINT ( 'NONE',  ( 24.82231500451976913, 24.30826823484314403, 20.98959117628133697 ) ) ;
#3075 = AXIS2_PLACEMENT_3D ( 'NONE', #572, #632, #910 ) ;
#3076 = VERTEX_POINT ( 'NONE', #1616 ) ;
#3077 = DIRECTION ( 'NONE',  ( 0.7071067811865487940, 0.000000000000000000, 0.7071067811865463515 ) ) ;
#3078 = CARTESIAN_POINT ( 'NONE',  ( -32.51769397738210188, 57.81298309465942253, -1.201768833147242699 ) ) ;
#3079 = EDGE_CURVE ( 'NONE', #2457, #2515, #1404, .T. ) ;
#3080 = FACE_OUTER_BOUND ( 'NONE', #6, .T. ) ;
#3081 = CARTESIAN_POINT ( 'NONE',  ( -15.18126852826942219, 52.94736842105263719, -47.50200000000000244 ) ) ;
#3082 = CARTESIAN_POINT ( 'NONE',  ( -29.37495818031525019, 45.01124250068738775, 13.91262578842258968 ) ) ;
#3083 = CARTESIAN_POINT ( 'NONE',  ( -20.03153811300713727, 63.95576868245615998, 28.91699134860531828 ) ) ;
#3084 = CARTESIAN_POINT ( 'NONE',  ( 11.85269061279887204, 32.78888369103023592, 30.26344307271920187 ) ) ;
#3085 = CARTESIAN_POINT ( 'NONE',  ( -24.52416466448017829, 62.25400239103840505, -6.716382275343688590 ) ) ;
#3086 = DIRECTION ( 'NONE',  ( 1.000000000000000000, 0.000000000000000000, 0.000000000000000000 ) ) ;
#3087 = CARTESIAN_POINT ( 'NONE',  ( -33.58898631992344974, 58.00000000000000711, -33.58898631992332895 ) ) ;
#3088 = CARTESIAN_POINT ( 'NONE',  ( -13.49339955218322018, 74.18002409697713517, 22.13363007801720173 ) ) ;
#3089 = CARTESIAN_POINT ( 'NONE',  ( -33.61365683919196812, 59.39241174870402062, -0.7024188788876621903 ) ) ;
#3090 = VERTEX_POINT ( 'NONE', #2884 ) ;
#3091 = CARTESIAN_POINT ( 'NONE',  ( 17.82326951104121804, 35.84210526315791157, 31.24174191523266941 ) ) ;
#3092 = CARTESIAN_POINT ( 'NONE',  ( 27.87589729480884770, 27.07641590409319221, 16.71115093858735534 ) ) ;
#3093 = ORIENTED_EDGE ( 'NONE', *, *, #1273, .T. ) ;
#3094 = CARTESIAN_POINT ( 'NONE',  ( -32.38021465306368896, 56.98144859971615261, -2.795026863220132274 ) ) ;
#3095 = FACE_OUTER_BOUND ( 'NONE', #3692, .T. ) ;
#3096 = ORIENTED_EDGE ( 'NONE', *, *, #2697, .F. ) ;
#3097 = EDGE_CURVE ( 'NONE', #2049, #2183, #555, .T. ) ;
#3098 = CARTESIAN_POINT ( 'NONE',  ( 33.28148890653714176, 57.38503517176154389, 10.67079151525652847 ) ) ;
#3099 = DIRECTION ( 'NONE',  ( -0.6709236202095755219, 0.3157894736842114525, 0.6709236202095779644 ) ) ;
#3100 = CARTESIAN_POINT ( 'NONE',  ( -16.28467904731195759, 71.34437057007225746, 22.84325539164900931 ) ) ;
#3101 = CARTESIAN_POINT ( 'NONE',  ( 12.33478067921890364, 34.26315789473684248, 30.06830865871188507 ) ) ;
#3102 = CARTESIAN_POINT ( 'NONE',  ( -24.13439294745281671, 63.24459785874152118, -6.865895609990859683 ) ) ;
#3103 = DIRECTION ( 'NONE',  ( 0.7071067811865461294, 0.000000000000000000, -0.7071067811865489050 ) ) ;
#3104 = CARTESIAN_POINT ( 'NONE',  ( 0.000000000000000000, 5.000000000000000000, 0.000000000000000000 ) ) ;
#3105 = VECTOR ( 'NONE', #2681, 1000.000000000000000 ) ;
#3106 = CARTESIAN_POINT ( 'NONE',  ( -13.99731570671031733, 76.09923752876007086, 19.93709494662792991 ) ) ;
#3107 = CARTESIAN_POINT ( 'NONE',  ( 32.06597531836841597, 41.78050589935217118, 15.85242407816267729 ) ) ;
#3108 = CIRCLE ( 'NONE', #4026, 5.000000000000007105 ) ;
#3109 = ORIENTED_EDGE ( 'NONE', *, *, #108, .T. ) ;
#3110 = CARTESIAN_POINT ( 'NONE',  ( 17.66680878054006953, 50.64703596887022741, 19.77864974769637030 ) ) ;
#3111 = CARTESIAN_POINT ( 'NONE',  ( 28.76554230877999174, 28.90506500205925278, 15.13409475056672271 ) ) ;
#3112 = ORIENTED_EDGE ( 'NONE', *, *, #3627, .T. ) ;
#3113 = CARTESIAN_POINT ( 'NONE',  ( 7.487654865313394303, 57.50350551350111061, 25.34012218959754748 ) ) ;
#3114 = CARTESIAN_POINT ( 'NONE',  ( 24.05986291553735512, 61.15970589438515503, 46.24860163184558814 ) ) ;
#3115 = LINE ( 'NONE', #3774, #264 ) ;
#3116 = ORIENTED_EDGE ( 'NONE', *, *, #1947, .T. ) ;
#3117 = CARTESIAN_POINT ( 'NONE',  ( 15.18126852826943463, 52.94736842105261587, 48.10420699215573137 ) ) ;
#3118 = CARTESIAN_POINT ( 'NONE',  ( -32.39801178839018547, 50.06377073065945638, 2.657325419038767844 ) ) ;
#3119 = EDGE_CURVE ( 'NONE', #1832, #2533, #3647, .T. ) ;
#3120 = CARTESIAN_POINT ( 'NONE',  ( 7.266898969989653345, 56.09439506087031901, 25.50424458752414481 ) ) ;
#3121 = CARTESIAN_POINT ( 'NONE',  ( 6.041152540049362862, 30.98216316036868179, 32.05073761814899314 ) ) ;
#3122 = PLANE ( 'NONE',  #3259 ) ;
#3123 = CARTESIAN_POINT ( 'NONE',  ( 31.73195551101042611, 58.98810969992106124, 6.019588938393966693 ) ) ;
#3124 = DIRECTION ( 'NONE',  ( 0.7071067811865487940, 0.000000000000000000, 0.7071067811865463515 ) ) ;
#3125 = CARTESIAN_POINT ( 'NONE',  ( -32.37812303379445211, 57.04155847145282365, -2.811965292899038626 ) ) ;
#3126 = EDGE_CURVE ( 'NONE', #502, #1498, #3170, .T. ) ;
#3127 = CARTESIAN_POINT ( 'NONE',  ( -28.45228065223317770, 69.48525535084232274, -5.135343424852287342 ) ) ;
#3128 = VERTEX_POINT ( 'NONE', #2271 ) ;
#3129 = AXIS2_PLACEMENT_3D ( 'NONE', #3816, #1143, #804 ) ;
#3130 = CARTESIAN_POINT ( 'NONE',  ( 20.71838718527754608, 51.08738246434388230, 16.55843685879673899 ) ) ;
#3131 = CARTESIAN_POINT ( 'NONE',  ( 22.67527149481396620, 29.00048636079287334, 23.28653171822475088 ) ) ;
#3132 = CIRCLE ( 'NONE', #1435, 9.999999999999994671 ) ;
#3133 = EDGE_LOOP ( 'NONE', ( #2134, #3644, #3288, #3894 ) ) ;
#3134 = AXIS2_PLACEMENT_3D ( 'NONE', #723, #1941, #3213 ) ;
#3135 = DIRECTION ( 'NONE',  ( 0.000000000000000000, 0.000000000000000000, 1.000000000000000000 ) ) ;
#3136 = CARTESIAN_POINT ( 'NONE',  ( 16.00097730548808173, 57.64995783318187961, 50.70158155405049172 ) ) ;
#3137 = CARTESIAN_POINT ( 'NONE',  ( -8.655656881274468972, 82.19793268931938712, 14.79349997165855335 ) ) ;
#3138 = VERTEX_POINT ( 'NONE', #3523 ) ;
#3139 = CARTESIAN_POINT ( 'NONE',  ( 14.97391249245595191, 52.32434107155057035, 46.90343406941247650 ) ) ;
#3140 = CARTESIAN_POINT ( 'NONE',  ( 5.550907228145170791, 25.41284265166623868, 32.02842829625556220 ) ) ;
#3141 = DIRECTION ( 'NONE',  ( -0.9525024553690027984, -0.3045309056828564565, 0.000000000000000000 ) ) ;
#3142 = CARTESIAN_POINT ( 'NONE',  ( 7.414530004441198585, 32.27004333480233811, 35.81738198838640130 ) ) ;
#3143 = CARTESIAN_POINT ( 'NONE',  ( -16.01303714471588435, 74.61799476760745620, 6.536551770456997090 ) ) ;
#3144 = CARTESIAN_POINT ( 'NONE',  ( 30.36866635617097643, 62.78106963287822850, 8.771292079111571383 ) ) ;
#3145 = CARTESIAN_POINT ( 'NONE',  ( 26.87730106670731089, 29.00970577672381268, 26.14745939051167056 ) ) ;
#3146 = CARTESIAN_POINT ( 'NONE',  ( 12.36267064236688284, 84.46900070104585723, 21.79507036622002758 ) ) ;
#3147 = CARTESIAN_POINT ( 'NONE',  ( -24.40401524741520589, 75.98036425986413178, -1.313850080722046343 ) ) ;
#3148 = ORIENTED_EDGE ( 'NONE', *, *, #1778, .F. ) ;
#3150 = ADVANCED_FACE ( 'NONE', ( #747 ), #668, .F. ) ;
#3149 = CARTESIAN_POINT ( 'NONE',  ( 13.17816195964988957, 46.51821720023828988, 31.81489733013588506 ) ) ;
#3151 = CARTESIAN_POINT ( 'NONE',  ( -15.82111590779011934, 60.44470492183777566, 28.51358922229230330 ) ) ;
#3152 = ORIENTED_EDGE ( 'NONE', *, *, #2867, .F. ) ;
#3153 = CYLINDRICAL_SURFACE ( 'NONE', #3370, 13.00000000000000178 ) ;
#3154 = CARTESIAN_POINT ( 'NONE',  ( 23.21274376680769791, 57.50350551350111061, 12.62360070591254058 ) ) ;
#3155 = LINE ( 'NONE', #1598, #3334 ) ;
#3156 = CARTESIAN_POINT ( 'NONE',  ( -10.17862443311078557, 82.10450516399113496, 13.86290451737490770 ) ) ;
#3157 = ORIENTED_EDGE ( 'NONE', *, *, #3881, .T. ) ;
#3158 = CARTESIAN_POINT ( 'NONE',  ( -22.36350296254998682, 57.95557113755756262, 28.50337899353960580 ) ) ;
#3159 = CARTESIAN_POINT ( 'NONE',  ( -0.2445486561571562079, 65.50007294714799855, 24.17599306831939288 ) ) ;
#3160 = CARTESIAN_POINT ( 'NONE',  ( 1.077793746533639352, 50.57475390141607363, 26.49810126984619529 ) ) ;
#3161 = DIRECTION ( 'NONE',  ( 0.000000000000000000, 0.000000000000000000, 1.000000000000000000 ) ) ;
#3162 = CARTESIAN_POINT ( 'NONE',  ( -15.85199237839596975, 74.56807133033518653, 7.062228915683573582 ) ) ;
#3163 = CARTESIAN_POINT ( 'NONE',  ( 32.41209621242754224, 62.12836103611648042, 10.50750588568402755 ) ) ;
#3164 = CARTESIAN_POINT ( 'NONE',  ( 21.99276272246510189, 30.63467050796919722, 29.75016391475496746 ) ) ;
#3165 = CARTESIAN_POINT ( 'NONE',  ( 10.91034049890908086, 78.83401999519826120, 26.33989200257602192 ) ) ;
#3166 = CARTESIAN_POINT ( 'NONE',  ( -28.74047948987705325, 72.03964651589664925, -1.453394740374539751 ) ) ;
#3167 = ORIENTED_EDGE ( 'NONE', *, *, #2788, .T. ) ;
#3168 = CARTESIAN_POINT ( 'NONE',  ( 0.000000000000000000, 0.000000000000000000, 0.000000000000000000 ) ) ;
#3169 = CARTESIAN_POINT ( 'NONE',  ( -17.55803022526065860, 63.64165616885426857, 27.35142854924668754 ) ) ;
#3170 = CIRCLE ( 'NONE', #2707, 16.00000000000000000 ) ;
#3171 = EDGE_CURVE ( 'NONE', #421, #2594, #2577, .T. ) ;
#3172 = ORIENTED_EDGE ( 'NONE', *, *, #3789, .F. ) ;
#3173 = CARTESIAN_POINT ( 'NONE',  ( 16.00000000000001421, 58.00000000000000711, 50.69848480983488059 ) ) ;
#3174 = CARTESIAN_POINT ( 'NONE',  ( 0.000000000000000000, 0.000000000000000000, 53.00000000000000000 ) ) ;
#3175 = CARTESIAN_POINT ( 'NONE',  ( -6.762408506054812030, 26.16455615983909055, 31.79468181912993430 ) ) ;
#3176 = CARTESIAN_POINT ( 'NONE',  ( 17.82326951104121804, 35.84210526315791157, 31.24174191523266941 ) ) ;
#3177 = ORIENTED_EDGE ( 'NONE', *, *, #2400, .F. ) ;
#3178 = CARTESIAN_POINT ( 'NONE',  ( -22.04477233595341445, 53.45168148469723235, 24.03131997679176379 ) ) ;
#3179 = CARTESIAN_POINT ( 'NONE',  ( 2.426306141128168559, 65.10101295035713065, 24.23541445979978093 ) ) ;
#3180 = FACE_OUTER_BOUND ( 'NONE', #166, .T. ) ;
#3181 = DIRECTION ( 'NONE',  ( 0.7071067811865475727, 0.000000000000000000, 0.7071067811865473507 ) ) ;
#3182 = FACE_OUTER_BOUND ( 'NONE', #3670, .T. ) ;
#3183 = CARTESIAN_POINT ( 'NONE',  ( -8.884399869464424171, 34.34077099209579842, 31.42549526699127327 ) ) ;
#3184 = CARTESIAN_POINT ( 'NONE',  ( -4.427296743330733086, 51.93108147933678254, 26.14915317746731915 ) ) ;
#3185 = CARTESIAN_POINT ( 'NONE',  ( 17.58705734630046891, 80.15789473684210975, 31.00552975049192383 ) ) ;
#3186 = CARTESIAN_POINT ( 'NONE',  ( -22.72778499718167211, 77.76246161521162037, 1.021156491798599797 ) ) ;
#3187 = ORIENTED_EDGE ( 'NONE', *, *, #2666, .F. ) ;
#3188 = CARTESIAN_POINT ( 'NONE',  ( 12.43721155186544358, 34.61827305196532478, 30.02608480661680801 ) ) ;
#3189 = FACE_OUTER_BOUND ( 'NONE', #4004, .T. ) ;
#3190 = AXIS2_PLACEMENT_3D ( 'NONE', #1384, #695, #776 ) ;
#3191 = EDGE_LOOP ( 'NONE', ( #2783, #3032, #3548, #3297 ) ) ;
#3192 = CARTESIAN_POINT ( 'NONE',  ( 31.90577715734469066, 57.00030550075148739, 6.186392687482395125 ) ) ;
#3193 = VECTOR ( 'NONE', #3355, 1000.000000000000000 ) ;
#3194 = CARTESIAN_POINT ( 'NONE',  ( 16.04314461046354978, 57.33703540007692823, 38.73157730169577206 ) ) ;
#3195 = CARTESIAN_POINT ( 'NONE',  ( 11.89744228428769901, 43.08069850241797383, 30.42036831237501104 ) ) ;
#3196 = CARTESIAN_POINT ( 'NONE',  ( -9.892905474991184889, 75.28440070707615916, 28.20435594721534045 ) ) ;
#3197 = ORIENTED_EDGE ( 'NONE', *, *, #1377, .T. ) ;
#3198 = AXIS2_PLACEMENT_3D ( 'NONE', #1906, #2516, #3135 ) ;
#3199 = EDGE_CURVE ( 'NONE', #3090, #2635, #3849, .T. ) ;
#3200 = CARTESIAN_POINT ( 'NONE',  ( -25.84345764144456936, 53.11601406668332714, 25.84874778248077121 ) ) ;
#3201 = CIRCLE ( 'NONE', #2609, 47.50000000000000711 ) ;
#3202 = CARTESIAN_POINT ( 'NONE',  ( 11.45464482759360614, 31.89715715613460745, 30.41488307318315520 ) ) ;
#3203 = CARTESIAN_POINT ( 'NONE',  ( -15.18126852826942574, 63.05263157894739123, 78.00000000000000000 ) ) ;
#3204 = FACE_OUTER_BOUND ( 'NONE', #2616, .T. ) ;
#3205 = FACE_OUTER_BOUND ( 'NONE', #2127, .T. ) ;
#3206 = FACE_OUTER_BOUND ( 'NONE', #1573, .T. ) ;
#3207 = CARTESIAN_POINT ( 'NONE',  ( 0.000000000000000000, 0.000000000000000000, 53.00000000000000000 ) ) ;
#3208 = CARTESIAN_POINT ( 'NONE',  ( 11.22170224052988452, 77.63120912110349536, 27.09158574199697611 ) ) ;
#3209 = CARTESIAN_POINT ( 'NONE',  ( -26.93989269386480956, 72.30882398607425898, -4.067128428957757613 ) ) ;
#3210 = ORIENTED_EDGE ( 'NONE', *, *, #3426, .T. ) ;
#3211 = CARTESIAN_POINT ( 'NONE',  ( 12.66673451533285011, 41.96152965569335436, 30.58020225789588409 ) ) ;
#3212 =( BOUNDED_SURFACE ( )  B_SPLINE_SURFACE ( 3, 2, ( 
 ( #1204, #863, #2433 ),
 ( #3107, #1164, #1492 ),
 ( #3684, #602, #1531 ),
 ( #2450, #293, #2492 ) ),
 .UNSPECIFIED., .F., .F., .F. ) 
 B_SPLINE_SURFACE_WITH_KNOTS ( ( 4, 4 ),
 ( 3, 3 ),
 ( 1.960086412494429275, 2.130983059017995007 ),
 ( 0.000000000000000000, 1.000000000000000000 ),
 .UNSPECIFIED. ) 
 GEOMETRIC_REPRESENTATION_ITEM ( )  RATIONAL_B_SPLINE_SURFACE ( (
 ( 1.000000000000000000, 0.8246547166311786192, 1.000000000000000000),
 ( 1.000000000000000000, 0.8398147048842776741, 1.000000000000000000),
 ( 1.000000000000000000, 0.8540242749848666604, 1.000000000000000000),
 ( 1.000000000000000000, 0.8672240554360042264, 1.000000000000000000) ) ) 
 REPRESENTATION_ITEM ( '' )  SURFACE ( )  );
#3213 = DIRECTION ( 'NONE',  ( -0.9488292830168389980, -0.3157894736842110639, 0.000000000000000000 ) ) ;
#3214 = ORIENTED_EDGE ( 'NONE', *, *, #1738, .F. ) ;
#3215 = CARTESIAN_POINT ( 'NONE',  ( -17.26869295090646972, 51.36842105263158231, 27.53256696654551661 ) ) ;
#3216 = DIRECTION ( 'NONE',  ( 1.000000000000000000, 0.000000000000000000, -1.224646799147353454E-16 ) ) ;
#3217 = CARTESIAN_POINT ( 'NONE',  ( 23.32763508758263526, 53.02612707861136698, 44.84109098900457013 ) ) ;
#3218 = CARTESIAN_POINT ( 'NONE',  ( -9.948074553818640808, 78.03860635013477065, 24.65311878496315146 ) ) ;
#3219 = ORIENTED_EDGE ( 'NONE', *, *, #560, .F. ) ;
#3220 = CARTESIAN_POINT ( 'NONE',  ( -29.08347502067967127, 48.86584718994293297, 14.51354059215046099 ) ) ;
#3221 = CARTESIAN_POINT ( 'NONE',  ( 11.88879881436657193, 32.88707939195707297, 30.24900766435814958 ) ) ;
#3222 = CARTESIAN_POINT ( 'NONE',  ( -20.09054461484001308, 58.69278356507100369, 27.73086652359295812 ) ) ;
#3223 = CARTESIAN_POINT ( 'NONE',  ( 41.01219330881981051, 39.00000000000000711, 33.94112549695420711 ) ) ;
#3224 = EDGE_CURVE ( 'NONE', #2183, #3725, #530, .T. ) ;
#3225 = CARTESIAN_POINT ( 'NONE',  ( -23.83838243782755839, 50.16942663888256249, 11.68511993100601387 ) ) ;
#3226 = CARTESIAN_POINT ( 'NONE',  ( -27.45606252005555703, 74.20468094510042079, 0.04029635921632149231 ) ) ;
#3227 = CARTESIAN_POINT ( 'NONE',  ( 22.61312969109781079, 30.23374868692196671, 29.42778773604854337 ) ) ;
#3228 = CARTESIAN_POINT ( 'NONE',  ( 1.041331859497917955, 87.00000000000000000, 3.770996247196624296 ) ) ;
#3229 = CARTESIAN_POINT ( 'NONE',  ( -18.82986624735582382, 78.01814607177884398, 12.55322213445415613 ) ) ;
#3230 = EDGE_LOOP ( 'NONE', ( #2839, #3344 ) ) ;
#3231 = CARTESIAN_POINT ( 'NONE',  ( 12.89739825282064167, 44.53726185396583048, 31.13707378128657055 ) ) ;
#3232 = B_SPLINE_CURVE_WITH_KNOTS ( 'NONE', 3,
 ( #978, #998, #2240, #373, #392, #3784, #81, #1588, #2589, #1284 ),
 .UNSPECIFIED., .F., .F.,
 ( 4, 2, 2, 2, 4 ),
 ( -4.029416173128167800E-05, 0.0003892229969226626346, 0.0008187401555766069200, 0.001677774472884497768, 0.003395843107500280331 ),
 .UNSPECIFIED. ) ;
#3233 = CARTESIAN_POINT ( 'NONE',  ( 29.98351201410987343, 34.26315789473682827, 12.53949788866080794 ) ) ;
#3234 = VERTEX_POINT ( 'NONE', #1724 ) ;
#3235 = CARTESIAN_POINT ( 'NONE',  ( 11.49839493846018179, 59.80788319482920201, -11.49839493846022087 ) ) ;
#3236 = FACE_OUTER_BOUND ( 'NONE', #355, .T. ) ;
#3237 = EDGE_LOOP ( 'NONE', ( #1165, #1003, #2983, #194 ) ) ;
#3238 = CIRCLE ( 'NONE', #109, 26.35526092236220208 ) ;
#3239 = CARTESIAN_POINT ( 'NONE',  ( -26.86594098311228151, 45.14812846795606305, 18.29447607123676178 ) ) ;
#3240 = CARTESIAN_POINT ( 'NONE',  ( 22.59217640635047175, 52.30182407704471359, 43.75788826471968918 ) ) ;
#3241 = CYLINDRICAL_SURFACE ( 'NONE', #1431, 16.00000000000001421 ) ;
#3242 = SURFACE_SIDE_STYLE ('',( #2606 ) ) ;
#3243 = CARTESIAN_POINT ( 'NONE',  ( -19.93376610239118207, 52.86191719571587555, 17.49841018486503330 ) ) ;
#3244 = CARTESIAN_POINT ( 'NONE',  ( -28.15468238670438694, 73.07365266404639215, -0.8334767902618719360 ) ) ;
#3245 = CARTESIAN_POINT ( 'NONE',  ( 4.082519809873769390, 86.80111188723967075, 0.8092367638749756731 ) ) ;
#3246 = EDGE_CURVE ( 'NONE', #376, #2227, #3294, .T. ) ;
#3247 = CARTESIAN_POINT ( 'NONE',  ( 11.30537465627247151, 75.14148486767891200, 27.29358882288273946 ) ) ;
#3248 = CARTESIAN_POINT ( 'NONE',  ( -17.19143087101900136, 76.01395838549488815, 17.57312416924775889 ) ) ;
#3249 = ORIENTED_EDGE ( 'NONE', *, *, #33, .F. ) ;
#3250 = LINE ( 'NONE', #3007, #2186 ) ;
#3251 = CARTESIAN_POINT ( 'NONE',  ( -15.18126852826942752, 52.94736842105263719, 31.76834649986020409 ) ) ;
#3252 = EDGE_CURVE ( 'NONE', #1432, #398, #105, .T. ) ;
#3253 = ORIENTED_EDGE ( 'NONE', *, *, #3402, .T. ) ;
#3254 = B_SPLINE_CURVE_WITH_KNOTS ( 'NONE', 3,
 ( #1648, #347, #117, #1603, #1357, #3756, #2193, #3447, #651, #1582, #2827, #30, #2522, #3800, #74, #3778, #970, #2215, #386, #1297, #2870, #991, #3159, #366, #2847, #3492, #1931, #3179, #1012, #1318, #505, #2661, #1114, #3865, #3552, #3883, #793, #137, #812, #3571, #177, #1093, #3301, #1399 ),
 .UNSPECIFIED., .F., .F.,
 ( 4, 2, 2, 2, 2, 2, 2, 2, 2, 2, 2, 2, 2, 2, 2, 2, 2, 2, 2, 2, 2, 4 ),
 ( 0.001497819314018986872, 0.002234425645668025508, 0.002971031977317064362, 0.004444244640615141635, 0.005917457303913218475, 0.007390669967211277100, 0.008127276298860322892, 0.008863882630509366950, 0.01033709529380745680, 0.01181030795710554838, 0.01254691428875459244, 0.01328352062040363823, 0.01475673328370172982, 0.01549333961535077214, 0.01622994594699981100, 0.01770315861029787483, 0.01917637127359593865, 0.01991297760524497057, 0.02064958393689400248, 0.02212279660019206284, 0.02359600926349012320, 0.02506922192678818356 ),
 .UNSPECIFIED. ) ;
#3255 = CARTESIAN_POINT ( 'NONE',  ( 28.40012646975428012, 28.04398663195043540, 15.80854781093645300 ) ) ;
#3256 = PLANE ( 'NONE',  #3397 ) ;
#3257 = CARTESIAN_POINT ( 'NONE',  ( -13.17829822943035722, 46.92919165795666459, 29.91565811508424133 ) ) ;
#3258 = VERTEX_POINT ( 'NONE', #2435 ) ;
#3259 = AXIS2_PLACEMENT_3D ( 'NONE', #328, #2812, #2139 ) ;
#3260 = CARTESIAN_POINT ( 'NONE',  ( -32.48467645342086030, 51.52571916823215048, 1.061980097066693496 ) ) ;
#3261 = CARTESIAN_POINT ( 'NONE',  ( -16.97602085979762165, 57.66007194721116491, 28.03645354693757596 ) ) ;
#3262 = AXIS2_PLACEMENT_3D ( 'NONE', #1375, #2230, #1926 ) ;
#3263 = CARTESIAN_POINT ( 'NONE',  ( -19.50646621812177628, 58.47017287961270426, 27.57134653516478551 ) ) ;
#3264 = CARTESIAN_POINT ( 'NONE',  ( -7.500000000000010658, 58.00000000000000711, 8.999999999999994671 ) ) ;
#3265 = CARTESIAN_POINT ( 'NONE',  ( 16.00000000000001421, 58.00000000000000711, 50.69848480983488059 ) ) ;
#3266 = AXIS2_PLACEMENT_3D ( 'NONE', #3037, #1519, #3709 ) ;
#3267 = CARTESIAN_POINT ( 'NONE',  ( 13.60667297232872386, 83.89940747119197795, 3.226530673815549921 ) ) ;
#3268 = CARTESIAN_POINT ( 'NONE',  ( 7.424642853951673338, 32.28159189411586993, 35.81256146624782133 ) ) ;
#3269 = CARTESIAN_POINT ( 'NONE',  ( -14.05124977314556922, 76.20009015755208281, 19.76693810002575802 ) ) ;
#3270 = VERTEX_POINT ( 'NONE', #1821 ) ;
#3271 = DIRECTION ( 'NONE',  ( 0.7071067811865463515, 0.000000000000000000, -0.7071067811865485719 ) ) ;
#3272 = CARTESIAN_POINT ( 'NONE',  ( -19.90550439791849868, 64.37386341538119439, 28.85268482427330383 ) ) ;
#3273 = CARTESIAN_POINT ( 'NONE',  ( -10.98389546240075276, 80.97576145705104977, 15.37587909782275020 ) ) ;
#3274 = EDGE_LOOP ( 'NONE', ( #611, #790, #479, #1939 ) ) ;
#3275 = ADVANCED_FACE ( 'NONE', ( #941 ), #922, .T. ) ;
#3276 = CARTESIAN_POINT ( 'NONE',  ( 14.39272952146936468, 30.03527066153279534, 29.13997986733322421 ) ) ;
#3277 = CARTESIAN_POINT ( 'NONE',  ( 26.13411178198812124, 29.00081062407727117, 26.89820897039645686 ) ) ;
#3278 = CARTESIAN_POINT ( 'NONE',  ( -11.27595428958656676, 41.21335947571098046, 30.69778330575112335 ) ) ;
#3279 = ORIENTED_EDGE ( 'NONE', *, *, #1371, .F. ) ;
#3280 = CARTESIAN_POINT ( 'NONE',  ( -30.63889788142394366, 50.01353008404663569, 20.00673410570190924 ) ) ;
#3281 = CARTESIAN_POINT ( 'NONE',  ( -15.86541067039969022, 60.99704026798366385, 30.09108158419201473 ) ) ;
#3282 = CARTESIAN_POINT ( 'NONE',  ( -5.000000000000007994, 77.00000000000000000, 78.00000000000000000 ) ) ;
#3283 = CARTESIAN_POINT ( 'NONE',  ( -20.51066232553875324, 78.37644459876842973, 15.38463227049416204 ) ) ;
#3284 = CARTESIAN_POINT ( 'NONE',  ( 12.71873419557696927, 84.31757622741419311, 2.944873262295206295 ) ) ;
#3285 = CARTESIAN_POINT ( 'NONE',  ( 2.112120642769511836, 29.21101766822751955, 37.37433343554187104 ) ) ;
#3286 = CARTESIAN_POINT ( 'NONE',  ( -18.87828338088452895, 74.74709813043990891, 22.56541934163818297 ) ) ;
#3287 = CARTESIAN_POINT ( 'NONE',  ( -4.323919008777164841, 29.94529895452585677, 32.28891445262923554 ) ) ;
#3288 = ORIENTED_EDGE ( 'NONE', *, *, #77, .T. ) ;
#3289 = CARTESIAN_POINT ( 'NONE',  ( 15.18126852826943463, 52.94736842105261587, 78.00000000000000000 ) ) ;
#3290 = CARTESIAN_POINT ( 'NONE',  ( -15.66328906103145435, 54.68286580720297252, 28.60088398209894223 ) ) ;
#3291 = CARTESIAN_POINT ( 'NONE',  ( 16.92925499182695148, 58.29141810596514972, 40.87083700213588600 ) ) ;
#3292 = CARTESIAN_POINT ( 'NONE',  ( 9.349156967893014425, 35.42405402508308754, 31.29308701548221450 ) ) ;
#3293 = ORIENTED_EDGE ( 'NONE', *, *, #3402, .F. ) ;
#3294 = LINE ( 'NONE', #500, #3695 ) ;
#3295 = CARTESIAN_POINT ( 'NONE',  ( 18.38146489678735307, 30.97887541810143475, 26.94485722890530610 ) ) ;
#3296 = EDGE_CURVE ( 'NONE', #3901, #3382, #4042, .T. ) ;
#3297 = ORIENTED_EDGE ( 'NONE', *, *, #1575, .T. ) ;
#3298 = CIRCLE ( 'NONE', #1276, 7.500000000000010658 ) ;
#3299 = CARTESIAN_POINT ( 'NONE',  ( -32.43042525608870363, 50.50224001769064586, 2.159076840837393707 ) ) ;
#3300 = EDGE_CURVE ( 'NONE', #691, #1000, #3319, .T. ) ;
#3301 = CARTESIAN_POINT ( 'NONE',  ( 7.500000000000011546, 58.49051562497481882, 25.19941985915161453 ) ) ;
#3302 = CYLINDRICAL_SURFACE ( 'NONE', #2211, 5.000000000000006217 ) ;
#3303 = CIRCLE ( 'NONE', #3633, 26.51916932907348468 ) ;
#3304 = CARTESIAN_POINT ( 'NONE',  ( -25.82799078907619972, 76.43833146470531403, 2.547265624232886161 ) ) ;
#3305 = CARTESIAN_POINT ( 'NONE',  ( 28.23141677295928531, 29.33634931565672588, 24.51926225819705252 ) ) ;
#3306 = CARTESIAN_POINT ( 'NONE',  ( 4.344624053997574897, 29.98933864279327466, 36.93107480579147506 ) ) ;
#3307 = EDGE_CURVE ( 'NONE', #3051, #960, #338, .T. ) ;
#3308 = CARTESIAN_POINT ( 'NONE',  ( -18.59741086405347232, 77.86624320344141381, 13.17715507996176960 ) ) ;
#3309 = CARTESIAN_POINT ( 'NONE',  ( -2.356014576261631355, 29.26438005728208935, 32.44440259270588456 ) ) ;
#3310 = CARTESIAN_POINT ( 'NONE',  ( 33.22826909759497482, 53.66550168150945410, 11.42070320395646021 ) ) ;
#3311 = CARTESIAN_POINT ( 'NONE',  ( -7.352677679636265395, 56.52076677316293996, 25.47949122026282964 ) ) ;
#3312 = CARTESIAN_POINT ( 'NONE',  ( 32.37650703465405400, 62.23119479711709090, 10.52031837135652204 ) ) ;
#3313 = CARTESIAN_POINT ( 'NONE',  ( 16.09050740088797937, 58.87883545562686294, 38.84592119269112942 ) ) ;
#3314 = CARTESIAN_POINT ( 'NONE',  ( 23.03924044829686224, 58.97470860658334857, 12.50004394780114580 ) ) ;
#3315 = ORIENTED_EDGE ( 'NONE', *, *, #1213, .F. ) ;
#3316 = EDGE_CURVE ( 'NONE', #2533, #3484, #3451, .T. ) ;
#3317 = CARTESIAN_POINT ( 'NONE',  ( 27.26208775136488427, 26.16203714425687465, 17.70345702709438740 ) ) ;
#3318 = CARTESIAN_POINT ( 'NONE',  ( 22.64675429639237336, 30.21363513898994313, 29.40943248002638200 ) ) ;
#3319 =( BOUNDED_CURVE ( )  B_SPLINE_CURVE ( 3, ( #316, #604, #1515, #3091 ),
 .UNSPECIFIED., .F., .T. ) 
 B_SPLINE_CURVE_WITH_KNOTS ( ( 4, 4 ),
 ( 4.210941437097755369, 4.323098894685156068 ),
 .UNSPECIFIED. ) 
 CURVE ( )  GEOMETRIC_REPRESENTATION_ITEM ( )  RATIONAL_B_SPLINE_CURVE ( ( 1.000000000000000000, 0.9989520000834108959, 0.9989520000834108959, 1.000000000000000000 ) ) 
 REPRESENTATION_ITEM ( '' )  );
#3320 = ORIENTED_EDGE ( 'NONE', *, *, #425, .T. ) ;
#3321 = EDGE_CURVE ( 'NONE', #1087, #686, #865, .T. ) ;
#3322 = CARTESIAN_POINT ( 'NONE',  ( -11.57819320246560935, 73.87852560940135049, 23.88154226686631176 ) ) ;
#3323 = CARTESIAN_POINT ( 'NONE',  ( -15.18126852826942574, 63.05263157894739123, 31.76834649986019699 ) ) ;
#3324 = ORIENTED_EDGE ( 'NONE', *, *, #2443, .T. ) ;
#3325 = AXIS2_PLACEMENT_3D ( 'NONE', #2793, #3741, #1200 ) ;
#3326 = EDGE_CURVE ( 'NONE', #720, #376, #1601, .T. ) ;
#3327 = DIRECTION ( 'NONE',  ( 0.000000000000000000, -0.000000000000000000, -1.000000000000000000 ) ) ;
#3328 = CARTESIAN_POINT ( 'NONE',  ( 16.53638275581941031, 82.22208232333890976, 4.324213400170513921 ) ) ;
#3329 = CIRCLE ( 'NONE', #397, 5.000000000000012434 ) ;
#3330 = CARTESIAN_POINT ( 'NONE',  ( -5.043947156779570840, 30.36136751453526017, 36.73038938449892754 ) ) ;
#3331 = CARTESIAN_POINT ( 'NONE',  ( -13.29840714003521818, 67.90914052132873735, 26.52767469976877024 ) ) ;
#3332 = CARTESIAN_POINT ( 'NONE',  ( -6.862448149984984092, 31.67545742013217946, 31.90012848959045044 ) ) ;
#3333 = LINE ( 'NONE', #3911, #846 ) ;
#3334 = VECTOR ( 'NONE', #1272, 1000.000000000000000 ) ;
#3335 = CARTESIAN_POINT ( 'NONE',  ( -24.58562855900326127, 54.48959663427862665, 26.90329536651637454 ) ) ;
#3336 = CARTESIAN_POINT ( 'NONE',  ( 12.53949788866090920, 34.26315789473685669, 29.98351201410983435 ) ) ;
#3337 = CARTESIAN_POINT ( 'NONE',  ( 15.53661816172700405, 54.15717547290751099, 49.23018749178346098 ) ) ;
#3338 = VECTOR ( 'NONE', #2491, 999.9999999999998863 ) ;
#3339 = CARTESIAN_POINT ( 'NONE',  ( 21.62041594049128079, 62.55355462963534308, 13.18529929702898507 ) ) ;
#3340 = EDGE_LOOP ( 'NONE', ( #3398, #1436 ) ) ;
#3341 = CARTESIAN_POINT ( 'NONE',  ( 16.53793398666276815, 82.40413626656841473, 2.473817463905660929 ) ) ;
#3342 = CARTESIAN_POINT ( 'NONE',  ( 17.17067230480205353, 26.63834154947267763, 27.59522713393464954 ) ) ;
#3343 = ADVANCED_FACE ( 'NONE', ( #1613 ), #743, .T. ) ;
#3344 = ORIENTED_EDGE ( 'NONE', *, *, #1098, .T. ) ;
#3345 = CARTESIAN_POINT ( 'NONE',  ( 12.53693536813311304, 59.93941628433516655, 22.80613965831325274 ) ) ;
#3346 =( BOUNDED_SURFACE ( )  B_SPLINE_SURFACE ( 3, 2, ( 
 ( #938, #3070, #1225 ),
 ( #3703, #1841, #3089 ),
 ( #1803, #881, #275 ),
 ( #3050, #2471, #3722 ),
 ( #1785, #3745, #2107 ),
 ( #314, #920, #2163 ),
 ( #620, #1860, #2737 ),
 ( #2182, #1552, #4057 ),
 ( #3031, #2413, #3359 ),
 ( #1470, #2717, #3997 ),
 ( #562, #2590, #1345 ),
 ( #3785, #20, #3848 ),
 ( #1655, #2290, #3518 ),
 ( #1572, #959, #1589 ),
 ( #2901, #2510, #1041 ),
 ( #3127, #1963, #1020 ),
 ( #2854, #39, #2568 ),
 ( #2834, #1285, #1900 ),
 ( #1919, #2877, #719 ),
 ( #3827, #641, #354 ),
 ( #3209, #2529, #3166 ),
 ( #2241, #415, #103 ),
 ( #1879, #979, #374 ),
 ( #3147, #1325, #393 ),
 ( #999, #334, #3480 ),
 ( #2816, #1306, #58 ),
 ( #1265, #2550, #3765 ),
 ( #3808, #2200, #681 ),
 ( #3186, #1633, #3457 ),
 ( #662, #2223, #3497 ),
 ( #1611, #700, #1937 ),
 ( #82, #2264, #205 ),
 ( #511, #1137, #2367 ),
 ( #436, #3872, #455 ),
 ( #1758, #1365, #3945 ),
 ( #1984, #817, #3928 ),
 ( #1717, #2943, #1423 ),
 ( #1697, #143, #760 ),
 ( #1445, #2006, #2667 ),
 ( #1119, #741, #1678 ),
 ( #2345, #3617, #2023 ),
 ( #2924, #3229, #2612 ),
 ( #2059, #3308, #183 ),
 ( #3002, #2042, #1403 ),
 ( #3560, #123, #1062 ),
 ( #2629, #3248, #2329 ),
 ( #1388, #2648, #2310 ),
 ( #3890, #2688, #1082 ),
 ( #3540, #3581, #780 ),
 ( #3269, #474, #2961 ),
 ( #163, #3909, #1099 ),
 ( #3598, #798, #3286 ),
 ( #491, #1737, #2981 ),
 ( #1544, #2406, #3659 ),
 ( #3024, #2708, #3696 ),
 ( #243, #859, #1797 ),
 ( #307, #3100, #3715 ),
 ( #1486, #1779, #2791 ),
 ( #3410, #4048, #1218 ),
 ( #3331, #3967, #3353 ),
 ( #614, #223, #2385 ),
 ( #3637, #1465, #554 ),
 ( #3989, #1179, #1853 ),
 ( #835, #2730, #2100 ),
 ( #2078, #3044, #286 ),
 ( #535, #2427, #1814 ),
 ( #3677, #875, #913 ),
 ( #1158, #2119, #3371 ),
 ( #4028, #1525, #3083 ),
 ( #574, #892, #266 ),
 ( #3063, #1508, #2751 ),
 ( #4008, #1197, #2444 ),
 ( #1835, #2137, #3389 ),
 ( #595, #2770, #2464 ),
 ( #2157, #1237, #3429 ),
 ( #2236, #992, #3472 ) ),
 .UNSPECIFIED., .F., .F., .F. ) 
 B_SPLINE_SURFACE_WITH_KNOTS ( ( 4, 2, 2, 2, 2, 2, 2, 2, 2, 2, 2, 2, 2, 2, 2, 2, 2, 2, 2, 2, 2, 2, 2, 2, 2, 2, 2, 2, 2, 2, 2, 2, 2, 2, 2, 2, 2, 4 ),
 ( 3, 3 ),
 ( 0.03022746083638748124, 0.03540261011788590345, 0.03669639743826050293, 0.03799018475863510935, 0.04057775939938432219, 0.04316533404013353503, 0.04445912136050814145, 0.04575290868088274787, 0.04834048332163196071, 0.04963427064200656713, 0.05092805796238116661, 0.05610320724387958535, 0.05739699456425419177, 0.05869078188462879819, 0.06127835652537801103, 0.06257214384575260357, 0.06386593116612720999, 0.06645350580687642283, 0.06904108044762563567, 0.07162865508837484851, 0.07421622972912406135, 0.07680380436987327419, 0.08197895365137169987, 0.08327274097174630629, 0.08456652829212091271, 0.08715410293287012555, 0.08974167757361933839, 0.09103546489399394481, 0.09232925221436853735, 0.09750440149586694916, 0.09879818881624155558, 0.1000919761366161620, 0.1026795507773653748, 0.1039733380977399813, 0.1052671254181145877, 0.1078547000588638005, 0.1104422746996130134, 0.1130298493403622262 ),
 ( 0.000000000000000000, 1.000000000000000000 ),
 .UNSPECIFIED. ) 
 GEOMETRIC_REPRESENTATION_ITEM ( )  RATIONAL_B_SPLINE_SURFACE ( (
 ( 1.000000000000000000, 0.9342023631843759945, 1.000000000000000000),
 ( 1.000000000000000000, 0.9379168760043027353, 1.000000000000000000),
 ( 1.000000000000000000, 0.9410424265454589987, 1.000000000000000000),
 ( 1.000000000000000000, 0.9442062389385830201, 1.000000000000000000),
 ( 1.000000000000000000, 0.9448014988864377184, 1.000000000000000000),
 ( 1.000000000000000000, 0.9459147227469238972, 1.000000000000000000),
 ( 1.000000000000000000, 0.9464321100272037324, 1.000000000000000000),
 ( 1.000000000000000000, 0.9478424047770600547, 1.000000000000000000),
 ( 1.000000000000000000, 0.9486035939245911486, 1.000000000000000000),
 ( 1.000000000000000000, 0.9497742091424246080, 1.000000000000000000),
 ( 1.000000000000000000, 0.9501836661638612958, 1.000000000000000000),
 ( 1.000000000000000000, 0.9505249281611130030, 1.000000000000000000),
 ( 1.000000000000000000, 0.9505930117262164636, 1.000000000000000000),
 ( 1.000000000000000000, 0.9506344255641647756, 1.000000000000000000),
 ( 1.000000000000000000, 0.9506082651273064510, 1.000000000000000000),
 ( 1.000000000000000000, 0.9503925541503553953, 1.000000000000000000),
 ( 1.000000000000000000, 0.9500663472430035394, 1.000000000000000000),
 ( 1.000000000000000000, 0.9493059723949163198, 1.000000000000000000),
 ( 1.000000000000000000, 0.9490071917745943608, 1.000000000000000000),
 ( 1.000000000000000000, 0.9483176451381876149, 1.000000000000000000),
 ( 1.000000000000000000, 0.9479251141672221381, 1.000000000000000000),
 ( 1.000000000000000000, 0.9457538011278490142, 1.000000000000000000),
 ( 1.000000000000000000, 0.9433618383297674992, 1.000000000000000000),
 ( 1.000000000000000000, 0.9395723507974510502, 1.000000000000000000),
 ( 1.000000000000000000, 0.9387713895105160855, 1.000000000000000000),
 ( 1.000000000000000000, 0.9371073742689455255, 1.000000000000000000),
 ( 1.000000000000000000, 0.9362427599794245214, 1.000000000000000000),
 ( 1.000000000000000000, 0.9335528739403017306, 1.000000000000000000),
 ( 1.000000000000000000, 0.9316319283726456346, 1.000000000000000000),
 ( 1.000000000000000000, 0.9285589184934501805, 1.000000000000000000),
 ( 1.000000000000000000, 0.9275025558384540902, 1.000000000000000000),
 ( 1.000000000000000000, 0.9253246429278861873, 1.000000000000000000),
 ( 1.000000000000000000, 0.9242001889826447769, 1.000000000000000000),
 ( 1.000000000000000000, 0.9207514497373746609, 1.000000000000000000),
 ( 1.000000000000000000, 0.9183538161390488730, 1.000000000000000000),
 ( 1.000000000000000000, 0.9133595812905354050, 1.000000000000000000),
 ( 1.000000000000000000, 0.9107531873146552659, 1.000000000000000000),
 ( 1.000000000000000000, 0.9054382318361910986, 1.000000000000000000),
 ( 1.000000000000000000, 0.9027194865014013248, 1.000000000000000000),
 ( 1.000000000000000000, 0.8971579276382307677, 1.000000000000000000),
 ( 1.000000000000000000, 0.8943151210739254120, 1.000000000000000000),
 ( 1.000000000000000000, 0.8884997068890162497, 1.000000000000000000),
 ( 1.000000000000000000, 0.8855164935589309172, 1.000000000000000000),
 ( 1.000000000000000000, 0.8765913453550678858, 1.000000000000000000),
 ( 1.000000000000000000, 0.8706046405107239483, 1.000000000000000000),
 ( 1.000000000000000000, 0.8630774897525590461, 1.000000000000000000),
 ( 1.000000000000000000, 0.8615653977717026013, 1.000000000000000000),
 ( 1.000000000000000000, 0.8585593829096447305, 1.000000000000000000),
 ( 1.000000000000000000, 0.8570697711407605501, 1.000000000000000000),
 ( 1.000000000000000000, 0.8526410882964926552, 1.000000000000000000),
 ( 1.000000000000000000, 0.8497419822114843369, 1.000000000000000000),
 ( 1.000000000000000000, 0.8440548067933325571, 1.000000000000000000),
 ( 1.000000000000000000, 0.8412667021854036697, 1.000000000000000000),
 ( 1.000000000000000000, 0.8371758774538080594, 1.000000000000000000),
 ( 1.000000000000000000, 0.8358227703213508830, 1.000000000000000000),
 ( 1.000000000000000000, 0.8331788255630362405, 1.000000000000000000),
 ( 1.000000000000000000, 0.8318873630318617263, 1.000000000000000000),
 ( 1.000000000000000000, 0.8255825594895731534, 1.000000000000000000),
 ( 1.000000000000000000, 0.8210191227603640396, 1.000000000000000000),
 ( 1.000000000000000000, 0.8159886613199197614, 1.000000000000000000),
 ( 1.000000000000000000, 0.8150175525642691099, 1.000000000000000000),
 ( 1.000000000000000000, 0.8131743757009253226, 1.000000000000000000),
 ( 1.000000000000000000, 0.8122983983507392480, 1.000000000000000000),
 ( 1.000000000000000000, 0.8098069465025097280, 1.000000000000000000),
 ( 1.000000000000000000, 0.8083274455646544121, 1.000000000000000000),
 ( 1.000000000000000000, 0.8063880885466627735, 1.000000000000000000),
 ( 1.000000000000000000, 0.8057884096991098088, 1.000000000000000000),
 ( 1.000000000000000000, 0.8046854874320564788, 1.000000000000000000),
 ( 1.000000000000000000, 0.8041806657020421634, 1.000000000000000000),
 ( 1.000000000000000000, 0.8028295946722068255, 1.000000000000000000),
 ( 1.000000000000000000, 0.8021477791647724231, 1.000000000000000000),
 ( 1.000000000000000000, 0.8012124154948530030, 1.000000000000000000),
 ( 1.000000000000000000, 0.8009588802671679941, 1.000000000000000000),
 ( 1.000000000000000000, 0.8008893701675815491, 1.000000000000000000),
 ( 1.000000000000000000, 0.8010768468342492898, 1.000000000000000000),
 ( 1.000000000000000000, 0.8014834071217002975, 1.000000000000000000) ) ) 
 REPRESENTATION_ITEM ( '' )  SURFACE ( )  );
#3347 = CARTESIAN_POINT ( 'NONE',  ( -32.43487560626990529, 55.56524026717323750, -2.071373623287193322 ) ) ;
#3348 = CARTESIAN_POINT ( 'NONE',  ( -15.31475515433006684, 53.34844581676124875, 31.65845861057624333 ) ) ;
#3349 = CARTESIAN_POINT ( 'NONE',  ( 7.401751900624871539, 56.76469512926131955, 25.44498666746370219 ) ) ;
#3350 = DIRECTION ( 'NONE',  ( -0.6709236202095758550, -0.3157894736842106198, 0.6709236202095781865 ) ) ;
#3351 = CARTESIAN_POINT ( 'NONE',  ( 0.000000000000000000, 0.000000000000000000, -26.51916932907348468 ) ) ;
#3352 = ADVANCED_FACE ( 'NONE', ( #439, #1636, #961, #1657 ), #2266, .T. ) ;
#3353 = CARTESIAN_POINT ( 'NONE',  ( -18.94791988230895186, 68.83521520448138631, 27.33024035698287690 ) ) ;
#3354 = CARTESIAN_POINT ( 'NONE',  ( -5.670210315810011004, 30.75889436625310225, 36.52415891410858251 ) ) ;
#3355 = DIRECTION ( 'NONE',  ( -0.000000000000000000, -1.000000000000000000, -0.000000000000000000 ) ) ;
#3356 = CYLINDRICAL_SURFACE ( 'NONE', #2058, 5.000000000000007994 ) ;
#3357 = DIRECTION ( 'NONE',  ( 1.000000000000000000, 0.000000000000000000, 0.000000000000000000 ) ) ;
#3358 = CARTESIAN_POINT ( 'NONE',  ( 15.96461255611992058, 56.86644356899462593, 50.58635419820856782 ) ) ;
#3359 = CARTESIAN_POINT ( 'NONE',  ( -32.00794822532670736, 64.75013652560743083, -2.657026324883305257 ) ) ;
#3360 = ORIENTED_EDGE ( 'NONE', *, *, #2843, .F. ) ;
#3361 = CARTESIAN_POINT ( 'NONE',  ( 21.61959308182902717, 51.92937666356340998, 15.36143291292717450 ) ) ;
#3362 = CARTESIAN_POINT ( 'NONE',  ( 18.72792892189796277, 30.67922906234698033, 26.69506517767120357 ) ) ;
#3363 = ORIENTED_EDGE ( 'NONE', *, *, #124, .F. ) ;
#3364 = CARTESIAN_POINT ( 'NONE',  ( 16.92208662742885750, 65.50007294714797013, 17.26793065362636170 ) ) ;
#3365 = FACE_OUTER_BOUND ( 'NONE', #1294, .T. ) ;
#3366 = CARTESIAN_POINT ( 'NONE',  ( 12.81759277588121471, 56.52076677316293996, 23.21584927018070132 ) ) ;
#3367 = ORIENTED_EDGE ( 'NONE', *, *, #3079, .F. ) ;
#3368 = CARTESIAN_POINT ( 'NONE',  ( 5.939386681997876491E-15, 87.00000000000000000, 3.930798398306387765E-14 ) ) ;
#3369 = DIRECTION ( 'NONE',  ( -0.000000000000000000, 0.000000000000000000, 1.000000000000000000 ) ) ;
#3370 = AXIS2_PLACEMENT_3D ( 'NONE', #1969, #706, #3813 ) ;
#3371 = CARTESIAN_POINT ( 'NONE',  ( -19.93844270538981789, 64.27020747358949393, 28.86504742139064916 ) ) ;
#3372 = CARTESIAN_POINT ( 'NONE',  ( -9.635381030899710098, 28.92299043483907184, 31.03969007143893322 ) ) ;
#3373 = CARTESIAN_POINT ( 'NONE',  ( -22.85420839657023606, 52.94736842105261587, -44.32376424327658526 ) ) ;
#3374 = DIRECTION ( 'NONE',  ( 0.7071067811865487940, 0.000000000000000000, 0.7071067811865463515 ) ) ;
#3375 = CARTESIAN_POINT ( 'NONE',  ( 9.488292830168393976, 80.15789473684210975, 34.36014785153980711 ) ) ;
#3376 = CARTESIAN_POINT ( 'NONE',  ( -16.07369902266028916, 79.16841002147734230, 13.87137357925939618 ) ) ;
#3377 = CARTESIAN_POINT ( 'NONE',  ( -9.186236168248266054, 83.25058924837627217, 12.17017184270519436 ) ) ;
#3378 = ORIENTED_EDGE ( 'NONE', *, *, #1543, .F. ) ;
#3380 = EDGE_CURVE ( 'NONE', #2631, #2457, #805, .T. ) ;
#3379 = DIRECTION ( 'NONE',  ( -0.000000000000000000, -0.000000000000000000, 1.000000000000000000 ) ) ;
#3381 = CARTESIAN_POINT ( 'NONE',  ( 28.18970380856966074, 33.35286776204772963, 16.47281656163132624 ) ) ;
#3382 = VERTEX_POINT ( 'NONE', #982 ) ;
#3383 = CARTESIAN_POINT ( 'NONE',  ( -17.48239093759786300, 56.52076677316291864, 19.94072087485976041 ) ) ;
#3384 = CARTESIAN_POINT ( 'NONE',  ( -32.52053392646908492, 54.49394277785430063, 1.242851854128853795 ) ) ;
#3385 = CARTESIAN_POINT ( 'NONE',  ( -33.58898631992344974, 39.00000000000000711, -33.58898631992332895 ) ) ;
#3386 = ORIENTED_EDGE ( 'NONE', *, *, #3807, .F. ) ;
#3387 = DIRECTION ( 'NONE',  ( 0.7071067811865487940, 0.000000000000000000, 0.7071067811865463515 ) ) ;
#3388 = CARTESIAN_POINT ( 'NONE',  ( -29.17952125691097720, 44.96773536615402378, 14.31803901913161958 ) ) ;
#3389 = CARTESIAN_POINT ( 'NONE',  ( -21.23507173826103411, 60.56979650887794975, 29.05187206704336234 ) ) ;
#3390 = CARTESIAN_POINT ( 'NONE',  ( 8.882970643986816128, 34.33711698227954656, 31.42593088713344329 ) ) ;
#3391 = CARTESIAN_POINT ( 'NONE',  ( -19.72919103268565166, 72.02575657341344595, -2.868988908920153236 ) ) ;
#3392 = CARTESIAN_POINT ( 'NONE',  ( 31.97327515713473289, 57.17771389831368367, 8.410479578552507718 ) ) ;
#3393 = AXIS2_PLACEMENT_3D ( 'NONE', #586, #1827, #2131 ) ;
#3394 = DIRECTION ( 'NONE',  ( 0.000000000000000000, 0.000000000000000000, 1.000000000000000000 ) ) ;
#3395 = CARTESIAN_POINT ( 'NONE',  ( -15.09614358683388247, 78.14802190380515867, 16.47187717830879095 ) ) ;
#3396 = CARTESIAN_POINT ( 'NONE',  ( -0.9151755077671898109, 86.96977474558086385, 1.124036181801475243 ) ) ;
#3397 = AXIS2_PLACEMENT_3D ( 'NONE', #1661, #2907, #2597 ) ;
#3398 = ORIENTED_EDGE ( 'NONE', *, *, #2467, .F. ) ;
#3399 = CARTESIAN_POINT ( 'NONE',  ( 16.25430718201403124, 51.26400311824630052, 20.95720819498305332 ) ) ;
#3400 = CARTESIAN_POINT ( 'NONE',  ( 28.28129414606695846, 27.81981585799347556, 16.01528195063089299 ) ) ;
#3401 = AXIS2_PLACEMENT_3D ( 'NONE', #3207, #996, #2897 ) ;
#3402 = EDGE_CURVE ( 'NONE', #3901, #2049, #173, .T. ) ;
#3403 = ORIENTED_EDGE ( 'NONE', *, *, #1171, .T. ) ;
#3404 = CARTESIAN_POINT ( 'NONE',  ( 14.53092077285621286, 64.49916886710110475, 19.86951875765857878 ) ) ;
#3405 = CARTESIAN_POINT ( 'NONE',  ( 9.488292830168393976, 80.15789473684210975, 78.00000000000000000 ) ) ;
#3406 = FACE_OUTER_BOUND ( 'NONE', #2726, .T. ) ;
#3407 = ORIENTED_EDGE ( 'NONE', *, *, #1769, .T. ) ;
#3408 = DIRECTION ( 'NONE',  ( 0.000000000000000000, 0.000000000000000000, 1.000000000000000000 ) ) ;
#3409 = DIRECTION ( 'NONE',  ( 0.6916548014802254007, -0.2079116908177597867, -0.6916548014802256228 ) ) ;
#3410 = CARTESIAN_POINT ( 'NONE',  ( -13.15153190440058850, 69.60696387142560582, 25.70948294774333931 ) ) ;
#3411 = CARTESIAN_POINT ( 'NONE',  ( 9.349156967893005543, 35.42405402508308043, 31.29308701548222160 ) ) ;
#3412 = CARTESIAN_POINT ( 'NONE',  ( -17.60653044016128632, 74.25416593187928527, 1.933446134676265027 ) ) ;
#3413 = DIRECTION ( 'NONE',  ( 0.000000000000000000, 1.000000000000000000, 0.000000000000000000 ) ) ;
#3414 = CARTESIAN_POINT ( 'NONE',  ( -32.91148153526380327, 62.02361944934116877, -1.941229515587298504 ) ) ;
#3415 = CARTESIAN_POINT ( 'NONE',  ( -17.72170409744304465, 79.83989310148409402, 10.09571100307716307 ) ) ;
#3416 = CARTESIAN_POINT ( 'NONE',  ( -3.608161752022402968, 86.52259763521168168, 4.466353904041884704 ) ) ;
#3417 = ORIENTED_EDGE ( 'NONE', *, *, #1123, .F. ) ;
#3418 = CARTESIAN_POINT ( 'NONE',  ( 22.00382081131745338, 52.47468174940109975, 14.80581966206750621 ) ) ;
#3419 = CARTESIAN_POINT ( 'NONE',  ( 26.15780060593944967, 30.14795850894237361, 19.43857839639050411 ) ) ;
#3420 = EDGE_LOOP ( 'NONE', ( #2947, #2845, #1709, #3445 ) ) ;
#3421 = CARTESIAN_POINT ( 'NONE',  ( -6.668040573650338737E-15, 77.00000000000000000, 78.00000000000000000 ) ) ;
#3422 = EDGE_CURVE ( 'NONE', #3735, #1181, #396, .T. ) ;
#3423 = CARTESIAN_POINT ( 'NONE',  ( 15.30511566556020497, 62.68051724242963729, 48.49663588018949412 ) ) ;
#3424 = CARTESIAN_POINT ( 'NONE',  ( -3.970809576716706424, 86.22901404135107839, 6.037821256202466458 ) ) ;
#3425 = ORIENTED_EDGE ( 'NONE', *, *, #704, .F. ) ;
#3426 = EDGE_CURVE ( 'NONE', #1072, #2461, #2225, .T. ) ;
#3427 = DIRECTION ( 'NONE',  ( -0.000000000000000000, -1.000000000000000000, -0.000000000000000000 ) ) ;
#3428 = CARTESIAN_POINT ( 'NONE',  ( -31.72736808671405129, 47.15965870395257298, 7.088532991757507062 ) ) ;
#3429 = CARTESIAN_POINT ( 'NONE',  ( -22.03526781658035461, 58.78314922950244892, 28.77692704291260029 ) ) ;
#3430 = CARTESIAN_POINT ( 'NONE',  ( 5.445431083251063065, 30.59679287283201177, 36.60529898683702044 ) ) ;
#3431 = CARTESIAN_POINT ( 'NONE',  ( -19.45123582563364195, 72.41049835862881423, -2.325329109483790901 ) ) ;
#3432 = CARTESIAN_POINT ( 'NONE',  ( -9.118525451009862337, 34.86245625052536212, 34.91866591406433429 ) ) ;
#3433 = DIRECTION ( 'NONE',  ( 0.7071067811865487940, -0.000000000000000000, 0.7071067811865463515 ) ) ;
#3434 = CIRCLE ( 'NONE', #2977, 26.51916932907348468 ) ;
#3435 = CARTESIAN_POINT ( 'NONE',  ( -13.15390057444548511, 71.00212663852281025, 24.81226108151933474 ) ) ;
#3436 = CARTESIAN_POINT ( 'NONE',  ( -1.142732357590709791, 86.95170472497900960, 1.403966310926681338 ) ) ;
#3437 = VECTOR ( 'NONE', #450, 1000.000000000000000 ) ;
#3438 = VERTEX_POINT ( 'NONE', #665 ) ;
#3439 = CARTESIAN_POINT ( 'NONE',  ( 33.27670736927733941, 55.84019174119445239, 10.75004315561118773 ) ) ;
#3440 = CARTESIAN_POINT ( 'NONE',  ( 26.03905359091488236, 24.99079723495377436, 19.45043390068099498 ) ) ;
#3441 = ORIENTED_EDGE ( 'NONE', *, *, #3079, .T. ) ;
#3442 = CARTESIAN_POINT ( 'NONE',  ( -8.552145964584482840, 82.21261403196263018, 18.03939161206366038 ) ) ;
#3443 = CARTESIAN_POINT ( 'NONE',  ( 16.38668273085035665, 56.58897971000263283, 39.56095169111936372 ) ) ;
#3444 = DIRECTION ( 'NONE',  ( 0.000000000000000000, 0.000000000000000000, -1.000000000000000000 ) ) ;
#3445 = ORIENTED_EDGE ( 'NONE', *, *, #973, .F. ) ;
#3446 = CARTESIAN_POINT ( 'NONE',  ( -26.33102498759539145, 45.33012798730013770, 19.05633130305393763 ) ) ;
#3447 = CARTESIAN_POINT ( 'NONE',  ( -6.748803073407158237, 61.30786396127914628, 24.79317977632592829 ) ) ;
#3448 = DIRECTION ( 'NONE',  ( 0.7071067811865487940, 0.000000000000000000, 0.7071067811865462405 ) ) ;
#3449 = CARTESIAN_POINT ( 'NONE',  ( 8.673380401506797455, 27.81981585799485401, 31.32240934132176591 ) ) ;
#3450 = EDGE_CURVE ( 'NONE', #475, #746, #2451, .T. ) ;
#3451 = B_SPLINE_CURVE_WITH_KNOTS ( 'NONE', 3,
 ( #583, #2740, #1247, #1166 ),
 .UNSPECIFIED., .F., .F.,
 ( 4, 4 ),
 ( -1.621006646260755865E-05, 0.003681438393026647670 ),
 .UNSPECIFIED. ) ;
#3452 = CYLINDRICAL_SURFACE ( 'NONE', #262, 5.000000000000007994 ) ;
#3453 = B_SPLINE_CURVE_WITH_KNOTS ( 'NONE', 3,
 ( #744, #419, #1658, #3483 ),
 .UNSPECIFIED., .F., .F.,
 ( 4, 4 ),
 ( 6.947562107041944757E-17, 0.001094136957268882545 ),
 .UNSPECIFIED. ) ;
#3454 = CARTESIAN_POINT ( 'NONE',  ( -11.85408308615454231, 32.79368437582825635, 30.26284379195256946 ) ) ;
#3455 = CARTESIAN_POINT ( 'NONE',  ( 24.28521829875928617, 29.42723530811176857, 28.39156889852195675 ) ) ;
#3456 = CARTESIAN_POINT ( 'NONE',  ( -26.81326245965053445, 72.52731757513926425, -3.960585063192433974 ) ) ;
#3457 = CARTESIAN_POINT ( 'NONE',  ( -25.40584079281755336, 76.89724415809617142, 3.322361153251213395 ) ) ;
#3458 = ORIENTED_EDGE ( 'NONE', *, *, #3126, .F. ) ;
#3459 = CLOSED_SHELL ( 'NONE', ( #755, #3982, #3749, #3953, #3004, #204, #1324, #1593, #1974, #144, #3013, #827, #226, #2375, #2796, #1025, #2052, #2284, #3150, #2244, #2674, #609, #151, #895, #2124, #411, #2275, #2351, #1556, #1846, #482, #3343, #245, #2900, #1551, #3650, #2005, #582, #375, #3549, #3352, #2772, #945, #2301, #2882, #250, #1980, #3701, #3275, #2170, #1858, #2572, #2996, #537, #4027, #298, #1051, #458, #2324, #2545, #165, #2660, #1676, #1063, #3895, #359, #1673, #1606, #435, #2096, #3, #732, #3860 ) ) ;
#3460 = DIRECTION ( 'NONE',  ( 0.000000000000000000, -0.3576210166739201002, -0.9338668044390011636 ) ) ;
#3461 = CARTESIAN_POINT ( 'NONE',  ( 23.56589600120351236, 29.03052073929979571, 22.38735797484263657 ) ) ;
#3462 = CIRCLE ( 'NONE', #1367, 9.999999999999998224 ) ;
#3463 = ORIENTED_EDGE ( 'NONE', *, *, #2071, .F. ) ;
#3464 = AXIS2_PLACEMENT_3D ( 'NONE', #2775, #618, #559 ) ;
#3465 = CARTESIAN_POINT ( 'NONE',  ( -7.500000000000010658, 58.00000000000000711, 78.00000000000000000 ) ) ;
#3466 = CARTESIAN_POINT ( 'NONE',  ( 7.500000000000007994, 57.75264752895788689, 25.30466183127625968 ) ) ;
#3467 = CARTESIAN_POINT ( 'NONE',  ( 16.59235649716016781, 56.61824098022835017, 40.05749208717760723 ) ) ;
#3468 = CARTESIAN_POINT ( 'NONE',  ( -7.377572048132612359, 83.88442308449832296, 11.96115184771841200 ) ) ;
#3469 = VERTEX_POINT ( 'NONE', #1902 ) ;
#3470 = CARTESIAN_POINT ( 'NONE',  ( -19.72456508405239717, 57.38986111073565155, 26.02636995686950527 ) ) ;
#3471 = CARTESIAN_POINT ( 'NONE',  ( 9.488292830168393976, 80.15789473684210975, -47.50200000000000244 ) ) ;
#3472 = CARTESIAN_POINT ( 'NONE',  ( -22.32290728020765513, 58.21526974332040538, 28.61983074554711592 ) ) ;
#3473 = CARTESIAN_POINT ( 'NONE',  ( 8.352340494312063157, 33.49494408832495651, 35.34592164472093145 ) ) ;
#3474 = CARTESIAN_POINT ( 'NONE',  ( -22.88567004746569822, 66.17475968899684347, -6.738807591240887795 ) ) ;
#3475 = CARTESIAN_POINT ( 'NONE',  ( -8.371999559503954913, 33.50644506753816643, 35.33812743522172184 ) ) ;
#3476 = CARTESIAN_POINT ( 'NONE',  ( 18.01477352225919759, 35.33834963625420755, 31.19613887060471669 ) ) ;
#3477 = EDGE_CURVE ( 'NONE', #3234, #2718, #3434, .T. ) ;
#3478 = CARTESIAN_POINT ( 'NONE',  ( 8.358695493635357465, 82.49545021645531051, 30.26951403671415264 ) ) ;
#3479 =( BOUNDED_CURVE ( )  B_SPLINE_CURVE ( 3, ( #3173, #1004, #2247, #379 ),
 .UNSPECIFIED., .F., .F. ) 
 B_SPLINE_CURVE_WITH_KNOTS ( ( 4, 4 ),
 ( 0.000000000000000000, 0.3212885892648116859 ),
 .UNSPECIFIED. ) 
 CURVE ( )  GEOMETRIC_REPRESENTATION_ITEM ( )  RATIONAL_B_SPLINE_CURVE ( ( 1.000000000000000000, 0.9914162870737732725, 0.9914162870737732725, 1.000000000000000000 ) ) 
 REPRESENTATION_ITEM ( '' )  );
#3480 = CARTESIAN_POINT ( 'NONE',  ( -26.55975405379322041, 75.49486178574534279, 1.354243277080322105 ) ) ;
#3481 = ORIENTED_EDGE ( 'NONE', *, *, #2496, .T. ) ;
#3482 = DIRECTION ( 'NONE',  ( 1.000000000000000000, 0.000000000000000000, 0.000000000000000000 ) ) ;
#3483 = CARTESIAN_POINT ( 'NONE',  ( -17.38761475445199878, 56.42338620400760618, 27.58940076187340651 ) ) ;
#3484 = VERTEX_POINT ( 'NONE', #1044 ) ;
#3485 = DIRECTION ( 'NONE',  ( -0.000000000000000000, 0.000000000000000000, 1.000000000000000000 ) ) ;
#3486 = CARTESIAN_POINT ( 'NONE',  ( 31.90897786766390354, 57.00000000000000000, 6.169856679124345433 ) ) ;
#3487 = CARTESIAN_POINT ( 'NONE',  ( -10.42573596564011851, 30.03193603889076968, 30.78300207289722223 ) ) ;
#3488 = EDGE_CURVE ( 'NONE', #1346, #968, #1471, .T. ) ;
#3489 = CARTESIAN_POINT ( 'NONE',  ( 2.197288865933739732, 0.7313019390581739776, 78.00000000000000000 ) ) ;
#3490 = VERTEX_POINT ( 'NONE', #84 ) ;
#3491 = CARTESIAN_POINT ( 'NONE',  ( -23.76687335823792679, 46.76115709688290423, 22.17147592108653953 ) ) ;
#3492 = CARTESIAN_POINT ( 'NONE',  ( 1.710418849277292930, 65.30652783668323025, 24.20483072216906351 ) ) ;
#3493 = DIRECTION ( 'NONE',  ( -0.000000000000000000, 0.000000000000000000, 1.000000000000000000 ) ) ;
#3494 = FACE_OUTER_BOUND ( 'NONE', #3653, .T. ) ;
#3495 = CARTESIAN_POINT ( 'NONE',  ( 21.18723816587580799, 31.23580121537612087, 30.12945505803508084 ) ) ;
#3496 = CARTESIAN_POINT ( 'NONE',  ( 5.426691266855845797, 85.41558528218565982, 19.65178748287480914 ) ) ;
#3497 = CARTESIAN_POINT ( 'NONE',  ( -24.98172745198936440, 77.32181177716535103, 4.132679539161133953 ) ) ;
#3498 = ORIENTED_EDGE ( 'NONE', *, *, #1223, .T. ) ;
#3499 = AXIS2_PLACEMENT_3D ( 'NONE', #1852, #3369, #873 ) ;
#3500 = CARTESIAN_POINT ( 'NONE',  ( -8.673617379884035472E-16, 39.00000000000000711, -47.50200000000000244 ) ) ;
#3501 = CARTESIAN_POINT ( 'NONE',  ( 12.53949788866090209, 34.26315789473688511, 29.98351201410984146 ) ) ;
#3502 = VERTEX_POINT ( 'NONE', #3542 ) ;
#3503 = EDGE_CURVE ( 'NONE', #543, #1072, #1211, .T. ) ;
#3504 = DIRECTION ( 'NONE',  ( 1.000000000000000000, 0.000000000000000000, 0.000000000000000000 ) ) ;
#3505 = CARTESIAN_POINT ( 'NONE',  ( 0.000000000000000000, 56.52076677316293996, -26.51916932907348468 ) ) ;
#3506 = CARTESIAN_POINT ( 'NONE',  ( 16.10776960428778892, 57.05912691581811913, 38.88759583825390820 ) ) ;
#3507 = CARTESIAN_POINT ( 'NONE',  ( -12.99915183298926635, 74.67563900660218223, 21.98426428549434419 ) ) ;
#3508 = CARTESIAN_POINT ( 'NONE',  ( -9.448775938256018136, 80.64293827625300537, 17.02252779658841320 ) ) ;
#3509 = ORIENTED_EDGE ( 'NONE', *, *, #3450, .F. ) ;
#3510 = CARTESIAN_POINT ( 'NONE',  ( -19.42693112540727540, 51.25723170909827786, 26.06251081557808291 ) ) ;
#3511 = CARTESIAN_POINT ( 'NONE',  ( 0.7236981379913123291, 24.01735694305950375, 32.49397383364061653 ) ) ;
#3512 = CARTESIAN_POINT ( 'NONE',  ( 5.395859704858444239, 52.77357795858947753, 25.96597904705626192 ) ) ;
#3513 = LINE ( 'NONE', #1956, #2711 ) ;
#3514 = CARTESIAN_POINT ( 'NONE',  ( -26.51946248941918682, 53.51006636323660359, -0.4900937151153528237 ) ) ;
#3515 = CARTESIAN_POINT ( 'NONE',  ( -15.09593904270489872, 63.30901477520729514, 27.64579799383981396 ) ) ;
#3516 = CARTESIAN_POINT ( 'NONE',  ( -32.68177011354402595, 62.75145330546402533, -2.170940937305301244 ) ) ;
#3517 = FACE_OUTER_BOUND ( 'NONE', #3191, .T. ) ;
#3518 = CARTESIAN_POINT ( 'NONE',  ( -30.80231574144823270, 67.78691208293788861, -2.741763274296310282 ) ) ;
#3519 = ORIENTED_EDGE ( 'NONE', *, *, #661, .F. ) ;
#3520 = CARTESIAN_POINT ( 'NONE',  ( 36.55300926153619656, 51.36842105263156810, 8.374217212733896076 ) ) ;
#3521 = CARTESIAN_POINT ( 'NONE',  ( 10.25749267975972501, 42.01353076347307791, 30.86305100483468067 ) ) ;
#3522 = ORIENTED_EDGE ( 'NONE', *, *, #1199, .T. ) ;
#3523 = CARTESIAN_POINT ( 'NONE',  ( 26.51916932907348468, 56.52076677316293996, 0.000000000000000000 ) ) ;
#3524 = LINE ( 'NONE', #45, #593 ) ;
#3525 = CARTESIAN_POINT ( 'NONE',  ( 16.92575028324939623, 57.09195058655183885, 40.86237588715211899 ) ) ;
#3526 = EDGE_CURVE ( 'NONE', #3055, #1042, #3298, .T. ) ;
#3527 = CARTESIAN_POINT ( 'NONE',  ( 23.12198152327220413, 58.49051562497481882, 12.51537980547390916 ) ) ;
#3528 = CARTESIAN_POINT ( 'NONE',  ( -10.04335551566286000, 75.07065491007810465, 23.35067499862633866 ) ) ;
#3529 = VERTEX_POINT ( 'NONE', #3289 ) ;
#3530 = AXIS2_PLACEMENT_3D ( 'NONE', #3061, #3387, #1235 ) ;
#3531 = CARTESIAN_POINT ( 'NONE',  ( -22.87940757381132784, 47.45854591654189392, 23.08595964157580838 ) ) ;
#3532 = AXIS2_PLACEMENT_3D ( 'NONE', #1422, #3409, #242 ) ;
#3533 = CARTESIAN_POINT ( 'NONE',  ( 2.878172638011060602, 24.34866017448748821, 32.38012753660792953 ) ) ;
#3534 = CARTESIAN_POINT ( 'NONE',  ( -14.75883020419726677, 63.42167290384044520, 20.21120568098103476 ) ) ;
#3535 = FACE_OUTER_BOUND ( 'NONE', #1842, .T. ) ;
#3536 = DIRECTION ( 'NONE',  ( -0.000000000000000000, -1.000000000000000000, -0.000000000000000000 ) ) ;
#3537 = CARTESIAN_POINT ( 'NONE',  ( -19.38473796038742947, 76.67549989288882273, 19.69938280086871174 ) ) ;
#3538 = CARTESIAN_POINT ( 'NONE',  ( -0.4336744941595030989, 50.50000000000000000, 26.51916932907348823 ) ) ;
#3539 = CARTESIAN_POINT ( 'NONE',  ( -1.139007351096107266E-14, 87.00000000000000000, -8.698459645518896935E-16 ) ) ;
#3540 = CARTESIAN_POINT ( 'NONE',  ( -14.31544409716477162, 76.81305948950890183, 18.86023764983294981 ) ) ;
#3541 = ORIENTED_EDGE ( 'NONE', *, *, #2520, .F. ) ;
#3542 = CARTESIAN_POINT ( 'NONE',  ( -59.80248709202300006, 70.90395092580929770, 24.94977604117368131 ) ) ;
#3543 = CARTESIAN_POINT ( 'NONE',  ( 29.78060372638925912, 32.78888369102746481, 13.01836791115602487 ) ) ;
#3544 = ORIENTED_EDGE ( 'NONE', *, *, #684, .F. ) ;
#3545 = CARTESIAN_POINT ( 'NONE',  ( -17.50618045717837035, 52.19176084219448342, 27.38361249998708757 ) ) ;
#3546 = DIRECTION ( 'NONE',  ( 0.7071067811865460184, 0.000000000000000000, -0.7071067811865489050 ) ) ;
#3547 = CARTESIAN_POINT ( 'NONE',  ( -15.00513226357681340, 52.41814480953772204, 28.95229417660677385 ) ) ;
#3548 = ORIENTED_EDGE ( 'NONE', *, *, #3326, .T. ) ;
#3549 = ADVANCED_FACE ( 'NONE', ( #1719 ), #2614, .T. ) ;
#3550 = EDGE_CURVE ( 'NONE', #566, #2311, #2899, .T. ) ;
#3551 = CARTESIAN_POINT ( 'NONE',  ( -32.45518159388375778, 49.81165159015614563, 16.23552080028873235 ) ) ;
#3552 = CARTESIAN_POINT ( 'NONE',  ( 5.653475967007030256, 62.93443671050244603, 24.55551631707409044 ) ) ;
#3553 = CARTESIAN_POINT ( 'NONE',  ( 9.488292830168393976, 80.15789473684210975, 34.36014785153980711 ) ) ;
#3554 = CYLINDRICAL_SURFACE ( 'NONE', #238, 13.00000000000000178 ) ;
#3555 = DIRECTION ( 'NONE',  ( 0.000000000000000000, -0.6263567254349919899, -0.7795365626462648079 ) ) ;
#3556 = EDGE_CURVE ( 'NONE', #2858, #2991, #3978, .T. ) ;
#3557 = CARTESIAN_POINT ( 'NONE',  ( -19.11768648896132916, 75.86239796001163427, 21.04551254524597326 ) ) ;
#3558 = CARTESIAN_POINT ( 'NONE',  ( 7.020515151636566031, 86.39572848313441966, 2.126089166622260329 ) ) ;
#3559 = CARTESIAN_POINT ( 'NONE',  ( 8.633289788944658483, 82.05312486061474431, 31.26390794455880595 ) ) ;
#3560 = CARTESIAN_POINT ( 'NONE',  ( -15.24614220163436684, 78.40521529246960597, 16.01261439750967952 ) ) ;
#3561 = ORIENTED_EDGE ( 'NONE', *, *, #309, .F. ) ;
#3562 = CARTESIAN_POINT ( 'NONE',  ( -30.20228378093110422, 50.16474783033655882, 20.71907202275958326 ) ) ;
#3563 = CARTESIAN_POINT ( 'NONE',  ( -15.43279117152147428, 53.75594160904984165, 31.55929025320544667 ) ) ;
#3564 = ORIENTED_EDGE ( 'NONE', *, *, #1924, .F. ) ;
#3565 = CARTESIAN_POINT ( 'NONE',  ( 19.03731817779161517, 80.75102238305535707, 3.200272025129460296 ) ) ;
#3566 = DIRECTION ( 'NONE',  ( 0.7071067811865461294, 0.000000000000000000, -0.7071067811865489050 ) ) ;
#3567 = VECTOR ( 'NONE', #3027, 999.9999999999998863 ) ;
#3568 = CARTESIAN_POINT ( 'NONE',  ( -19.17190947319813787, 67.39340420704583323, 28.01012366267039866 ) ) ;
#3569 = EDGE_LOOP ( 'NONE', ( #3667, #2035, #3891, #3407, #499, #2031 ) ) ;
#3570 = CARTESIAN_POINT ( 'NONE',  ( -32.34151100158550207, 49.55189787128530554, 3.294396229343217630 ) ) ;
#3571 = CARTESIAN_POINT ( 'NONE',  ( 7.120095661304908674, 60.40682353560465145, 24.92381926720448249 ) ) ;
#3572 = DIRECTION ( 'NONE',  ( 0.7071067811865487940, -0.000000000000000000, 0.7071067811865463515 ) ) ;
#3573 = CARTESIAN_POINT ( 'NONE',  ( 0.000000000000000000, 57.00000000000000000, -32.50000000000000000 ) ) ;
#3574 = B_SPLINE_CURVE_WITH_KNOTS ( 'NONE', 3,
 ( #3023, #3658, #834, #3944, #2942, #2004, #1777, #3001, #2077, #2041, #2366, #1464, #454, #3330, #2665, #3597, #1118, #1402, #1757, #534, #2328, #2706, #1387, #1696, #3965, #203, #1157, #3285, #3616, #2405, #2628, #3889, #3306, #797, #510, #2647, #1081, #3579, #162, #3268, #779, #2344, #2686, #2022, #473, #1716 ),
 .UNSPECIFIED., .F., .F.,
 ( 4, 2, 2, 2, 2, 2, 2, 2, 2, 2, 2, 2, 2, 2, 2, 2, 2, 2, 2, 2, 2, 2, 4 ),
 ( 0.000000000000000000, 0.001597113340431645595, 0.003194226680863291191, 0.003992783351079109110, 0.004791340021294926595, 0.006388453361726547687, 0.007187010031942357366, 0.007985566702158167912, 0.009582680042589790739, 0.01038123671280560302, 0.01117979338302141530, 0.01277690672345303639, 0.01357546339366884694, 0.01437402006388465749, 0.01597113340431628725, 0.01676969007453209953, 0.01756824674474791181, 0.01916536008517953291, 0.01996391675539534519, 0.02076247342561114706, 0.02235958676604275081, 0.02395670010647435108, 0.02555381344690594789 ),
 .UNSPECIFIED. ) ;
#3575 = CARTESIAN_POINT ( 'NONE',  ( -21.13393965614940129, 51.71805756631864170, 16.02196738456695257 ) ) ;
#3576 = B_SPLINE_CURVE_WITH_KNOTS ( 'NONE', 3,
 ( #610, #1459, #908, #2073, #3960, #1773, #549, #1792, #1214, #2460, #3710, #852, #3019, #1520, #2153, #2702, #889, #2725, #588, #199 ),
 .UNSPECIFIED., .F., .F.,
 ( 4, 2, 2, 2, 2, 2, 2, 2, 2, 4 ),
 ( 2.709724693207104063E-17, 0.006205406952908555998, 0.009308110429362817517, 0.01241081390581707904, 0.01551351738227134056, 0.01861622085872560381, 0.02171892433517986012, 0.02327027607340698828, 0.02404595194252055756, 0.02482162781163412338 ),
 .UNSPECIFIED. ) ;
#3577 = CARTESIAN_POINT ( 'NONE',  ( -18.80089147077832834, 74.28103713298116872, 23.14212989733901082 ) ) ;
#3578 = FACE_OUTER_BOUND ( 'NONE', #2437, .T. ) ;
#3579 = CARTESIAN_POINT ( 'NONE',  ( 6.690854548241635946, 31.56369405988987253, 36.13329993228775550 ) ) ;
#3580 = EDGE_CURVE ( 'NONE', #981, #303, #3250, .T. ) ;
#3581 = CARTESIAN_POINT ( 'NONE',  ( -16.91480664504394937, 75.31580010395911984, 18.66591827550566052 ) ) ;
#3582 = ORIENTED_EDGE ( 'NONE', *, *, #1377, .F. ) ;
#3583 = CARTESIAN_POINT ( 'NONE',  ( -33.89150455336073264, 57.20795772861608697, 0.7581357859756399087 ) ) ;
#3584 = CARTESIAN_POINT ( 'NONE',  ( -21.37098541149019582, 60.21722230392402508, 29.04360954837946096 ) ) ;
#3585 = ORIENTED_EDGE ( 'NONE', *, *, #1449, .T. ) ;
#3586 = CARTESIAN_POINT ( 'NONE',  ( 15.17298129600792400, 28.87162173002867860, 28.74172915157410202 ) ) ;
#3587 = CARTESIAN_POINT ( 'NONE',  ( 17.41641610343035040, 26.41994544714234294, 27.44094856572813157 ) ) ;
#3588 = ORIENTED_EDGE ( 'NONE', *, *, #528, .F. ) ;
#3589 = CIRCLE ( 'NONE', #3325, 5.000000000000001776 ) ;
#3590 = CARTESIAN_POINT ( 'NONE',  ( -33.81903646681881526, 50.66329852304338743, 11.36147209909720779 ) ) ;
#3591 = CARTESIAN_POINT ( 'NONE',  ( -17.48239093759786300, 56.52076677316291864, 19.94072087485976041 ) ) ;
#3592 = AXIS2_PLACEMENT_3D ( 'NONE', #2955, #1358, #2605 ) ;
#3593 = CARTESIAN_POINT ( 'NONE',  ( -18.12878382943437217, 57.88698744270129026, 27.46748962705503772 ) ) ;
#3594 = CARTESIAN_POINT ( 'NONE',  ( -18.70333448182164204, 72.75606139721745080, 24.64529898949726316 ) ) ;
#3595 = CIRCLE ( 'NONE', #1830, 7.500000000000010658 ) ;
#3596 = CARTESIAN_POINT ( 'NONE',  ( 16.79420456916434645, 83.25440694898568950, 5.753091870999178070 ) ) ;
#3597 = CARTESIAN_POINT ( 'NONE',  ( -4.129032159177337569, 29.87756226089344480, 36.99165004086005126 ) ) ;
#3598 = CARTESIAN_POINT ( 'NONE',  ( -13.62762398412931120, 74.81141157102250361, 21.47280586193098628 ) ) ;
#3599 = CARTESIAN_POINT ( 'NONE',  ( -9.407326241492729224, 28.64016830399488711, 31.10969528405389894 ) ) ;
#3600 = B_SPLINE_CURVE_WITH_KNOTS ( 'NONE', 3,
 ( #1783, #2634, #3949, #187 ),
 .UNSPECIFIED., .F., .F.,
 ( 4, 4 ),
 ( 2.030372883623100641E-07, 0.001497819314019014844 ),
 .UNSPECIFIED. ) ;
#3601 = CARTESIAN_POINT ( 'NONE',  ( -13.99903177966436552, 70.68576581074431431, 15.70810396721236657 ) ) ;
#3603 = EDGE_CURVE ( 'NONE', #3090, #2658, #1825, .T. ) ;
#3602 = CARTESIAN_POINT ( 'NONE',  ( -31.03905814337813140, 49.90409429533937669, 19.30188603236174671 ) ) ;
#3604 = CARTESIAN_POINT ( 'NONE',  ( -15.91712735872252615, 56.10375871111466495, 28.46040875331189213 ) ) ;
#3605 = CARTESIAN_POINT ( 'NONE',  ( 23.82495135566100330, 54.15717547290689282, 45.79704747338712423 ) ) ;
#3606 = DIRECTION ( 'NONE',  ( 0.000000000000000000, 0.000000000000000000, -1.000000000000000000 ) ) ;
#3607 = EDGE_LOOP ( 'NONE', ( #153, #4036, #3798, #1590, #1656 ) ) ;
#3608 = CARTESIAN_POINT ( 'NONE',  ( 21.93253405013899027, 24.07108040464123278, 23.99435706238516275 ) ) ;
#3609 = CARTESIAN_POINT ( 'NONE',  ( 20.45902631370489999, 29.57259555564851894, 25.32660829426332683 ) ) ;
#3610 = VERTEX_POINT ( 'NONE', #1085 ) ;
#3611 = CARTESIAN_POINT ( 'NONE',  ( -30.37540647742631350, 49.12388402527140130, 11.61706648554916477 ) ) ;
#3612 = CYLINDRICAL_SURFACE ( 'NONE', #3629, 5.000000000000004441 ) ;
#3613 = CARTESIAN_POINT ( 'NONE',  ( 60.45762979144991789, 58.00000000000000711, 49.85102807365149857 ) ) ;
#3614 = CARTESIAN_POINT ( 'NONE',  ( -23.41571452648727814, 78.50705995723187414, 7.451524008941723842 ) ) ;
#3615 = CARTESIAN_POINT ( 'NONE',  ( 15.31519260169585728, 82.97246036333737607, 3.836311671501365872 ) ) ;
#3616 = CARTESIAN_POINT ( 'NONE',  ( 2.624889630200562429, 29.33634931565672233, 37.30036285512566252 ) ) ;
#3617 = CARTESIAN_POINT ( 'NONE',  ( -19.31502216749505152, 78.24460204839354560, 11.30975534968400886 ) ) ;
#3618 = CARTESIAN_POINT ( 'NONE',  ( -4.986112671223304815, 30.28850160058754426, 32.20905766575440765 ) ) ;
#3619 = CARTESIAN_POINT ( 'NONE',  ( -14.62629583456419979, 63.93516880922220480, 20.07867131134796779 ) ) ;
#3620 = CARTESIAN_POINT ( 'NONE',  ( -30.42077615666818247, 50.08530196373511956, 20.36942205928156113 ) ) ;
#3621 = CARTESIAN_POINT ( 'NONE',  ( 13.49026715799310416, 47.06877324827373599, 32.22978938844821073 ) ) ;
#3622 = CARTESIAN_POINT ( 'NONE',  ( 13.72477818479653244, 48.95458813524361119, 33.13454563431334776 ) ) ;
#3623 = CARTESIAN_POINT ( 'NONE',  ( 13.46566045252822086, 38.18377809578862525, 29.60439317425068140 ) ) ;
#3624 = ORIENTED_EDGE ( 'NONE', *, *, #1850, .F. ) ;
#3625 = CARTESIAN_POINT ( 'NONE',  ( 13.50374496220310938, 31.56004563237221205, 29.57235715907598816 ) ) ;
#3626 = CARTESIAN_POINT ( 'NONE',  ( 15.34589231780770824, 28.64016830399489422, 28.64986067419549443 ) ) ;
#3627 = EDGE_CURVE ( 'NONE', #3020, #2393, #2331, .T. ) ;
#3628 = ORIENTED_EDGE ( 'NONE', *, *, #2455, .T. ) ;
#3629 = AXIS2_PLACEMENT_3D ( 'NONE', #3921, #2360, #1752 ) ;
#3630 =( BOUNDED_SURFACE ( )  B_SPLINE_SURFACE ( 3, 2, ( 
 ( #988, #2538, #1254 ),
 ( #363, #967, #2232 ),
 ( #4043, #301, #3753 ),
 ( #9, #648, #2190 ),
 ( #2209, #3424, #1274 ),
 ( #383, #1888, #690 ),
 ( #71, #2171, #1539 ),
 ( #2824, #3817, #627 ),
 ( #1619, #1579, #27 ),
 ( #2864, #3468, #2501 ),
 ( #1233, #671, #1909 ),
 ( #1868, #3137, #3156 ),
 ( #2844, #1315, #47 ),
 ( #2482, #1009, #2558 ),
 ( #2252, #3508, #3734 ),
 ( #928, #1686, #114 ),
 ( #2579, #2599, #3861 ),
 ( #1992, #1333, #1030 ),
 ( #174, #1052, #1972 ),
 ( #3218, #2657, #1414 ),
 ( #2638, #2299, #92 ),
 ( #465, #3900, #2276 ),
 ( #1645, #3528, #1663 ),
 ( #1727, #3838, #1110 ),
 ( #3196, #2034, #1090 ),
 ( #2932, #1354, #2336 ) ),
 .UNSPECIFIED., .F., .F., .F. ) 
 B_SPLINE_SURFACE_WITH_KNOTS ( ( 4, 2, 2, 2, 2, 2, 2, 2, 2, 2, 2, 2, 4 ),
 ( 3, 3 ),
 ( -0.01173530560943564921, -0.006741084610629484095, -0.001746863611823318112, 0.0007502468875797646628, 0.003247357386982847437, 0.008241578385789012987, 0.01073868888519209641, 0.01323579938459517810, 0.01823002038340134495, 0.02072713088280442664, 0.02197568613250596575, 0.02322424138220750833, 0.02821846238101367518 ),
 ( 0.000000000000000000, 1.000000000000000000 ),
 .UNSPECIFIED. ) 
 GEOMETRIC_REPRESENTATION_ITEM ( )  RATIONAL_B_SPLINE_SURFACE ( (
 ( 1.000000000000000000, 1.000000000000000000, 1.000000000000000000),
 ( 1.000000000000000000, 0.9999976235538083902, 1.000000000000000000),
 ( 1.000000000000000000, 0.9988682657757423922, 1.000000000000000000),
 ( 1.000000000000000000, 0.9943995940213656848, 1.000000000000000000),
 ( 1.000000000000000000, 0.9910631489749176515, 1.000000000000000000),
 ( 1.000000000000000000, 0.9843249508289420024, 1.000000000000000000),
 ( 1.000000000000000000, 0.9817771876084405713, 1.000000000000000000),
 ( 1.000000000000000000, 0.9761334065927068648, 1.000000000000000000),
 ( 1.000000000000000000, 0.9730424241905607508, 1.000000000000000000),
 ( 1.000000000000000000, 0.9629593450680425937, 1.000000000000000000),
 ( 1.000000000000000000, 0.9551630460714327642, 1.000000000000000000),
 ( 1.000000000000000000, 0.9417465829106567154, 1.000000000000000000),
 ( 1.000000000000000000, 0.9369860411461297112, 1.000000000000000000),
 ( 1.000000000000000000, 0.9268495489026689071, 1.000000000000000000),
 ( 1.000000000000000000, 0.9214622142535143778, 1.000000000000000000),
 ( 1.000000000000000000, 0.9046209273166141429, 1.000000000000000000),
 ( 1.000000000000000000, 0.8924096381965510583, 1.000000000000000000),
 ( 1.000000000000000000, 0.8724939692873766584, 1.000000000000000000),
 ( 1.000000000000000000, 0.8655875709314178046, 1.000000000000000000),
 ( 1.000000000000000000, 0.8547950961173099715, 1.000000000000000000),
 ( 1.000000000000000000, 0.8511219217469809806, 1.000000000000000000),
 ( 1.000000000000000000, 0.8437055901649475054, 1.000000000000000000),
 ( 1.000000000000000000, 0.8399532569670746796, 1.000000000000000000),
 ( 1.000000000000000000, 0.8209714461467598756, 1.000000000000000000),
 ( 1.000000000000000000, 0.8050825758653297193, 1.000000000000000000),
 ( 1.000000000000000000, 0.7884843015987275106, 1.000000000000000000) ) ) 
 REPRESENTATION_ITEM ( '' )  SURFACE ( )  );
#3631 = CARTESIAN_POINT ( 'NONE',  ( -10.00661345553959869, 78.60053507693432095, 22.16088038665180093 ) ) ;
#3632 = LINE ( 'NONE', #218, #330 ) ;
#3633 = AXIS2_PLACEMENT_3D ( 'NONE', #3804, #1628, #79 ) ;
#3634 = CARTESIAN_POINT ( 'NONE',  ( -0.1234683710295148423, 87.00000000000000000, 0.2273504352786075988 ) ) ;
#3635 = CARTESIAN_POINT ( 'NONE',  ( 28.79804291575552710, 29.67448437249783311, 23.67865221556530386 ) ) ;
#3636 = CARTESIAN_POINT ( 'NONE',  ( 17.43468888585704235, 80.40488532784881670, 30.73690807375155742 ) ) ;
#3637 = CARTESIAN_POINT ( 'NONE',  ( -13.41911648213343078, 66.87278993414452088, 26.97084638265789991 ) ) ;
#3638 = CARTESIAN_POINT ( 'NONE',  ( -1.841376263126609070, 29.16747879553335565, 37.40017757037488622 ) ) ;
#3639 = EDGE_LOOP ( 'NONE', ( #2786, #3148, #1904, #2478, #1270, #2300 ) ) ;
#3640 = CARTESIAN_POINT ( 'NONE',  ( -33.82089252964846793, 57.88704014171957368, 0.2739854105623089620 ) ) ;
#3641 = CARTESIAN_POINT ( 'NONE',  ( 31.90897786766390354, 57.00000000000000000, 6.169856679124345433 ) ) ;
#3642 = CARTESIAN_POINT ( 'NONE',  ( 21.39463775886531849, 50.15768981009426852, 41.12542462278224065 ) ) ;
#3643 = DIRECTION ( 'NONE',  ( 0.7071067811865463515, 0.000000000000000000, -0.7071067811865486830 ) ) ;
#3644 = ORIENTED_EDGE ( 'NONE', *, *, #1705, .T. ) ;
#3645 = CARTESIAN_POINT ( 'NONE',  ( 23.97571065605652763, 24.08591881492498388, 21.94419233326131646 ) ) ;
#3646 = CARTESIAN_POINT ( 'NONE',  ( 16.74689265816687112, 32.89915864970332393, 28.02545721219981445 ) ) ;
#3647 = B_SPLINE_CURVE_WITH_KNOTS ( 'NONE', 3,
 ( #3215, #3545, #2534, #1026 ),
 .UNSPECIFIED., .F., .F.,
 ( 4, 4 ),
 ( 0.000000000000000000, 0.002604338438795982501 ),
 .UNSPECIFIED. ) ;
#3648 = ORIENTED_EDGE ( 'NONE', *, *, #684, .T. ) ;
#3649 = LINE ( 'NONE', #3264, #1363 ) ;
#3650 = ADVANCED_FACE ( 'NONE', ( #3970 ), #3356, .F. ) ;
#3651 = CARTESIAN_POINT ( 'NONE',  ( -34.17524251811952496, 54.69732793606738142, 3.288211421047525285 ) ) ;
#3652 = DIRECTION ( 'NONE',  ( 0.7071067811865487940, 0.000000000000000000, 0.7071067811865463515 ) ) ;
#3653 = EDGE_LOOP ( 'NONE', ( #3564, #3786, #145, #3157, #2559, #442, #2070 ) ) ;
#3654 = VECTOR ( 'NONE', #2373, 1000.000000000000000 ) ;
#3655 = CARTESIAN_POINT ( 'NONE',  ( 7.438511320653845793, 57.01003460177652471, 25.41021242346761966 ) ) ;
#3656 = LINE ( 'NONE', #3081, #1437 ) ;
#3657 = CIRCLE ( 'NONE', #2604, 5.000000000000001776 ) ;
#3658 = CARTESIAN_POINT ( 'NONE',  ( -9.320632823112557475, 35.33834963625418624, 34.79736986137116617 ) ) ;
#3659 = CARTESIAN_POINT ( 'NONE',  ( -18.75188844717771275, 73.62674711779963843, 23.80462380497582942 ) ) ;
#3660 = CARTESIAN_POINT ( 'NONE',  ( -7.088414882314712173, 26.41994544714027526, 31.71894674371996459 ) ) ;
#3661 = CARTESIAN_POINT ( 'NONE',  ( -14.22509856769902825, 65.93895108305854080, 19.29975903769526369 ) ) ;
#3662 = CIRCLE ( 'NONE', #916, 5.000000000000004441 ) ;
#3663 = LINE ( 'NONE', #2409, #3567 ) ;
#3664 = CARTESIAN_POINT ( 'NONE',  ( -2.197288865933773483, 0.7313019390581875223, 78.00000000000000000 ) ) ;
#3665 = CARTESIAN_POINT ( 'NONE',  ( -32.36267363887630211, 57.00000000000000000, -2.984519214811831578 ) ) ;
#3666 = CARTESIAN_POINT ( 'NONE',  ( -6.969692582442112538, 84.98473893437216020, 8.905045141913758400 ) ) ;
#3667 = ORIENTED_EDGE ( 'NONE', *, *, #3724, .F. ) ;
#3668 = CARTESIAN_POINT ( 'NONE',  ( 22.17660368646597391, 52.77439037889858753, 14.54460557942353383 ) ) ;
#3669 = CARTESIAN_POINT ( 'NONE',  ( 13.61927565968932186, 31.41754736565677320, 29.51057997896638341 ) ) ;
#3670 = EDGE_LOOP ( 'NONE', ( #3152, #3648, #3685, #2569 ) ) ;
#3671 = DIRECTION ( 'NONE',  ( 1.000000000000000000, 0.000000000000000000, 0.000000000000000000 ) ) ;
#3672 = CARTESIAN_POINT ( 'NONE',  ( -33.90716824897785386, 57.06885767444483548, 0.8676561442146194514 ) ) ;
#3673 = CARTESIAN_POINT ( 'NONE',  ( -15.18126852826942219, 52.94736842105263719, 31.76834649986019699 ) ) ;
#3674 = VERTEX_POINT ( 'NONE', #289 ) ;
#3675 = FACE_OUTER_BOUND ( 'NONE', #2242, .T. ) ;
#3676 = CARTESIAN_POINT ( 'NONE',  ( -19.60489564503609827, 51.01637864118079335, 25.92732869075891600 ) ) ;
#3677 = CARTESIAN_POINT ( 'NONE',  ( -14.09389750582033685, 63.34699971077190384, 28.00736049863839128 ) ) ;
#3678 = CARTESIAN_POINT ( 'NONE',  ( -0.7023877944303686949, 24.00121593599502390, 32.49957847588687088 ) ) ;
#3679 = EDGE_CURVE ( 'NONE', #847, #148, #304, .T. ) ;
#3680 = VERTEX_POINT ( 'NONE', #3718 ) ;
#3681 = DIRECTION ( 'NONE',  ( 0.7071067811865467956, 0.000000000000000000, -0.7071067811865481278 ) ) ;
#3682 = DIRECTION ( 'NONE',  ( -0.3157894736842114525, -0.9488292830168389980, 0.000000000000000000 ) ) ;
#3683 = CARTESIAN_POINT ( 'NONE',  ( -27.63711325293930798, 71.07497579489424311, -4.624276642546802485 ) ) ;
#3684 = CARTESIAN_POINT ( 'NONE',  ( 32.72135755752142217, 47.50998708634373457, 13.81106142114034085 ) ) ;
#3685 = ORIENTED_EDGE ( 'NONE', *, *, #405, .T. ) ;
#3686 = CARTESIAN_POINT ( 'NONE',  ( 14.06833083214824143, 53.41323115845329284, 22.48176684578392326 ) ) ;
#3687 = CARTESIAN_POINT ( 'NONE',  ( 24.14915980915169058, 24.12271406013103814, 21.75277328284398592 ) ) ;
#3688 = ORIENTED_EDGE ( 'NONE', *, *, #1807, .F. ) ;
#3689 = CARTESIAN_POINT ( 'NONE',  ( 19.53551640766260888, 64.73438588128841786, 14.81557541451422111 ) ) ;
#3690 = CARTESIAN_POINT ( 'NONE',  ( -32.50954794108836410, 58.23166814820424975, -1.397717320682190012 ) ) ;
#3691 = CARTESIAN_POINT ( 'NONE',  ( -11.46707597182153116, 41.78760866336966018, 33.88245540775684361 ) ) ;
#3692 = EDGE_LOOP ( 'NONE', ( #1699, #705, #2676 ) ) ;
#3693 = DIRECTION ( 'NONE',  ( 0.000000000000000000, 1.000000000000000000, 0.000000000000000000 ) ) ;
#3694 = CARTESIAN_POINT ( 'NONE',  ( -32.43938374294017990, 55.43945775428247202, -1.995800710603907957 ) ) ;
#3695 = VECTOR ( 'NONE', #825, 1000.000000000000114 ) ;
#3696 = CARTESIAN_POINT ( 'NONE',  ( -18.73482312091647728, 73.38834261705473239, 24.04402411464299050 ) ) ;
#3697 = CARTESIAN_POINT ( 'NONE',  ( 8.442442595246602011, 33.59358873848996296, 31.54122888750541520 ) ) ;
#3698 = CARTESIAN_POINT ( 'NONE',  ( 24.96881506481329183, 56.25630540527644996, 47.99581715014788585 ) ) ;
#3699 = DIRECTION ( 'NONE',  ( 0.7071067811865491270, -1.579698396691562825E-15, 0.7071067811865459074 ) ) ;
#3700 = CARTESIAN_POINT ( 'NONE',  ( -32.68177011354402595, 62.75145330546402533, -2.170940937305301244 ) ) ;
#3701 = ADVANCED_FACE ( 'NONE', ( #1221 ), #1817, .F. ) ;
#3702 = CARTESIAN_POINT ( 'NONE',  ( 0.3474880963485454388, 59.41209940301363446, 8.640421286368074050 ) ) ;
#3703 = CARTESIAN_POINT ( 'NONE',  ( -32.28424724380180777, 57.73267250522588512, -3.449828938078798313 ) ) ;
#3704 = PRODUCT_DEFINITION_CONTEXT ( 'detailed design', #769, 'design' ) ;
#3705 = VERTEX_POINT ( 'NONE', #1838 ) ;
#3706 = CARTESIAN_POINT ( 'NONE',  ( 37.47665940288707986, 39.00000000000000711, 37.47665940288695197 ) ) ;
#3707 = CARTESIAN_POINT ( 'NONE',  ( 28.77801958747503619, 29.66053149002239309, 23.70985059502871550 ) ) ;
#3708 = EDGE_LOOP ( 'NONE', ( #2319, #2695, #2292, #3219, #319, #1532 ) ) ;
#3709 = DIRECTION ( 'NONE',  ( 1.000000000000000000, 0.000000000000000000, 0.000000000000000000 ) ) ;
#3710 = CARTESIAN_POINT ( 'NONE',  ( 6.936370047873184674, 86.41027810293732614, 2.099469440812033572 ) ) ;
#3711 = EDGE_LOOP ( 'NONE', ( #3771, #925 ) ) ;
#3712 = CARTESIAN_POINT ( 'NONE',  ( 2.045857968547577510, 87.00000000004986589, 0.4054823042499390851 ) ) ;
#3713 = DIRECTION ( 'NONE',  ( -0.3157894736842107863, -0.9488292830168391090, 0.000000000000000000 ) ) ;
#3714 = AXIS2_PLACEMENT_3D ( 'NONE', #2285, #432, #451 ) ;
#3715 = CARTESIAN_POINT ( 'NONE',  ( -18.70332084679571238, 72.65327524925886848, 24.73073919461662129 ) ) ;
#3716 = CARTESIAN_POINT ( 'NONE',  ( 12.11813354405339105, 33.51206909435894943, 30.15718279285023584 ) ) ;
#3717 = CARTESIAN_POINT ( 'NONE',  ( -18.91170383461261295, 73.08276000410020856, -1.196710599398428387 ) ) ;
#3718 = CARTESIAN_POINT ( 'NONE',  ( 23.28003304440150245, 63.05263157894739123, 44.74958889110786231 ) ) ;
#3719 = VECTOR ( 'NONE', #2807, 1000.000000000000114 ) ;
#3720 = CARTESIAN_POINT ( 'NONE',  ( 0.000000000000000000, 77.00000000000000000, 78.00000000000000000 ) ) ;
#3721 = CARTESIAN_POINT ( 'NONE',  ( 21.94045846358702434, 80.15789473684210975, 8.521986059395434410 ) ) ;
#3722 = CARTESIAN_POINT ( 'NONE',  ( -32.90928012680253545, 62.01281551560651906, -1.919440298088667340 ) ) ;
#3723 = AXIS2_PLACEMENT_3D ( 'NONE', #1337, #735, #1056 ) ;
#3724 = EDGE_CURVE ( 'NONE', #2014, #3502, #3663, .T. ) ;
#3725 = VERTEX_POINT ( 'NONE', #1201 ) ;
#3726 = EDGE_CURVE ( 'NONE', #2635, #3438, #3238, .T. ) ;
#3727 = CARTESIAN_POINT ( 'NONE',  ( 13.45521584318061592, 54.49706718296516073, 22.85334180982576413 ) ) ;
#3728 = CARTESIAN_POINT ( 'NONE',  ( 29.73435638640417622, 30.59679287283259796, 22.03335389550128554 ) ) ;
#3729 = CIRCLE ( 'NONE', #2742, 13.00000000000000000 ) ;
#3730 = ORIENTED_EDGE ( 'NONE', *, *, #630, .T. ) ;
#3731 = EDGE_CURVE ( 'NONE', #398, #1230, #878, .T. ) ;
#3732 = CARTESIAN_POINT ( 'NONE',  ( 51.61879502661808061, 39.00000000000000711, 58.68986283848336427 ) ) ;
#3733 = CARTESIAN_POINT ( 'NONE',  ( -3.574870513751537526, 24.57231407416647784, 32.30469172747446294 ) ) ;
#3734 = CARTESIAN_POINT ( 'NONE',  ( -11.29078878155989329, 80.46858852501920012, 16.00910625992057845 ) ) ;
#3735 = VERTEX_POINT ( 'NONE', #917 ) ;
#3736 = EDGE_CURVE ( 'NONE', #3382, #2971, #1632, .T. ) ;
#3737 = DIRECTION ( 'NONE',  ( 0.3157894736842113970, -0.9488292830168389980, 0.000000000000000000 ) ) ;
#3738 = CARTESIAN_POINT ( 'NONE',  ( -35.14270417725091988, 0.7313019390581875223, -32.03526846259585881 ) ) ;
#3739 = CARTESIAN_POINT ( 'NONE',  ( -33.75603452234029334, 58.61349321854931560, -0.1515328258611157719 ) ) ;
#3740 = CARTESIAN_POINT ( 'NONE',  ( 4.068556953790142039, 29.86130836330353588, 37.00190247701818436 ) ) ;
#3741 = DIRECTION ( 'NONE',  ( -0.6571554358209084068, 0.6723689483496029240, -0.3406856769315098621 ) ) ;
#3742 = DIRECTION ( 'NONE',  ( 0.000000000000000000, 0.000000000000000000, -1.000000000000000000 ) ) ;
#3743 = CARTESIAN_POINT ( 'NONE',  ( -33.47357362485444554, 59.93822828566861460, -0.9791917050489256091 ) ) ;
#3744 = CARTESIAN_POINT ( 'NONE',  ( -20.98876304859306430, 79.05827433026087192, 3.824560500191339862 ) ) ;
#3745 = CARTESIAN_POINT ( 'NONE',  ( -31.67451033023012386, 61.66860585978763254, -3.160693260615543121 ) ) ;
#3746 = ORIENTED_EDGE ( 'NONE', *, *, #950, .T. ) ;
#3747 = CARTESIAN_POINT ( 'NONE',  ( -5.000000000000005329, 39.00000000000000711, 53.00000000000000000 ) ) ;
#3748 = CARTESIAN_POINT ( 'NONE',  ( 23.91715969518512708, 24.07583827534887533, 22.00766655248285630 ) ) ;
#3749 = ADVANCED_FACE ( 'NONE', ( #599 ), #4052, .F. ) ;
#3750 = ORIENTED_EDGE ( 'NONE', *, *, #3326, .F. ) ;
#3751 = CARTESIAN_POINT ( 'NONE',  ( -2.519729991597722929, 24.27848414903338892, 32.40416630619442628 ) ) ;
#3752 = EDGE_CURVE ( 'NONE', #2461, #2591, #3108, .T. ) ;
#3753 = CARTESIAN_POINT ( 'NONE',  ( -1.839030042343286597, 86.90189484284357491, 2.257628671659801967 ) ) ;
#3754 = EDGE_LOOP ( 'NONE', ( #3177, #964, #1275, #1250 ) ) ;
#3755 = CARTESIAN_POINT ( 'NONE',  ( 14.28305195736124311, 50.24856350198520261, 41.90301009617058270 ) ) ;
#3756 = CARTESIAN_POINT ( 'NONE',  ( -7.261423990976411780, 59.93941628433520208, 24.99132801918513991 ) ) ;
#3757 = CARTESIAN_POINT ( 'NONE',  ( 5.000000000000007994, 77.00000000000000000, 78.00000000000000000 ) ) ;
#3758 = CARTESIAN_POINT ( 'NONE',  ( 3.429354553081668033, 29.57769700436962523, 32.37400946125974599 ) ) ;
#3759 = CYLINDRICAL_SURFACE ( 'NONE', #2148, 5.000000000000006217 ) ;
#3760 = CARTESIAN_POINT ( 'NONE',  ( -9.138513382752607939, 34.86513655100272047, 31.35424425276286087 ) ) ;
#3761 = CARTESIAN_POINT ( 'NONE',  ( 20.07238053369028918, 32.29455661661310018, 30.57024990297981759 ) ) ;
#3762 = AXIS2_PLACEMENT_3D ( 'NONE', #2179, #3413, #2468 ) ;
#3763 = DIRECTION ( 'NONE',  ( -0.7071067811865476838, 0.000000000000000000, -0.7071067811865472397 ) ) ;
#3764 =( BOUNDED_SURFACE ( )  B_SPLINE_SURFACE ( 3, 2, ( 
 ( #127, #2553, #1328 ),
 ( #2571, #1023, #3169 ),
 ( #1288, #685, #1967 ),
 ( #2267, #3151, #107 ),
 ( #1349, #3875, #1067 ),
 ( #2593, #2532, #357 ),
 ( #2837, #3790, #2294 ),
 ( #459, #3893, #477 ),
 ( #1702, #3604, #2713 ),
 ( #764, #3290, #495 ),
 ( #3913, #2946, #2350 ),
 ( #3563, #783, #209 ),
 ( #802, #2009, #1468 ),
 ( #3251, #1720, #2064 ) ),
 .UNSPECIFIED., .F., .F., .F. ) 
 B_SPLINE_SURFACE_WITH_KNOTS ( ( 4, 2, 2, 2, 2, 2, 4 ),
 ( 3, 3 ),
 ( 0.01523153227434743961, 0.01862148816137639690, 0.02031646610489087554, 0.02201144404840535418, 0.02540139993543431146, 0.02709637787894879357, 0.02879135582246327221 ),
 ( 0.000000000000000000, 1.000000000000000000 ),
 .UNSPECIFIED. ) 
 GEOMETRIC_REPRESENTATION_ITEM ( )  RATIONAL_B_SPLINE_SURFACE ( (
 ( 1.000000000000000000, 0.8668511374519803914, 1.000000000000000000),
 ( 1.000000000000000000, 0.8720888413033569542, 1.000000000000000000),
 ( 1.000000000000000000, 0.8761426242311397550, 1.000000000000000000),
 ( 1.000000000000000000, 0.8802868329247348633, 1.000000000000000000),
 ( 1.000000000000000000, 0.8813452372189439776, 1.000000000000000000),
 ( 1.000000000000000000, 0.8827814347369921100, 1.000000000000000000),
 ( 1.000000000000000000, 0.8831572942605390164, 1.000000000000000000),
 ( 1.000000000000000000, 0.8832115824682434946, 1.000000000000000000),
 ( 1.000000000000000000, 0.8818401057492817330, 1.000000000000000000),
 ( 1.000000000000000000, 0.8777445937707569756, 1.000000000000000000),
 ( 1.000000000000000000, 0.8760427010499129974, 1.000000000000000000),
 ( 1.000000000000000000, 0.8720619672841980474, 1.000000000000000000),
 ( 1.000000000000000000, 0.8697775180056794841, 1.000000000000000000),
 ( 1.000000000000000000, 0.8672240554360042264, 1.000000000000000000) ) ) 
 REPRESENTATION_ITEM ( '' )  SURFACE ( )  );
#3765 = CARTESIAN_POINT ( 'NONE',  ( -26.12320365211267870, 76.05928781884161083, 2.064365101597974927 ) ) ;
#3766 = AXIS2_PLACEMENT_3D ( 'NONE', #1782, #1800, #3103 ) ;
#3767 = ORIENTED_EDGE ( 'NONE', *, *, #1199, .F. ) ;
#3768 = CARTESIAN_POINT ( 'NONE',  ( 14.23243924525258919, 81.73684210526316463, 34.36014785153980000 ) ) ;
#3769 = CARTESIAN_POINT ( 'NONE',  ( 29.04120036997252896, 29.86130836330356431, 23.28739194663496548 ) ) ;
#3770 = B_SPLINE_CURVE_WITH_KNOTS ( 'NONE', 3,
 ( #1795, #3819, #692, #2826, #2846, #3755, #1870, #990, #50, #3139, #1317, #3117 ),
 .UNSPECIFIED., .F., .F.,
 ( 4, 2, 2, 2, 2, 4 ),
 ( 0.001162204391597540867, 0.005259604941114626522, 0.009357005490631712177, 0.01345440604014879783, 0.01550310631490734066, 0.01755180658966588175 ),
 .UNSPECIFIED. ) ;
#3771 = ORIENTED_EDGE ( 'NONE', *, *, #1908, .T. ) ;
#3772 = CARTESIAN_POINT ( 'NONE',  ( -4.789817431164363093, 85.79281313247408036, 9.093250514109488591 ) ) ;
#3773 = CARTESIAN_POINT ( 'NONE',  ( 15.18126852826942930, 63.05263157894739834, 48.10420699215573137 ) ) ;
#3774 = CARTESIAN_POINT ( 'NONE',  ( -15.18126852826942574, 63.05263157894739123, -47.50200000000000244 ) ) ;
#3775 = VERTEX_POINT ( 'NONE', #935 ) ;
#3776 = EDGE_CURVE ( 'NONE', #1053, #1809, #2733, .T. ) ;
#3777 = CARTESIAN_POINT ( 'NONE',  ( -24.01335267081047675, 51.32665361844220797, 21.99284624484939599 ) ) ;
#3778 = CARTESIAN_POINT ( 'NONE',  ( -3.774958837082627028, 64.49916886710109054, 24.32478406782477265 ) ) ;
#3779 = CARTESIAN_POINT ( 'NONE',  ( 0.000000000000000000, 77.00000000000000000, 53.00000000000000000 ) ) ;
#3780 = CARTESIAN_POINT ( 'NONE',  ( 8.207514964354306386, 33.28135341876724596, 35.42232282429196033 ) ) ;
#3781 = CARTESIAN_POINT ( 'NONE',  ( -18.38945964386684651, 73.62106305977275156, 4.098707616750175808E-12 ) ) ;
#3782 = CARTESIAN_POINT ( 'NONE',  ( 0.000000000000000000, 12.00000000000000355, -32.50000000000000000 ) ) ;
#3783 = CARTESIAN_POINT ( 'NONE',  ( -3.327067938475606557, 51.26480747831526941, 26.31230872116083574 ) ) ;
#3784 = CARTESIAN_POINT ( 'NONE',  ( -33.05665800908295182, 58.13272274102211412, -0.9238177901644192280 ) ) ;
#3785 = CARTESIAN_POINT ( 'NONE',  ( -29.51887892669616420, 67.10307357437886822, -5.507758374153469916 ) ) ;
#3786 = ORIENTED_EDGE ( 'NONE', *, *, #2456, .T. ) ;
#3787 = VECTOR ( 'NONE', #3923, 1000.000000000000000 ) ;
#3788 = CARTESIAN_POINT ( 'NONE',  ( 13.09761763001319856, 46.03068187745704165, 31.62044611715473508 ) ) ;
#3789 = EDGE_CURVE ( 'NONE', #3076, #3674, #854, .T. ) ;
#3790 = CARTESIAN_POINT ( 'NONE',  ( -15.99883879598721137, 58.52193368407884577, 28.41370421155709991 ) ) ;
#3791 = AXIS2_PLACEMENT_3D ( 'NONE', #688, #423, #3857 ) ;
#3792 = ORIENTED_EDGE ( 'NONE', *, *, #3881, .F. ) ;
#3793 = VECTOR ( 'NONE', #1811, 1000.000000000000000 ) ;
#3794 = CARTESIAN_POINT ( 'NONE',  ( 31.67927469333137935, 51.36842105263156100, 7.257654917702714314 ) ) ;
#3795 = CARTESIAN_POINT ( 'NONE',  ( 0.000000000000000000, 5.000000000000000000, -47.50000000000000711 ) ) ;
#3796 = CARTESIAN_POINT ( 'NONE',  ( -12.33478067921891252, 34.26315789473686380, 30.06830865871188152 ) ) ;
#3797 = LINE ( 'NONE', #3489, #3719 ) ;
#3798 = ORIENTED_EDGE ( 'NONE', *, *, #3603, .T. ) ;
#3799 = CARTESIAN_POINT ( 'NONE',  ( -23.51539685451246342, 55.93784817407677679, 27.70907790656109171 ) ) ;
#3800 = CARTESIAN_POINT ( 'NONE',  ( -4.580920135375902369, 63.94354146709173392, 24.40694924646082953 ) ) ;
#3801 = CARTESIAN_POINT ( 'NONE',  ( 4.072412033626391370, 51.68755680935232988, 26.20728515467175157 ) ) ;
#3802 = FILL_AREA_STYLE ('',( #1035 ) ) ;
#3803 = CARTESIAN_POINT ( 'NONE',  ( -21.97344162886522412, 51.07890883970446794, 14.85910557091859729 ) ) ;
#3804 = CARTESIAN_POINT ( 'NONE',  ( 0.000000000000000000, 56.52076677316293996, 0.000000000000000000 ) ) ;
#3805 = CARTESIAN_POINT ( 'NONE',  ( 18.24508605620225765, 34.85942423895345854, 31.13856331133483835 ) ) ;
#3806 = CARTESIAN_POINT ( 'NONE',  ( 4.051554379245985160, 86.15729003906359651, 14.67197629659214009 ) ) ;
#3807 = EDGE_CURVE ( 'NONE', #2858, #2890, #3303, .T. ) ;
#3808 = CARTESIAN_POINT ( 'NONE',  ( -23.09844477787997619, 77.41396916488380953, 0.4715234123968739532 ) ) ;
#3809 = EDGE_LOOP ( 'NONE', ( #3974, #750, #2074, #1392 ) ) ;
#3810 = DIRECTION ( 'NONE',  ( 0.7071067811865487940, 0.000000000000000000, 0.7071067811865463515 ) ) ;
#3811 = CARTESIAN_POINT ( 'NONE',  ( 31.02876511080851785, 34.16263011567559715, 18.64585054635088213 ) ) ;
#3812 = ORIENTED_EDGE ( 'NONE', *, *, #2520, .T. ) ;
#3813 = DIRECTION ( 'NONE',  ( 0.7071067811865475727, 0.000000000000000000, 0.7071067811865473507 ) ) ;
#3814 = DIRECTION ( 'NONE',  ( 0.000000000000000000, -0.6263567254349949875, -0.7795365626462623654 ) ) ;
#3815 = CARTESIAN_POINT ( 'NONE',  ( 16.28114696045589582, 56.68559852351454253, 39.30616580292074502 ) ) ;
#3816 = CARTESIAN_POINT ( 'NONE',  ( 14.46865140999335431, 34.26315789473685669, 34.59636001628057755 ) ) ;
#3817 = CARTESIAN_POINT ( 'NONE',  ( -6.108948503725160073, 84.97338233585580269, 9.617332393030501692 ) ) ;
#3818 = ORIENTED_EDGE ( 'NONE', *, *, #2396, .T. ) ;
#3819 = CARTESIAN_POINT ( 'NONE',  ( 13.41981373268892419, 47.65485543365473120, 34.17748620545074800 ) ) ;
#3820 = CARTESIAN_POINT ( 'NONE',  ( 10.23226214466721373, 29.71781874972134574, 30.84973042429130885 ) ) ;
#3821 = DIRECTION ( 'NONE',  ( 0.000000000000000000, 0.000000000000000000, 1.000000000000000000 ) ) ;
#3822 =( NAMED_UNIT ( * ) SI_UNIT ( $, .STERADIAN. ) SOLID_ANGLE_UNIT ( ) );
#3823 = CARTESIAN_POINT ( 'NONE',  ( -26.30469591172640165, 51.44452690963463226, 3.418532212858696351 ) ) ;
#3824 = CARTESIAN_POINT ( 'NONE',  ( 33.28425325236917587, 57.35032971424462289, 10.67549704952562273 ) ) ;
#3825 = CARTESIAN_POINT ( 'NONE',  ( -2.122567779963909551, 50.80338813355736960, 26.43491559294670168 ) ) ;
#3826 = CARTESIAN_POINT ( 'NONE',  ( 1.485436602310514553, 86.99999999999998579, 3.586161191336878495 ) ) ;
#3827 = CARTESIAN_POINT ( 'NONE',  ( -27.11582274100524970, 72.00636301304916742, -4.216067508265410879 ) ) ;
#3828 = ORIENTED_EDGE ( 'NONE', *, *, #874, .F. ) ;
#3830 = EDGE_CURVE ( 'NONE', #2971, #2049, #2363, .T. ) ;
#3829 = DIRECTION ( 'NONE',  ( 0.000000000000000000, 0.000000000000000000, 1.000000000000000000 ) ) ;
#3831 = CARTESIAN_POINT ( 'NONE',  ( 11.82496027086101087, 46.81204768824294149, 30.40675118168305247 ) ) ;
#3832 = STYLED_ITEM ( 'NONE', ( #1626 ), #3991 ) ;
#3833 = ORIENTED_EDGE ( 'NONE', *, *, #2972, .F. ) ;
#3834 = CARTESIAN_POINT ( 'NONE',  ( -4.336808689942017736E-16, 58.00000000000000711, 78.00000000000000000 ) ) ;
#3835 = CARTESIAN_POINT ( 'NONE',  ( 0.000000000000000000, 54.39583333333332149, 0.000000000000000000 ) ) ;
#3836 = CARTESIAN_POINT ( 'NONE',  ( 19.41823426297979438, 48.18850567071915947, 37.32632159937582372 ) ) ;
#3837 = DIRECTION ( 'NONE',  ( -0.000000000000000000, -0.000000000000000000, 1.000000000000000000 ) ) ;
#3838 = CARTESIAN_POINT ( 'NONE',  ( -9.812069775123568149, 73.90130994248484342, 24.49773036333414922 ) ) ;
#3839 = ORIENTED_EDGE ( 'NONE', *, *, #309, .T. ) ;
#3840 = CARTESIAN_POINT ( 'NONE',  ( -24.64281579414878465, 46.15689616777750359, 21.20698198044717486 ) ) ;
#3841 = LINE ( 'NONE', #3471, #37 ) ;
#3842 = CARTESIAN_POINT ( 'NONE',  ( -21.00866546164228410, 58.99602422893058673, 28.19939624842620418 ) ) ;
#3843 = DIRECTION ( 'NONE',  ( 0.000000000000000000, 0.000000000000000000, -1.000000000000000000 ) ) ;
#3844 = DIRECTION ( 'NONE',  ( 0.7071067811865487940, 0.000000000000000000, 0.7071067811865462405 ) ) ;
#3845 = CARTESIAN_POINT ( 'NONE',  ( -9.321613123248408073, 35.34129507159181571, 34.79676664628893690 ) ) ;
#3846 = CARTESIAN_POINT ( 'NONE',  ( 20.25154817335162249, 32.10751166617882291, 30.50419738912473377 ) ) ;
#3847 = CARTESIAN_POINT ( 'NONE',  ( 5.749036956908597951, 85.41700312878212742, 13.87940299195996907 ) ) ;
#3848 = CARTESIAN_POINT ( 'NONE',  ( -30.93208629769088347, 67.48272619416879081, -2.767088692189503707 ) ) ;
#3849 = B_SPLINE_CURVE_WITH_KNOTS ( 'NONE', 3,
 ( #1747, #519, #462, #1787, #2968, #2089, #2719, #3954, #3014, #2011, #1069, #844, #2068, #213, #1107, #1433, #3341, #3565, #1454, #2989 ),
 .UNSPECIFIED., .F., .F.,
 ( 4, 2, 2, 2, 2, 2, 2, 2, 2, 4 ),
 ( -3.616772188395102068E-05, 0.0007388591168832767337, 0.001513885955650504447, 0.003063939633184961826, 0.006164046988253881788, 0.009264154343322802618, 0.01236426169839172258, 0.01546436905346064254, 0.01856447640852956077, 0.02476469111866740069 ),
 .UNSPECIFIED. ) ;
#3850 = EDGE_LOOP ( 'NONE', ( #877, #2172, #725, #3519, #3093, #1665, #2929 ) ) ;
#3851 = DIRECTION ( 'NONE',  ( -0.08165661541242005828, -0.9307481772807315590, 0.3564267493440755330 ) ) ;
#3852 = CARTESIAN_POINT ( 'NONE',  ( 55.15432893255080415, 58.00000000000000711, 55.15432893255061231 ) ) ;
#3853 = EDGE_CURVE ( 'NONE', #3735, #720, #678, .T. ) ;
#3854 = VECTOR ( 'NONE', #1649, 1000.000000000000000 ) ;
#3855 = ORIENTED_EDGE ( 'NONE', *, *, #1650, .F. ) ;
#3856 = FACE_OUTER_BOUND ( 'NONE', #3809, .T. ) ;
#3857 = DIRECTION ( 'NONE',  ( 0.000000000000000000, -0.6263567254349980962, -0.7795365626462600339 ) ) ;
#3858 = CIRCLE ( 'NONE', #3071, 5.000000000000007105 ) ;
#3859 = CARTESIAN_POINT ( 'NONE',  ( 21.95813211816232524, 50.85064556329184882, 42.20859065063408622 ) ) ;
#3860 = ADVANCED_FACE ( 'NONE', ( #995 ), #3899, .F. ) ;
#3861 = CARTESIAN_POINT ( 'NONE',  ( -12.35693402677395980, 78.18199728595511999, 18.61877889534389396 ) ) ;
#3862 = ORIENTED_EDGE ( 'NONE', *, *, #2691, .F. ) ;
#3863 = VECTOR ( 'NONE', #578, 1000.000000000000000 ) ;
#3864 = CARTESIAN_POINT ( 'NONE',  ( -34.25809090801607937, 53.69040634110476873, 4.694509066380224915 ) ) ;
#3865 = CARTESIAN_POINT ( 'NONE',  ( 5.489459312598938823, 63.11620558361570943, 24.52881980129215833 ) ) ;
#3866 = CARTESIAN_POINT ( 'NONE',  ( -4.336808689942017736E-16, 58.00000000000000711, -47.50200000000000244 ) ) ;
#3867 = CARTESIAN_POINT ( 'NONE',  ( 33.19839116048832750, 52.94736842105261587, 11.72883531378177757 ) ) ;
#3868 = CARTESIAN_POINT ( 'NONE',  ( -24.36274528552865348, 50.08500265411121433, 10.55061799578296444 ) ) ;
#3869 = CARTESIAN_POINT ( 'NONE',  ( -27.92181365987696395, 73.46245994149606418, -0.5569382996621354831 ) ) ;
#3870 = CARTESIAN_POINT ( 'NONE',  ( 31.13829208861725206, 34.85618542921432095, 18.24634643329529382 ) ) ;
#3871 = CARTESIAN_POINT ( 'NONE',  ( 3.568646894550147497, 86.35605756125663390, 12.92321359822005178 ) ) ;
#3872 = CARTESIAN_POINT ( 'NONE',  ( -22.14683444837963222, 77.86852877074299784, 5.152763089686519749 ) ) ;
#3873 = VERTEX_POINT ( 'NONE', #3782 ) ;
#3874 = CARTESIAN_POINT ( 'NONE',  ( -34.10320308109610465, 55.38824924720215392, 2.442855864310703673 ) ) ;
#3875 = CARTESIAN_POINT ( 'NONE',  ( -15.88673732458129351, 59.97012064502743556, 28.47682078825881291 ) ) ;
#3876 = ORIENTED_EDGE ( 'NONE', *, *, #4005, .T. ) ;
#3877 = DIRECTION ( 'NONE',  ( 0.7071067811865486830, 0.000000000000000000, 0.7071067811865463515 ) ) ;
#3878 = DIRECTION ( 'NONE',  ( 1.224646799147353207E-16, -0.000000000000000000, 1.000000000000000000 ) ) ;
#3879 = DIRECTION ( 'NONE',  ( 0.7071067811865487940, 0.000000000000000000, 0.7071067811865463515 ) ) ;
#3880 = ORIENTED_EDGE ( 'NONE', *, *, #784, .T. ) ;
#3881 = EDGE_CURVE ( 'NONE', #358, #2246, #2259, .T. ) ;
#3882 = CARTESIAN_POINT ( 'NONE',  ( -31.84444058759829232, 50.75508029853610736, 6.648670844850793848 ) ) ;
#3883 = CARTESIAN_POINT ( 'NONE',  ( 5.964528178691659299, 62.55355462963534308, 24.61135726849853711 ) ) ;
#3884 = CARTESIAN_POINT ( 'NONE',  ( -21.52028377133144232, 59.14179748172054474, 28.56833010125531658 ) ) ;
#3885 =( NAMED_UNIT ( * ) PLANE_ANGLE_UNIT ( ) SI_UNIT ( $, .RADIAN. ) );
#3886 = CARTESIAN_POINT ( 'NONE',  ( -26.47135827381228168, 52.21992925149078246, 1.691606919273012322 ) ) ;
#3887 = CARTESIAN_POINT ( 'NONE',  ( -31.46060902333690379, 66.19340017598190684, -2.792818523831581246 ) ) ;
#3888 = CARTESIAN_POINT ( 'NONE',  ( 7.147950348440668122, 86.21411225158840352, 0.7824849746016455665 ) ) ;
#3889 = CARTESIAN_POINT ( 'NONE',  ( 4.105665660215390034, 29.87789323807752240, 36.99268635259307558 ) ) ;
#3890 = CARTESIAN_POINT ( 'NONE',  ( -14.40872582051607331, 77.00920805584408413, 18.55259153764082569 ) ) ;
#3891 = ORIENTED_EDGE ( 'NONE', *, *, #3550, .T. ) ;
#3892 = CARTESIAN_POINT ( 'NONE',  ( 17.58705734630046891, 80.15789473684210975, 31.00552975049192383 ) ) ;
#3893 = CARTESIAN_POINT ( 'NONE',  ( -16.00219319687597874, 57.06807793474211365, 28.41180785378807627 ) ) ;
#3894 = ORIENTED_EDGE ( 'NONE', *, *, #1371, .T. ) ;
#3895 = ADVANCED_FACE ( 'NONE', ( #3206 ), #267, .F. ) ;
#3896 = CARTESIAN_POINT ( 'NONE',  ( 20.03784457988685830, 24.69460546627323438, 25.58998181086232293 ) ) ;
#3897 = CARTESIAN_POINT ( 'NONE',  ( 19.73177238989755011, 32.67400511783727524, 30.69066334968942300 ) ) ;
#3898 = AXIS2_PLACEMENT_3D ( 'NONE', #613, #1565, #2485 ) ;
#3899 =( BOUNDED_SURFACE ( )  B_SPLINE_SURFACE ( 3, 2, ( 
 ( #2526, #3144, #2219 ),
 ( #1017, #696, #3163 ),
 ( #657, #1959, #1282 ),
 ( #3123, #2261, #957 ),
 ( #1608, #2851, #2587 ),
 ( #1652, #2197, #3824 ) ),
 .UNSPECIFIED., .F., .F., .F. ) 
 B_SPLINE_SURFACE_WITH_KNOTS ( ( 4, 2, 4 ),
 ( 3, 3 ),
 ( 0.000000000000000000, 0.003805478593788857652, 0.007610957187577715305 ),
 ( 0.000000000000000000, 1.000000000000000000 ),
 .UNSPECIFIED. ) 
 GEOMETRIC_REPRESENTATION_ITEM ( )  RATIONAL_B_SPLINE_SURFACE ( (
 ( 1.000000000000000000, 0.8912675120870079404, 1.000000000000000000),
 ( 1.000000000000000000, 0.8897143387491172062, 1.000000000000000000),
 ( 1.000000000000000000, 0.8881346977578162827, 1.000000000000000000),
 ( 1.000000000000000000, 0.8849231312383333270, 1.000000000000000000),
 ( 1.000000000000000000, 0.8832893892225132104, 1.000000000000000000),
 ( 1.000000000000000000, 0.8816340029996730943, 1.000000000000000000) ) ) 
 REPRESENTATION_ITEM ( '' )  SURFACE ( )  );
#3900 = CARTESIAN_POINT ( 'NONE',  ( -10.08091324181432569, 75.30258016495577067, 23.12024052159775067 ) ) ;
#3901 = VERTEX_POINT ( 'NONE', #3867 ) ;
#3902 = CARTESIAN_POINT ( 'NONE',  ( -28.90563193608798542, 48.86974622333381291, 14.86283632896519435 ) ) ;
#3903 = CARTESIAN_POINT ( 'NONE',  ( -33.58898631992344974, 58.00000000000000711, -33.58898631992332895 ) ) ;
#3904 = CARTESIAN_POINT ( 'NONE',  ( -16.90043718088762148, 57.57691095212819477, 20.33838488354886564 ) ) ;
#3905 = EDGE_CURVE ( 'NONE', #1181, #3469, #2254, .T. ) ;
#3906 = CARTESIAN_POINT ( 'NONE',  ( 32.06696116213201719, 41.78760866336961755, 15.85006680201931850 ) ) ;
#3907 = CARTESIAN_POINT ( 'NONE',  ( 30.57332037436139416, 32.28159189411586993, 20.07328975452636399 ) ) ;
#3908 = FACE_OUTER_BOUND ( 'NONE', #170, .T. ) ;
#3909 = CARTESIAN_POINT ( 'NONE',  ( -16.63390903887336236, 74.35105292593000570, 19.95423697359396797 ) ) ;
#3910 = CARTESIAN_POINT ( 'NONE',  ( -2.731500098517959163, 24.32948491381568701, 32.38674998323256204 ) ) ;
#3911 = CARTESIAN_POINT ( 'NONE',  ( 3.980102097228897837E-15, 57.00000000000000000, 32.50000000000000000 ) ) ;
#3912 = CARTESIAN_POINT ( 'NONE',  ( -32.86733687476088051, 49.89978101369101893, 15.10989227175180183 ) ) ;
#3913 = CARTESIAN_POINT ( 'NONE',  ( -15.63756116748418812, 54.58682615403548510, 31.38516826352076450 ) ) ;
#3914 = CYLINDRICAL_SURFACE ( 'NONE', #1951, 32.50000000000000000 ) ;
#3915 = EDGE_LOOP ( 'NONE', ( #1786, #3750, #2600, #1845 ) ) ;
#3916 = CARTESIAN_POINT ( 'NONE',  ( 22.45879242453267111, 24.00095808342509329, 23.50267864219416225 ) ) ;
#3917 = CARTESIAN_POINT ( 'NONE',  ( 18.77056889939390061, 33.94503157713148767, 30.99464914482178202 ) ) ;
#3918 = CARTESIAN_POINT ( 'NONE',  ( -15.70031491041053862, 45.93104851012675027, 28.51626888018029149 ) ) ;
#3919 = EDGE_LOOP ( 'NONE', ( #1985, #2144, #3880, #1883, #2330 ) ) ;
#3920 = CARTESIAN_POINT ( 'NONE',  ( -27.40019212129940129, 49.18548255168310845, 17.48887422490879473 ) ) ;
#3921 = CARTESIAN_POINT ( 'NONE',  ( -8.673617379884035472E-16, 39.00000000000000711, 53.00000000000000000 ) ) ;
#3922 = AXIS2_PLACEMENT_3D ( 'NONE', #66, #2556, #3814 ) ;
#3923 = DIRECTION ( 'NONE',  ( 0.2511310285135394116, -0.7545548334713102490, 0.6062839349700890335 ) ) ;
#3924 = CARTESIAN_POINT ( 'NONE',  ( -32.36261030010680173, 63.73478061552525986, -2.452252214331228863 ) ) ;
#3925 = AXIS2_PLACEMENT_3D ( 'NONE', #4024, #1812, #3986 ) ;
#3926 = CARTESIAN_POINT ( 'NONE',  ( 29.06092340384870809, 29.87789323807752240, 23.25463534460252291 ) ) ;
#3927 = CARTESIAN_POINT ( 'NONE',  ( 11.35386793324211219, 75.43361133462273926, 27.41066194983237025 ) ) ;
#3928 = CARTESIAN_POINT ( 'NONE',  ( -23.19977630970100080, 78.61825323794485598, 7.951201394302700010 ) ) ;
#3929 = CARTESIAN_POINT ( 'NONE',  ( -6.055232788002820499, 30.97887541810137080, 32.05054974132697510 ) ) ;
#3930 = ORIENTED_EDGE ( 'NONE', *, *, #1149, .F. ) ;
#3931 = CARTESIAN_POINT ( 'NONE',  ( -23.67643061164556073, 55.72047082957703168, 27.58745744819377066 ) ) ;
#3932 = DIRECTION ( 'NONE',  ( 0.000000000000000000, -0.3149873773017536349, -0.9490958603537172911 ) ) ;
#3933 = EDGE_CURVE ( 'NONE', #2944, #2010, #2062, .T. ) ;
#3934 = CARTESIAN_POINT ( 'NONE',  ( 22.92593835148517911, 52.28680454145206369, 44.06893728265687571 ) ) ;
#3935 = CARTESIAN_POINT ( 'NONE',  ( 12.06777241958256930, 43.59247686619589501, 33.54994094524803927 ) ) ;
#3936 = ORIENTED_EDGE ( 'NONE', *, *, #630, .F. ) ;
#3937 = CARTESIAN_POINT ( 'NONE',  ( 23.47862123567961490, 24.01644428610117288, 22.47524468150683319 ) ) ;
#3938 = CARTESIAN_POINT ( 'NONE',  ( 24.31507598567074524, 29.41643835194564360, 28.37055354504582283 ) ) ;
#3939 = EDGE_LOOP ( 'NONE', ( #2762, #885, #279, #948 ) ) ;
#3940 = CARTESIAN_POINT ( 'NONE',  ( -31.74704779524707732, 47.23413238814741533, 6.968770820529537779 ) ) ;
#3941 = PLANE ( 'NONE',  #1303 ) ;
#3942 = CARTESIAN_POINT ( 'NONE',  ( -26.52160943010025562, 75.54962828654643658, 1.410563938249689953 ) ) ;
#3943 = CARTESIAN_POINT ( 'NONE',  ( 16.36310013695436538, 83.45906079975716807, 5.560281942784070175 ) ) ;
#3944 = CARTESIAN_POINT ( 'NONE',  ( -8.643460422886283467, 33.94472182612308586, 35.18946176681480154 ) ) ;
#3945 = CARTESIAN_POINT ( 'NONE',  ( -23.73253327519365996, 78.32827610801884077, 6.730663722102455004 ) ) ;
#3946 = CARTESIAN_POINT ( 'NONE',  ( -1.489092604326487601, 29.10282378197008057, 32.47897719959723872 ) ) ;
#3947 = VERTEX_POINT ( 'NONE', #53 ) ;
#3948 = CARTESIAN_POINT ( 'NONE',  ( -34.18499569228534085, 54.59812260377326965, 3.415871814484041646 ) ) ;
#3949 = CARTESIAN_POINT ( 'NONE',  ( 12.61471269597568678, 57.50560272414477225, 23.22131441377385386 ) ) ;
#3950 = CARTESIAN_POINT ( 'NONE',  ( 24.43128864869716921, 56.47535543552213255, 46.96256749395173102 ) ) ;
#3951 = FACE_OUTER_BOUND ( 'NONE', #518, .T. ) ;
#3952 = ORIENTED_EDGE ( 'NONE', *, *, #252, .T. ) ;
#3953 = ADVANCED_FACE ( 'NONE', ( #1320 ), #3554, .F. ) ;
#3954 = CARTESIAN_POINT ( 'NONE',  ( 4.107221099298802969, 86.75393693918810811, 0.4282946021272748816 ) ) ;
#3955 = CARTESIAN_POINT ( 'NONE',  ( 20.78993588082235178, 29.43073347734134515, 25.04130519863472060 ) ) ;
#3956 = ORIENTED_EDGE ( 'NONE', *, *, #3905, .F. ) ;
#3957 = CARTESIAN_POINT ( 'NONE',  ( 20.80645130446024282, 63.63596993868272733, 13.77441954624655729 ) ) ;
#3958 = AXIS2_PLACEMENT_3D ( 'NONE', #1022, #1347, #2592 ) ;
#3959 = CARTESIAN_POINT ( 'NONE',  ( 58.68986283848354191, 77.00000000000000000, 51.61879502661786745 ) ) ;
#3960 = CARTESIAN_POINT ( 'NONE',  ( 15.38647584752152042, 83.90734185969863290, 5.133218187473636007 ) ) ;
#3961 = PRESENTATION_LAYER_ASSIGNMENT (  '', '', ( #3832 ) ) ;
#3962 = ORIENTED_EDGE ( 'NONE', *, *, #1223, .F. ) ;
#3963 = DIRECTION ( 'NONE',  ( 0.7071067811865487940, 0.000000000000000000, 0.7071067811865463515 ) ) ;
#3964 = FACE_OUTER_BOUND ( 'NONE', #2502, .T. ) ;
#3965 = CARTESIAN_POINT ( 'NONE',  ( 0.5160759984304289505, 29.00970577672381623, 37.49416769009184947 ) ) ;
#3966 = B_SPLINE_CURVE_WITH_KNOTS ( 'NONE', 3,
 ( #3665, #862, #1802, #3049, #424, #1028, #2908, #1840, #619, #313, #2181, #2432, #1513, #4033, #3683, #601, #3456, #1530, #919, #2756, #2509, #2142, #4013, #2777, #880, #1224, #2736, #3744, #2125, #958, #2162, #660, #2815, #3415, #249, #1859, #937, #3376, #2199, #3395, #1264, #579, #1203, #3106, #1899, #3088, #2797, #640, #1819, #3435, #274, #2449 ),
 .UNSPECIFIED., .F., .F.,
 ( 4, 2, 2, 2, 2, 2, 2, 2, 2, 2, 2, 2, 2, 2, 2, 2, 2, 2, 2, 2, 2, 2, 2, 2, 2, 4 ),
 ( 0.000000000000000000, 0.003564701386397602263, 0.005347052079596401226, 0.007129402772795199322, 0.01069410415919279725, 0.01247645485239157366, 0.01425880554559035181, 0.01604115623878913169, 0.01782350693198790983, 0.02138820831838550082, 0.02317055901158431019, 0.02495290970478311610, 0.02673526039798192547, 0.02851761109118073137, 0.03029996178437954421, 0.03208231247757835358, 0.03564701386397597233, 0.03742936455717478517, 0.03921171525037359801, 0.04277641663677120981, 0.04455876732997002265, 0.04634111802316882855, 0.04990581940956643342, 0.05168817010276524626, 0.05347052079596403829, 0.05703522218236168478 ),
 .UNSPECIFIED. ) ;
#3967 = CARTESIAN_POINT ( 'NONE',  ( -16.51736306495020656, 67.56390738358801684, 25.08897394267864556 ) ) ;
#3968 = CARTESIAN_POINT ( 'NONE',  ( -7.236404801191724800, 32.09344553598318583, 35.89580225098136168 ) ) ;
#3969 = LINE ( 'NONE', #1101, #1298 ) ;
#3970 = FACE_OUTER_BOUND ( 'NONE', #2739, .T. ) ;
#3971 = CARTESIAN_POINT ( 'NONE',  ( 33.22356168577722713, 57.99999999997204014, 10.59614468780761776 ) ) ;
#3972 = CARTESIAN_POINT ( 'NONE',  ( 10.49650221483417489, 45.92426228945075195, 33.25979738094802229 ) ) ;
#3973 = CARTESIAN_POINT ( 'NONE',  ( -2.001726997164020626E-14, 87.00000000000000000, 0.000000000000000000 ) ) ;
#3974 = ORIENTED_EDGE ( 'NONE', *, *, #1898, .F. ) ;
#3975 = CARTESIAN_POINT ( 'NONE',  ( 19.50073752179323350, 50.57510599453611633, 17.97309704065715152 ) ) ;
#3976 = CARTESIAN_POINT ( 'NONE',  ( 21.22713208549485842, 24.25121819337672591, 24.61246115564685510 ) ) ;
#3977 = EDGE_CURVE ( 'NONE', #3128, #3873, #2258, .T. ) ;
#3978 = B_SPLINE_CURVE_WITH_KNOTS ( 'NONE', 3,
 ( #3311, #1701, #1390, #1761 ),
 .UNSPECIFIED., .F., .F.,
 ( 4, 4 ),
 ( 2.030372883342627121E-07, 0.001497819314018986872 ),
 .UNSPECIFIED. ) ;
#3979 = ORIENTED_EDGE ( 'NONE', *, *, #3199, .F. ) ;
#3980 = CARTESIAN_POINT ( 'NONE',  ( 16.23469715533791202, 65.40232437666695375, 17.97592390572602028 ) ) ;
#3981 = CARTESIAN_POINT ( 'NONE',  ( -32.36167229949565893, 57.47127007032706558, -2.995357404393564682 ) ) ;
#3982 = ADVANCED_FACE ( 'NONE', ( #3535 ), #736, .F. ) ;
#3983 = CARTESIAN_POINT ( 'NONE',  ( -15.99964000431694089, 58.44754943594466567, 31.06879213703801668 ) ) ;
#3984 = ORIENTED_EDGE ( 'NONE', *, *, #3488, .F. ) ;
#3985 = CARTESIAN_POINT ( 'NONE',  ( -9.488292830168385095, 80.15789473684210975, 21.54020109371995773 ) ) ;
#3986 = DIRECTION ( 'NONE',  ( 0.7071067811865460184, 0.000000000000000000, -0.7071067811865487940 ) ) ;
#3987 = AXIS2_PLACEMENT_3D ( 'NONE', #2403, #3963, #1155 ) ;
#3988 = CARTESIAN_POINT ( 'NONE',  ( -32.39402356446497322, 56.62984636079062284, -2.628880053670542338 ) ) ;
#3989 = CARTESIAN_POINT ( 'NONE',  ( -13.46773156970134266, 66.52540317370257128, 27.10471636893606373 ) ) ;
#3990 = CARTESIAN_POINT ( 'NONE',  ( -3.006172073957234403, 29.43073347733863798, 32.40758135748344415 ) ) ;
#3991 = MANIFOLD_SOLID_BREP ( 'Fillet3', #3459 ) ;
#3992 = EDGE_LOOP ( 'NONE', ( #2654, #1316, #1310, #2554, #3417, #522, #2265, #2493, #3792 ) ) ;
#3993 = CIRCLE ( 'NONE', #3075, 26.51916932907348468 ) ;
#3994 = CARTESIAN_POINT ( 'NONE',  ( 5.000000000000003553, 39.00000000000000711, 53.00000000000000000 ) ) ;
#3995 = DIRECTION ( 'NONE',  ( 0.000000000000000000, 0.000000000000000000, 1.000000000000000000 ) ) ;
#3996 = DIRECTION ( 'NONE',  ( -0.6916548014802254007, 0.2079116908177597867, 0.6916548014802255118 ) ) ;
#3997 = CARTESIAN_POINT ( 'NONE',  ( -31.55103222300557775, 65.96620910261593451, -2.787036261015247707 ) ) ;
#3998 = ORIENTED_EDGE ( 'NONE', *, *, #950, .F. ) ;
#3999 = CARTESIAN_POINT ( 'NONE',  ( 22.48400915354035234, 24.00121593599502390, 23.47733549846759260 ) ) ;
#4000 = ORIENTED_EDGE ( 'NONE', *, *, #2821, .T. ) ;
#4001 = CARTESIAN_POINT ( 'NONE',  ( 17.44560014105931245, 65.49985311374788921, 16.74446348778498361 ) ) ;
#4002 = CYLINDRICAL_SURFACE ( 'NONE', #3266, 16.00000000000001421 ) ;
#4003 = DIRECTION ( 'NONE',  ( -0.6916548014802255118, 0.2079116908177598144, 0.6916548014802256228 ) ) ;
#4004 = EDGE_LOOP ( 'NONE', ( #682, #2204, #2007, #3998, #3833, #3855 ) ) ;
#4005 = EDGE_CURVE ( 'NONE', #3610, #2944, #3513, .T. ) ;
#4006 = FACE_OUTER_BOUND ( 'NONE', #378, .T. ) ;
#4007 = CARTESIAN_POINT ( 'NONE',  ( -24.87953022503042888, 46.01865232074838730, 20.92797186962458156 ) ) ;
#4008 = CARTESIAN_POINT ( 'NONE',  ( -15.44076896842195623, 59.06368861085487509, 28.34404713211439031 ) ) ;
#4009 = CARTESIAN_POINT ( 'NONE',  ( 8.756042859381354404, 34.16263011567514241, 35.12525758401351794 ) ) ;
#4010 = CARTESIAN_POINT ( 'NONE',  ( 0.000000000000000000, 12.00000000000000000, -47.50000000000000711 ) ) ;
#4011 = CARTESIAN_POINT ( 'NONE',  ( -25.13119791675664771, 60.57138248914498035, -6.185979228159788512 ) ) ;
#4012 = CARTESIAN_POINT ( 'NONE',  ( -8.673617379884035472E-16, 39.00000000000000711, 53.00000000000000000 ) ) ;
#4013 = CARTESIAN_POINT ( 'NONE',  ( -23.33310091409578746, 77.17590775778066359, 0.1363276935912840770 ) ) ;
#4014 = FACE_OUTER_BOUND ( 'NONE', #710, .T. ) ;
#4015 = ORIENTED_EDGE ( 'NONE', *, *, #1397, .T. ) ;
#4016 = CARTESIAN_POINT ( 'NONE',  ( 33.19839116048832750, 52.94736842105261587, 11.72883531378177757 ) ) ;
#4017 = CARTESIAN_POINT ( 'NONE',  ( 30.01743027177963441, 31.05094393605226344, 21.42916384387383744 ) ) ;
#4018 = EDGE_LOOP ( 'NONE', ( #3962, #1826, #563, #2270, #871, #1760, #2154, #3956, #3624 ) ) ;
#4019 = CARTESIAN_POINT ( 'NONE',  ( 18.50245200514170918, 65.24562048302937001, 15.74117323344131592 ) ) ;
#4020 = CARTESIAN_POINT ( 'NONE',  ( -32.53885102025645892, 56.23818904702547883, -0.2250716889412184840 ) ) ;
#4021 = CARTESIAN_POINT ( 'NONE',  ( -15.91022862016785666, 59.74677407756233549, 31.14783979971666383 ) ) ;
#4022 = ORIENTED_EDGE ( 'NONE', *, *, #1682, .T. ) ;
#4023 = VECTOR ( 'NONE', #1278, 1000.000000000000000 ) ;
#4024 = CARTESIAN_POINT ( 'NONE',  ( 37.47665940288707986, 77.00000000000000000, 37.47665940288695197 ) ) ;
#4025 = CARTESIAN_POINT ( 'NONE',  ( -32.49892884625196388, 52.22218293755005192, 0.3958630497291839578 ) ) ;
#4026 = AXIS2_PLACEMENT_3D ( 'NONE', #247, #3374, #3681 ) ;
#4027 = ADVANCED_FACE ( 'NONE', ( #3204 ), #1359, .F. ) ;
#4028 = CARTESIAN_POINT ( 'NONE',  ( -14.37997754978429654, 62.26534776746716915, 28.18620004842191307 ) ) ;
#4029 = CARTESIAN_POINT ( 'NONE',  ( 3.583736662758188807, 29.66053149002242151, 37.11452893608885972 ) ) ;
#4030 = CARTESIAN_POINT ( 'NONE',  ( -16.85986805445016401, 74.62180738948913472, 3.952555746697690608 ) ) ;
#4031 = CARTESIAN_POINT ( 'NONE',  ( 33.13763575663907091, 57.37069138157782788, 10.52771860900279322 ) ) ;
#4032 = CARTESIAN_POINT ( 'NONE',  ( -32.36267363887630211, 57.00000000000000000, -2.984519214811831578 ) ) ;
#4033 = CARTESIAN_POINT ( 'NONE',  ( -27.90170146604980062, 70.57542339681634758, -4.806130605337417094 ) ) ;
#4034 = EDGE_CURVE ( 'NONE', #384, #502, #2283, .T. ) ;
#4035 = CARTESIAN_POINT ( 'NONE',  ( -4.480172637713812911, 86.23894746343120232, 5.573478063064573718 ) ) ;
#4036 = ORIENTED_EDGE ( 'NONE', *, *, #874, .T. ) ;
#4037 = CARTESIAN_POINT ( 'NONE',  ( 19.35573128303073176, 50.54719267866107657, 18.12920848837016408 ) ) ;
#4038 = CARTESIAN_POINT ( 'NONE',  ( 24.15594039946662264, 29.12634178646219496, 21.76939625499316833 ) ) ;
#4039 = EDGE_CURVE ( 'NONE', #1432, #28, #2918, .T. ) ;
#4040 = ORIENTED_EDGE ( 'NONE', *, *, #1682, .F. ) ;
#4041 = CARTESIAN_POINT ( 'NONE',  ( 0.000000000000000000, 54.39583333333332149, 0.000000000000000000 ) ) ;
#4042 = B_SPLINE_CURVE_WITH_KNOTS ( 'NONE', 3,
 ( #4016, #296, #3439, #2416 ),
 .UNSPECIFIED., .F., .F.,
 ( 4, 4 ),
 ( 0.000000000000000000, 0.004562811425573449695 ),
 .UNSPECIFIED. ) ;
#4043 = CARTESIAN_POINT ( 'NONE',  ( -1.414035879200780776, 86.92456664165743518, 2.603846487121206366 ) ) ;
#4044 = VERTEX_POINT ( 'NONE', #1999 ) ;
#4045 = DIRECTION ( 'NONE',  ( 1.000000000000000000, 0.000000000000000000, 0.000000000000000000 ) ) ;
#4046 = CARTESIAN_POINT ( 'NONE',  ( -21.62617086702312363, 48.61157672147477626, 24.27145449890968365 ) ) ;
#4047 = AXIS2_PLACEMENT_3D ( 'NONE', #2871, #3493, #387 ) ;
#4048 = CARTESIAN_POINT ( 'NONE',  ( -16.33612304949347660, 68.98137099568148756, 24.43539184438586531 ) ) ;
#4049 = CARTESIAN_POINT ( 'NONE',  ( 4.658857661624150381, 24.99079723495377081, 32.16592507800798728 ) ) ;
#4050 = CARTESIAN_POINT ( 'NONE',  ( -21.43083295636215269, 69.17482939931623775, -5.530517393519983393 ) ) ;
#4051 = EDGE_CURVE ( 'NONE', #2718, #3234, #765, .T. ) ;
#4052 = CYLINDRICAL_SURFACE ( 'NONE', #2779, 26.51916932907348468 ) ;
#4053 = AXIS2_PLACEMENT_3D ( 'NONE', #3835, #3878, #3216 ) ;
#4054 = DIRECTION ( 'NONE',  ( 0.7071067811865463515, 0.000000000000000000, -0.7071067811865487940 ) ) ;
#4055 = FACE_OUTER_BOUND ( 'NONE', #3569, .T. ) ;
#4056 =( BOUNDED_SURFACE ( )  B_SPLINE_SURFACE ( 3, 2, ( 
 ( #3501, #85, #2904 ),
 ( #1002, #703, #666 ),
 ( #3521, #1309, #1637 ),
 ( #1903, #3831, #2881 ) ),
 .UNSPECIFIED., .F., .F., .F. ) 
 B_SPLINE_SURFACE_WITH_KNOTS ( ( 4, 4 ),
 ( 3, 3 ),
 ( 1.960086412494429942, 2.072916814827337362 ),
 ( 0.000000000000000000, 1.000000000000000000 ),
 .UNSPECIFIED. ) 
 GEOMETRIC_REPRESENTATION_ITEM ( )  RATIONAL_B_SPLINE_SURFACE ( (
 ( 1.000000000000000000, 0.8246547166311788413, 1.000000000000000000),
 ( 1.000000000000000000, 0.8346636526279114232, 1.000000000000000000),
 ( 1.000000000000000000, 0.8442585452015545222, 1.000000000000000000),
 ( 1.000000000000000000, 0.8534218316833629414, 1.000000000000000000) ) ) 
 REPRESENTATION_ITEM ( '' )  SURFACE ( )  );
#4057 = CARTESIAN_POINT ( 'NONE',  ( -32.22449607450365505, 64.14116715501681654, -2.547186110269795023 ) ) ;
#4058 = VECTOR ( 'NONE', #888, 1000.000000000000227 ) ;
ENDSEC;
END-ISO-10303-21;
